Index,demand
0,0.043135803
1,0.026607055
2,0.021787629
3,0.008178812
4,0.03849351
5,-0.00027451228
6,0.03302563
7,0.077473976
8,0.03487195
9,0.04741815
10,0.03806413
11,0.23221824
12,0.22911948
13,0.023046046
14,0.06316085
15,0.020387007
16,0.16439687
17,0.048052534
18,0.112454236
19,0.056173105
20,0.011425741
21,0.008462801
22,0.06977001
23,0.05585716
24,0.4541695
25,0.09008947
26,0.04632964
27,0.09365674
28,0.042327255
29,0.0088876495
30,0.031667423
31,0.026095368
32,0.02924708
33,0.076989315
34,0.29324543
35,0.42633203
36,0.034553267
37,0.02784925
38,0.080325775
39,0.12573984
40,0.006120352
41,0.0032659692
42,0.014581068
43,0.050693423
44,0.04638137
45,0.0505714
46,0.056562763
47,0.4308562
48,0.11956863
49,0.092980735
50,0.27432773
51,0.07487751
52,0.027452359
53,0.19185635
54,0.019740826
55,0.063979216
56,0.11289703
57,0.025965773
58,0.037276078
59,0.036338016
60,0.021885833
61,0.101301156
62,0.097694635
63,0.083545305
64,0.02933377
65,0.40500015
66,0.0355119
67,0.065656595
68,0.05737177
69,0.06372049
70,0.0344567
71,0.03457511
72,0.0049476
73,0.031325255
74,0.050002392
75,0.03244803
76,0.05882698
77,0.12754664
78,0.1608497
79,0.049123775
80,0.045290958
81,0.01612003
82,0.016684223
83,0.08834529
84,0.11135482
85,0.04448112
86,0.12783238
87,0.4416059
88,0.07049822
89,0.032837544
90,0.020413006
91,0.038997404
92,0.111100756
93,0.08168002
94,0.15091982
95,0.020023936
96,0.066348895
97,0.052823957
98,0.012998925
99,0.01231728
100,0.029406268
101,0.02798885
102,0.03503727
103,0.15279566
104,0.054913227
105,0.040004015
106,0.034682613
107,0.100291334
108,0.5305064
109,0.03267415
110,0.02385959
111,0.023016546
112,0.051412553
113,0.054382123
114,0.030284902
115,0.10664992
116,0.16435611
117,0.10040154
118,0.0903647
119,0.06019393
120,0.036916476
121,0.034712862
122,0.028207306
123,0.039734334
124,0.0032188478
125,0.05663229
126,0.05975743
127,0.22428276
128,0.016468393
129,0.052205887
130,0.033758327
131,0.01970744
132,0.016151752
133,0.02454875
134,0.04189056
135,0.02505873
136,0.073224865
137,0.1542603
138,0.26631516
139,0.04286247
140,0.04464317
141,0.098564655
142,0.06452561
143,0.01707905
144,0.07857984
145,0.016487712
146,0.014585465
147,0.031617437
148,0.124936834
149,0.029625647
150,0.024896905
151,0.03178813
152,0.06831337
153,0.078180015
154,0.15329853
155,0.10723031
156,0.24324149
157,0.07277599
158,0.042169046
159,0.022205349
160,0.0539174
161,0.04583078
162,0.080342464
163,0.04097027
164,0.65558386
165,0.112546384
166,0.022173459
167,0.12124566
168,0.061622206
169,0.048697203
170,0.020447105
171,0.021897335
172,0.0096145
173,0.041933008
174,0.0163021
175,0.02197469
176,0.08574785
177,0.050799027
178,0.087583944
179,0.071671575
180,0.11917865
181,0.23695558
182,0.38451973
183,0.07437278
184,0.025212958
185,0.08074839
186,0.018590273
187,0.04862364
188,0.008059065
189,0.057670288
190,0.057204697
191,0.13940829
192,0.061082292
193,0.097676836
194,0.0449881
195,0.06852744
196,0.019072518
197,0.023498232
198,0.116044275
199,0.034507956
200,0.061849996
201,0.041493732
202,0.010519023
203,0.02653749
204,0.048758674
205,0.068211794
206,0.08672558
207,0.1445363
208,0.13551521
209,0.17161168
210,0.10919324
211,0.11695776
212,0.010056013
213,0.095873445
214,0.055928186
215,0.008981211
216,0.04335225
217,0.09257684
218,0.032645583
219,0.022764614
220,0.051933616
221,0.042544153
222,0.013171788
223,0.05786775
224,0.08308384
225,0.03489239
226,0.06345061
227,0.023278987
228,0.031390034
229,0.06526901
230,0.036632415
231,0.039759293
232,0.074276105
233,0.14626426
234,0.3146596
235,0.12827244
236,0.122694395
237,0.07065328
238,0.08975135
239,0.085943215
240,0.0892926
241,0.058134984
242,0.020057665
243,0.27016893
244,0.0683705
245,0.085437134
246,0.05864503
247,0.088630885
248,0.018936103
249,0.028726952
250,0.010482319
251,0.02148915
252,0.017013354
253,0.050599102
254,0.117839634
255,0.06407826
256,0.04618265
257,0.12913212
258,0.29234698
259,0.12206328
260,0.016954165
261,0.241898
262,0.06755048
263,0.36424515
264,0.16850702
265,0.06642986
266,0.017972078
267,0.046712816
268,0.017638795
269,0.1038567
270,0.25864202
271,0.044848204
272,0.39024642
273,0.09175511
274,0.0801841
275,0.016199887
276,0.019929182
277,0.058538947
278,0.08126996
279,0.015814427
280,0.14590815
281,0.26475006
282,0.14999974
283,0.09278982
284,0.039019205
285,0.13113154
286,0.17069566
287,0.2521094
288,0.059363376
289,0.05892078
290,0.020480495
291,0.05727478
292,0.45552215
293,0.04246189
294,0.064673275
295,0.28851315
296,0.27117202
297,0.014947364
298,0.016010407
299,0.04222615
300,0.06732906
301,0.14329018
302,0.25336406
303,0.1149454
304,0.11485747
305,0.2620614
306,0.24753973
307,0.15792906
308,0.2548183
309,0.38339683
310,0.07857451
311,0.018390719
312,0.042442277
313,0.08297353
314,0.05514453
315,0.15870774
316,0.8469804
317,0.0061833044
318,0.050287426
319,0.40105712
320,0.014056027
321,0.05012239
322,0.27183193
323,0.013459396
324,0.050585534
325,0.0886064
326,0.02229683
327,0.047148064
328,0.1489839
329,0.06861115
330,0.09320026
331,0.18509342
332,0.16143277
333,0.2473505
334,0.3043918
335,0.13595204
336,0.02739604
337,0.26784673
338,0.26125556
339,0.13114308
340,0.791967
341,0.43934014
342,0.27270263
343,0.025423568
344,0.114666164
345,0.05520944
346,0.03233879
347,0.013134145
348,0.022229355
349,0.06758637
350,0.0046493444
351,0.013941146
352,0.037695702
353,0.06213215
354,0.13894314
355,0.12588504
356,0.14059204
357,0.09225487
358,0.13576052
359,0.11470295
360,0.029545406
361,0.12914392
362,0.27651915
363,0.02210388
364,0.07201431
365,0.67504793
366,0.85109025
367,0.42245334
368,0.006144896
369,0.027968103
370,0.017600125
371,0.047512576
372,0.29654905
373,0.07650576
374,0.020555586
375,0.062534176
376,0.05082071
377,0.064094394
378,0.06909115
379,0.05823383
380,0.012909034
381,0.25199214
382,0.021575991
383,0.04219052
384,0.13294423
385,0.12060435
386,0.060870647
387,0.044357266
388,0.08654703
389,0.08934002
390,0.024460103
391,0.11062729
392,0.10579352
393,0.121583015
394,0.7028672
395,0.87604636
396,0.4587744
397,0.062594
398,0.03036913
399,0.10900837
400,0.094537064
401,0.25410074
402,0.046672132
403,0.071070686
404,0.02122229
405,0.060592785
406,0.13113526
407,0.24774429
408,0.06289307
409,0.52911276
410,0.26956955
411,0.17417593
412,0.1559442
413,0.11906107
414,0.06951149
415,0.14423119
416,0.05435026
417,0.034906365
418,0.026893407
419,0.113089666
420,0.13511792
421,0.04980858
422,0.09898287
423,0.029427687
424,0.74575764
425,0.91205436
426,0.86695147
427,0.06975072
428,0.036747
429,0.24659805
430,0.1489013
431,0.031686362
432,0.009929707
433,0.017752439
434,0.017227769
435,0.060308043
436,0.13540384
437,0.055107057
438,0.41531888
439,0.49285954
440,0.09224478
441,0.13279133
442,0.113456845
443,0.28070265
444,0.08176733
445,0.25393432
446,0.08843707
447,0.035396304
448,0.09713505
449,0.10097891
450,0.1028803
451,0.050539177
452,0.023989448
453,0.2877538
454,0.40654466
455,0.17028861
456,0.07350062
457,0.02860031
458,0.24719186
459,0.078869835
460,0.29222465
461,0.03306955
462,0.039922133
463,0.054958668
464,0.016908629
465,0.019834947
466,0.050674364
467,0.050961886
468,0.2643173
469,0.60417366
470,0.44814545
471,0.396917
472,0.1231836
473,0.18052492
474,0.24730018
475,0.4367418
476,0.0756873
477,0.03396606
478,0.04469075
479,0.035209816
480,0.24675569
481,0.1449136
482,0.072989255
483,0.30964392
484,0.27981147
485,0.28392756
486,0.92327946
487,0.098711774
488,0.020607227
489,0.14124759
490,0.25464115
491,0.019348633
492,0.06178948
493,0.42892745
494,0.0055173617
495,0.073930115
496,0.04133784
497,0.046468526
498,0.068596095
499,0.24521078
500,0.4070146
501,0.38644817
502,0.5580602
503,0.40102625
504,0.18509184
505,0.17871693
506,0.24209487
507,0.0153597705
508,0.028747551
509,0.16345192
510,0.08679823
511,0.04700637
512,0.16380413
513,0.19354479
514,0.5495655
515,0.15706031
516,0.0069976617
517,0.0676662
518,0.11955156
519,0.07997598
520,0.04960307
521,0.010602716
522,0.0076027745
523,0.014431473
524,0.0344002
525,0.06434924
526,0.11613108
527,0.122090295
528,0.13896023
529,0.43768993
530,0.76691484
531,0.4116741
532,0.45764235
533,0.63368183
534,0.09634054
535,0.018553702
536,0.06566082
537,0.06757195
538,0.14656053
539,0.1752968
540,0.06587241
541,0.029332409
542,0.058302827
543,0.15508668
544,0.016898442
545,0.005520834
546,0.055834543
547,0.13257672
548,0.023074625
549,0.016680185
550,0.037797708
551,0.019395139
552,0.008969703
553,0.03623992
554,0.114283815
555,0.07084938
556,0.08240753
557,0.24898179
558,0.43942016
559,0.37216976
560,0.63260794
561,0.61496925
562,0.410983
563,0.11822995
564,0.04913508
565,0.022613956
566,0.05361162
567,0.14629698
568,0.016654605
569,0.031209117
570,0.43819353
571,0.04837253
572,0.021552365
573,0.06482263
574,0.036069557
575,0.08675452
576,0.043863576
577,0.05169397
578,0.023315076
579,0.046452384
580,0.014676683
581,0.015487383
582,0.033602204
583,0.10351275
584,0.13376038
585,0.5180397
586,0.40074924
587,0.24285565
588,0.8678036
589,0.40558586
590,0.46266338
591,0.10767727
592,0.03984396
593,0.030295279
594,0.04357508
595,0.059993397
596,0.05800976
597,0.04244006
598,0.052938446
599,0.41673005
600,0.08852292
601,0.26850826
602,0.03571169
603,0.09265825
604,0.13291547
605,0.14742108
606,0.26403052
607,0.042200256
608,0.03424327
609,0.05120237
610,0.181056
611,0.4766299
612,0.39936203
613,0.2884374
614,0.14637907
615,0.41101435
616,0.17227961
617,0.055174198
618,0.022214489
619,0.060331807
620,0.031381696
621,0.12411538
622,0.2693785
623,0.034968942
624,0.29192165
625,0.03566064
626,0.0688719
627,0.18179373
628,0.057643298
629,0.013055067
630,0.14309295
631,0.15994683
632,0.044320475
633,0.23750025
634,0.27102616
635,0.07948008
636,0.087467
637,0.028472496
638,0.0955738
639,0.09394384
640,0.044734597
641,0.13614887
642,0.2442617
643,0.047830954
644,0.029294854
645,0.009846383
646,0.13217941
647,0.011897703
648,0.015097653
649,0.09958257
650,0.040242475
651,0.039708175
652,0.1434143
653,0.04091826
654,0.064715706
655,0.008643771
656,0.056886647
657,0.17245232
658,0.40876627
659,0.37473422
660,0.01264689
661,0.02029393
662,0.020675058
663,0.032647353
664,0.060405575
665,0.022395868
666,0.057631493
667,0.1529669
668,0.015476132
669,0.02545173
670,0.018606462
671,0.014873688
672,0.08406358
673,0.119365044
674,0.30122268
675,0.015779685
676,0.02063922
677,0.06798347
678,0.07375026
679,0.096807666
680,0.27274033
681,0.025539216
682,0.0130851
683,0.012048091
684,0.09445946
685,0.037892528
686,0.015385105
687,0.08021892
688,0.1504617
689,0.051498994
690,0.01911202
691,0.01146209
692,0.274033
693,0.018198896
694,0.030386068
695,0.24079101
696,0.07155993
697,0.053549003
698,0.019018551
699,0.03222838
700,0.072582774
701,0.38106176
702,0.030540168
703,0.019453308
704,0.02935613
705,0.04653456
706,0.06728452
707,0.14971693
708,0.07027171
709,0.15091461
710,0.11588977
711,0.02712634
712,0.046821382
713,0.04036192
714,0.03053263
715,0.19350936
716,0.019465055
717,0.018465998
718,0.07984835
719,0.018597053
720,0.13458551
721,0.05123185
722,0.011770671
723,0.29380515
724,0.5235523
725,0.25615883
726,0.02390821
727,0.093321756
728,0.047300108
729,0.09238086
730,0.06909434
731,0.08559692
732,0.6894019
733,0.08295682
734,0.015300358
735,0.08810554
736,0.08425954
737,0.04486197
738,0.16626103
739,0.4462225
740,0.0767913
741,0.15323104
742,0.028501868
743,0.0053044246
744,0.024684332
745,0.112743296
746,0.030443493
747,0.0041603018
748,0.024429351
749,0.06301741
750,0.043266296
751,0.020289985
752,0.056989472
753,0.02017089
754,0.08027025
755,0.036241107
756,0.043663725
757,0.014097027
758,0.030695807
759,0.07674887
760,0.11783449
761,0.023422295
762,0.068854615
763,0.5048408
764,0.046284735
765,0.079973534
766,0.036360364
767,0.047032245
768,0.053135213
769,0.16068532
770,0.030588096
771,0.016230302
772,0.012864712
773,0.05037575
774,0.088656515
775,0.021460654
776,0.23611392
777,0.04357091
778,0.028326489
779,0.044574738
780,0.28870335
781,0.05086169
782,0.020199878
783,0.028038811
784,0.04885533
785,0.03671353
786,0.2450666
787,0.070416324
788,0.0041667777
789,0.014767939
790,0.05872506
791,0.1192334
792,0.10025016
793,0.089076236
794,0.08045823
795,0.029540762
796,0.043004125
797,0.064499184
798,0.25882697
799,0.09621488
800,0.010839478
801,0.034664795
802,0.020228717
803,0.014733649
804,0.02232918
805,0.013138246
806,0.019641817
807,0.007333655
808,0.012504598
809,0.019153295
810,0.01430489
811,0.022773987
812,0.056888644
813,0.05588528
814,0.121067844
815,0.0043486184
816,0.0069336067
817,0.117980264
818,0.1285639
819,0.079760924
820,0.03312334
821,0.01124067
822,0.019710666
823,0.027470324
824,0.004607183
825,0.013206438
826,0.004234556
827,0.012223548
828,0.0073353224
829,0.0044425414
830,0.051813398
831,0.042944364
832,0.015173239
833,0.0150515605
834,0.009486303
835,0.012622187
836,0.012105869
837,0.05750847
838,0.031535514
839,0.05159173
840,0.009960835
841,0.029192915
842,0.01167677
843,0.086206466
844,0.01273576
845,0.009364227
846,0.012707715
847,0.07306254
848,0.060090136
849,0.06332305
850,0.06302474
851,0.006814799
852,0.07264858
853,0.022519168
854,0.011838948
855,0.056837775
856,0.07103927
857,0.10988032
858,0.031384327
859,0.03787366
860,0.027137525
861,0.025958993
862,0.011319447
863,0.015008904
864,0.014699916
865,0.012464337
866,0.025663335
867,0.011215582
868,0.015447177
869,0.053654976
870,0.031853482
871,0.13957809
872,0.02081479
873,0.027027344
874,0.014489816
875,0.013134517
876,0.021080246
877,0.048135336
878,0.018081188
879,0.012403556
880,0.028596248
881,0.008905893
882,0.013374095
883,0.036801413
884,0.07090063
885,0.018425774
886,0.0767365
887,0.022765266
888,0.055721726
889,0.030243335
890,0.024676174
891,0.032633886
892,0.048805486
893,0.013845007
894,0.032390296
895,0.019821893
896,0.030387983
897,0.082875095
898,0.028444603
899,0.04973553
900,0.066924654
901,0.12715167
902,0.23017597
903,0.015517681
904,0.0195382
905,0.12486124
906,0.040610477
907,0.37589234
908,0.03600297
909,0.13530868
910,0.05854752
911,0.0060417717
912,0.013024961
913,0.24582651
914,0.062140387
915,0.5143508
916,0.09859489
917,0.032375213
918,0.08066687
919,0.03634974
920,0.028262297
921,0.038169786
922,0.014853315
923,0.008429233
924,0.10702445
925,0.033005346
926,0.10736025
927,0.4471832
928,0.021982005
929,0.018996254
930,0.0238091
931,0.07211314
932,0.12867127
933,0.0141672045
934,0.045919776
935,0.045959443
936,0.0481311
937,0.059621196
938,0.43349516
939,0.1129771
940,0.08899728
941,0.2778339
942,0.06851204
943,0.50965136
944,0.019386228
945,0.06505693
946,0.14030464
947,0.04194318
948,0.041663248
949,0.036680616
950,0.009673491
951,0.110243715
952,0.11211546
953,0.054736704
954,0.028983645
955,0.029434193
956,0.28994414
957,0.044780012
958,0.031359192
959,0.06183914
960,0.051016286
961,0.061124034
962,0.034638006
963,0.04218492
964,0.061955158
965,0.051266283
966,0.032559197
967,0.063212544
968,0.13806719
969,0.14852801
970,0.015577497
971,0.0028493386
972,0.014202319
973,0.1033166
974,0.2394006
975,0.017313277
976,0.07231007
977,0.13737595
978,0.2675539
979,0.067863695
980,0.034367137
981,0.021994133
982,0.020701712
983,0.005320136
984,0.04840044
985,0.011577684
986,0.10113093
987,0.24439025
988,0.2648268
989,0.05197297
990,0.05122335
991,0.01310226
992,0.009826216
993,0.029820114
994,0.036429908
995,0.15329494
996,0.014360525
997,0.042618226
998,0.03698301
999,0.027016763
1000,0.09355684
1001,0.5481114
1002,0.0067306343
1003,0.028383087
1004,0.023767693
1005,0.022130476
1006,0.058566708
1007,0.06493139
1008,0.028752485
1009,0.113095805
1010,0.16831544
1011,0.09436817
1012,0.078590944
1013,0.058966625
1014,0.009497563
1015,0.031184897
1016,0.03180632
1017,0.041254416
1018,0.0031492142
1019,0.060540628
1020,0.06289048
1021,0.21981786
1022,0.0149317775
1023,0.045653712
1024,0.034637295
1025,0.021472432
1026,0.015937105
1027,0.02721934
1028,0.042574164
1029,0.025688961
1030,0.08849566
1031,0.14503357
1032,0.20413807
1033,0.046478387
1034,0.04421661
1035,0.041954517
1036,0.09912385
1037,0.06699879
1038,0.02135824
1039,0.07451479
1040,0.01654691
1041,0.027387368
1042,0.11586364
1043,0.030129716
1044,0.02100809
1045,0.030076243
1046,0.07074097
1047,0.07353755
1048,0.23394799
1049,0.2207014
1050,0.24318203
1051,0.0800066
1052,0.051000513
1053,0.02297814
1054,0.052603938
1055,0.04644107
1056,0.08062237
1057,0.04308998
1058,0.5989832
1059,0.12779467
1060,0.0157079
1061,0.11773028
1062,0.058345534
1063,0.052457828
1064,0.01994568
1065,0.019719642
1066,0.013565608
1067,0.046580188
1068,0.031889394
1069,0.010940595
1070,0.02044613
1071,0.023737347
1072,0.06719529
1073,0.05687874
1074,0.0861345
1075,0.07230325
1076,0.11892993
1077,0.14891814
1078,0.40172285
1079,0.06864304
1080,0.02502799
1081,0.07596085
1082,0.01677109
1083,0.043280866
1084,0.028086616
1085,0.054025203
1086,0.060385823
1087,0.1536436
1088,0.04543382
1089,0.10155289
1090,0.04955389
1091,0.06746804
1092,0.037260335
1093,0.021306427
1094,0.022789
1095,0.118720636
1096,0.0140961185
1097,0.03578248
1098,0.06347349
1099,0.03341875
1100,0.012639651
1101,0.010633618
1102,0.024683096
1103,0.040462933
1104,0.066760115
1105,0.08804696
1106,0.1512068
1107,0.14729993
1108,0.17113326
1109,0.102135025
1110,0.13587701
1111,0.012375745
1112,0.097764894
1113,0.011903096
1114,0.0544872
1115,0.010220833
1116,0.040328953
1117,0.0933484
1118,0.031486772
1119,0.023321826
1120,0.049518075
1121,0.041104734
1122,0.01150374
1123,0.05746899
1124,0.08931128
1125,0.036738705
1126,0.061063074
1127,0.02454505
1128,0.035534255
1129,0.05538233
1130,0.014929424
1131,0.033054546
1132,0.03526521
1133,0.07653866
1134,0.16564322
1135,0.46045843
1136,0.123944655
1137,0.12949325
1138,0.07259197
1139,0.09307611
1140,0.08300516
1141,0.08698571
1142,0.05598625
1143,0.009211355
1144,0.020308716
1145,0.26016405
1146,0.06342285
1147,0.0826059
1148,0.058499355
1149,0.10169878
1150,0.02007815
1151,0.029100953
1152,0.008125786
1153,0.027489351
1154,0.047168095
1155,0.1177772
1156,0.05980682
1157,0.042235125
1158,0.13376336
1159,0.5050252
1160,0.11371811
1161,0.01582421
1162,0.24701527
1163,0.059435446
1164,0.25750434
1165,0.26498818
1166,0.07238925
1167,0.04338862
1168,0.019862417
1169,0.10368469
1170,0.25180057
1171,0.047968213
1172,0.24749103
1173,0.10362212
1174,0.078614466
1175,0.018037824
1176,0.0105907265
1177,0.016935853
1178,0.019412588
1179,0.06303185
1180,0.082435235
1181,0.014848499
1182,0.1698893
1183,0.17921886
1184,0.13038939
1185,0.093214676
1186,0.035660774
1187,0.12871198
1188,0.24562009
1189,0.25518394
1190,0.060257837
1191,0.010900217
1192,0.05192982
1193,0.025256343
1194,0.05599666
1195,0.54069746
1196,0.044747513
1197,0.046184972
1198,0.28608277
1199,0.25627407
1200,0.017494675
1201,0.009040402
1202,0.040096216
1203,0.06458827
1204,0.14451334
1205,0.15623495
1206,0.121247105
1207,0.105726324
1208,0.28016013
1209,0.25399816
1210,0.15952311
1211,0.25387368
1212,0.38619727
1213,0.07837925
1214,0.019899957
1215,0.044727523
1216,0.12157006
1217,0.05326246
1218,0.19093162
1219,0.7928548
1220,0.007939203
1221,0.058559682
1222,0.383024
1223,0.01892319
1224,0.05564787
1225,0.26775253
1226,0.022538701
1227,0.015088408
1228,0.05522415
1229,0.0852695
1230,0.022884974
1231,0.04688038
1232,0.0031740658
1233,0.16084601
1234,0.06717521
1235,0.1011043
1236,0.16917533
1237,0.16906857
1238,0.24528995
1239,0.39184824
1240,0.27134117
1241,0.033457834
1242,0.25682604
1243,0.22966094
1244,0.14745562
1245,0.79261494
1246,0.42994222
1247,0.2741031
1248,0.007390257
1249,0.024122652
1250,0.12074348
1251,0.05494065
1252,0.041569974
1253,0.024880238
1254,0.011411758
1255,0.062795766
1256,0.013645047
1257,0.03701184
1258,0.07678488
1259,0.14835314
1260,0.12830321
1261,0.1458497
1262,0.09019938
1263,0.14180826
1264,0.10134456
1265,0.02804027
1266,0.111762226
1267,0.27106133
1268,0.022225348
1269,0.06596921
1270,0.6859919
1271,0.83460706
1272,0.41615108
1273,0.0031470563
1274,0.030454397
1275,0.019847274
1276,0.04157281
1277,0.28189823
1278,0.08210897
1279,0.020309579
1280,0.07075093
1281,0.008943871
1282,0.06192627
1283,0.06078394
1284,0.048386667
1285,0.016707782
1286,0.26467425
1287,0.020997666
1288,0.046327695
1289,0.1403182
1290,0.11595689
1291,0.060911473
1292,0.04570068
1293,0.10191438
1294,0.09103495
1295,0.02795229
1296,0.11437049
1297,0.08900978
1298,0.116535075
1299,0.7321871
1300,0.84046936
1301,0.45013666
1302,0.015246986
1303,0.06496486
1304,0.03362823
1305,0.24544151
1306,0.09117568
1307,0.18899275
1308,0.045619197
1309,0.077379204
1310,0.022323752
1311,0.056309726
1312,0.1313608
1313,0.25256094
1314,0.07573358
1315,0.51181394
1316,0.2611155
1317,0.16661403
1318,0.17138575
1319,0.10866658
1320,0.07165849
1321,0.14248025
1322,0.048389595
1323,0.033751555
1324,0.025191877
1325,0.10142983
1326,0.134005
1327,0.0528499
1328,0.09919101
1329,0.02767964
1330,0.7406255
1331,0.9935051
1332,0.837679
1333,0.033943396
1334,0.24436752
1335,0.27169853
1336,0.031089256
1337,0.019789163
1338,0.017625237
1339,0.06103871
1340,0.13055646
1341,0.061342318
1342,0.41171327
1343,0.5434603
1344,0.08076078
1345,0.13394938
1346,0.113079615
1347,0.17470235
1348,0.08771268
1349,0.37365982
1350,0.093054004
1351,0.035482872
1352,0.09162018
1353,0.10605589
1354,0.10199894
1355,0.04929101
1356,0.3631436
1357,0.40116268
1358,0.15947415
1359,0.08131881
1360,0.026456017
1361,0.13878945
1362,0.0104315905
1363,0.069948666
1364,0.183316
1365,0.02760237
1366,0.03948547
1367,0.05902642
1368,0.017038194
1369,0.020343708
1370,0.053007383
1371,0.053142756
1372,0.40546182
1373,0.5644017
1374,0.43973303
1375,0.31745166
1376,0.11375964
1377,0.18295792
1378,0.2483409
1379,0.50627136
1380,0.07101438
1381,0.029645383
1382,0.03625342
1383,0.02974665
1384,0.15843786
1385,0.2632038
1386,0.07596806
1387,0.28895727
1388,0.2781879
1389,0.2703627
1390,0.8993673
1391,0.10182777
1392,0.021020574
1393,0.1410672
1394,0.17039469
1395,0.021007922
1396,0.063133866
1397,0.42960477
1398,0.07519577
1399,0.041117154
1400,0.04320176
1401,0.05815303
1402,0.17820263
1403,0.40711033
1404,0.28259063
1405,0.51504695
1406,0.4387663
1407,0.18589465
1408,0.24448043
1409,0.24101262
1410,0.028286947
1411,0.15882745
1412,0.07821603
1413,0.044851255
1414,0.26621616
1415,0.26170304
1416,0.063657545
1417,0.5447108
1418,0.25892296
1419,0.0029998317
1420,0.078662336
1421,0.11890849
1422,0.08364165
1423,0.04697276
1424,0.01173205
1425,0.007864016
1426,0.015193312
1427,0.030301249
1428,0.06525538
1429,0.10814615
1430,0.123668894
1431,0.16011927
1432,0.43453613
1433,0.74498487
1434,0.4673892
1435,0.43862274
1436,0.57563436
1437,0.09941983
1438,0.01931824
1439,0.059651017
1440,0.065706536
1441,0.14307989
1442,0.18046598
1443,0.06647796
1444,0.02995544
1445,0.05793906
1446,0.15186606
1447,0.024741542
1448,0.048093192
1449,0.1215677
1450,0.017810633
1451,0.0371343
1452,0.019901289
1453,0.021905873
1454,0.011233772
1455,0.03167231
1456,0.09616895
1457,0.071111195
1458,0.08587649
1459,0.25473455
1460,0.27989286
1461,0.4038347
1462,0.7146293
1463,0.6355932
1464,0.4120022
1465,0.10312504
1466,0.046684183
1467,0.023263197
1468,0.057226524
1469,0.12352724
1470,0.018199552
1471,0.04016326
1472,0.44083548
1473,0.05019808
1474,0.019016381
1475,0.07192025
1476,0.0512505
1477,0.086378224
1478,0.04423906
1479,0.0485859
1480,0.018061597
1481,0.04711919
1482,0.033890143
1483,0.097402565
1484,0.13940457
1485,0.5952532
1486,0.41339836
1487,0.27066952
1488,0.8607085
1489,0.3920436
1490,0.43982187
1491,0.09550883
1492,0.041325606
1493,0.03177526
1494,0.04441824
1495,0.056199737
1496,0.05324097
1497,0.037290066
1498,0.057487667
1499,0.38732228
1500,0.105880365
1501,0.40974125
1502,0.028794385
1503,0.094576664
1504,0.11164245
1505,0.13320054
1506,0.17158079
1507,0.041144736
1508,0.04969247
1509,0.27012792
1510,0.46224332
1511,0.4018052
1512,0.4430495
1513,0.15415184
1514,0.4171895
1515,0.15996805
1516,0.048106648
1517,0.021072034
1518,0.06958067
1519,0.029863488
1520,0.14619316
1521,0.27040476
1522,0.033855677
1523,0.2761535
1524,0.03569723
1525,0.07069264
1526,0.17601818
1527,0.05344034
1528,0.01121627
1529,0.1365995
1530,0.15983485
1531,0.03993164
1532,0.24282932
1533,0.176351
1534,0.08095431
1535,0.09488998
1536,0.03590509
1537,0.08484171
1538,0.08209306
1539,0.03839322
1540,0.13246667
1541,0.23801063
1542,0.04967523
1543,0.033260442
1544,0.122674406
1545,0.012121142
1546,0.011461945
1547,0.09366351
1548,0.04090658
1549,0.039975204
1550,0.14665918
1551,0.04033586
1552,0.05981403
1553,0.008308066
1554,0.06209682
1555,0.18594363
1556,0.41246843
1557,0.24811375
1558,0.025539573
1559,0.0209086
1560,0.06260843
1561,0.0149752535
1562,0.0580388
1563,0.15266518
1564,0.015552171
1565,0.01975512
1566,0.017994475
1567,0.032416437
1568,0.03795608
1569,0.07786466
1570,0.12221881
1571,0.30533358
1572,0.014525936
1573,0.019178139
1574,0.062334247
1575,0.07562878
1576,0.10533295
1577,0.2724127
1578,0.02635828
1579,0.014772146
1580,0.013507361
1581,0.0968098
1582,0.035025354
1583,0.016409602
1584,0.081452064
1585,0.12981236
1586,0.056619003
1587,0.015335525
1588,0.0149721755
1589,0.15962394
1590,0.0137332445
1591,0.016323676
1592,0.030607553
1593,0.14976528
1594,0.0684728
1595,0.049822453
1596,0.015402276
1597,0.03508676
1598,0.07382008
1599,0.316384
1600,0.029544063
1601,0.0109334085
1602,0.032694243
1603,0.048102565
1604,0.061815474
1605,0.15854776
1606,0.066629164
1607,0.18127495
1608,0.10579501
1609,0.030723047
1610,0.01754392
1611,0.05184819
1612,0.04288975
1613,0.27809542
1614,0.016976692
1615,0.018175216
1616,0.08832947
1617,0.019158078
1618,0.13340239
1619,0.053309552
1620,0.008314845
1621,0.012551896
1622,0.32616553
1623,0.56911916
1624,0.123178445
1625,0.031107424
1626,0.094749175
1627,0.055983476
1628,0.029736476
1629,0.09591347
1630,0.06787099
1631,0.08587153
1632,0.7720744
1633,0.08208997
1634,0.01767336
1635,0.09312781
1636,0.08786641
1637,0.040725414
1638,0.1706023
1639,0.4627684
1640,0.073485374
1641,0.15093328
1642,0.024014415
1643,0.019336913
1644,0.0045469734
1645,0.021778915
1646,0.099318564
1647,0.035031237
1648,0.024117703
1649,0.065014824
1650,0.045555733
1651,0.031144027
1652,0.05899905
1653,0.016506167
1654,0.018357877
1655,0.07860533
1656,0.033608746
1657,0.013624363
1658,0.036542706
1659,0.07783161
1660,0.10861051
1661,0.02007838
1662,0.062102944
1663,0.4462741
1664,0.06358144
1665,0.08317751
1666,0.037488647
1667,0.045430213
1668,0.054338355
1669,0.012589088
1670,0.022539934
1671,0.2772098
1672,0.028451815
1673,0.016429232
1674,0.053189985
1675,0.08571055
1676,0.024535464
1677,0.009195341
1678,0.2481857
1679,0.04619131
1680,0.029345253
1681,0.049339995
1682,0.3869851
1683,0.02390874
1684,0.00916366
1685,0.020818304
1686,0.013490969
1687,0.047184166
1688,0.008782152
1689,0.037312344
1690,0.10972075
1691,0.072321534
1692,0.0030669451
1693,0.014718327
1694,0.0126764355
1695,0.06538585
1696,0.22730781
1697,0.11099197
1698,0.083232336
1699,0.08398753
1700,0.026417186
1701,0.0492463
1702,0.018368367
1703,0.07430067
1704,0.25172082
1705,0.113181144
1706,0.010425458
1707,0.04071242
1708,0.017105402
1709,0.016550206
1710,0.01976654
1711,0.013607996
1712,0.020311633
1713,0.006387425
1714,0.01491173
1715,0.021549502
1716,0.053475905
1717,0.05662628
1718,0.12193011
1719,0.00335714
1720,0.008614508
1721,0.12475599
1722,0.009012472
1723,0.15591227
1724,0.011100739
1725,0.028746009
1726,0.02008414
1727,0.0238682
1728,0.005502078
1729,0.01543533
1730,0.012183365
1731,0.0076264828
1732,0.007558468
1733,0.053924076
1734,0.044162787
1735,0.0123711815
1736,0.05896974
1737,0.013481955
1738,0.003893273
1739,0.016862761
1740,0.0077576926
1741,0.07066125
1742,0.02775686
1743,0.06128853
1744,0.011018713
1745,0.009838443
1746,0.03394063
1747,0.0092611285
1748,0.011575199
1749,0.016382769
1750,0.077012554
1751,0.010600776
1752,0.008812588
1753,0.013990548
1754,0.08226099
1755,0.06175695
1756,0.059971116
1757,0.06399249
1758,0.009539115
1759,0.09851953
1760,0.02528193
1761,0.013020699
1762,0.046170432
1763,0.01767392
1764,0.050846264
1765,0.09251136
1766,0.017993957
1767,0.031500112
1768,0.033018287
1769,0.027110627
1770,0.02632968
1771,0.007961068
1772,0.012729694
1773,0.013043784
1774,0.0074394583
1775,0.010474421
1776,0.029228471
1777,0.010650361
1778,0.01147013
1779,0.024610108
1780,0.058574975
1781,0.030471299
1782,0.007851366
1783,0.12425353
1784,0.029822605
1785,0.01772695
1786,0.033578068
1787,0.00676043
1788,0.020540273
1789,0.05081604
1790,0.018329632
1791,0.0143809095
1792,0.02746356
1793,0.0322345
1794,0.013701266
1795,0.030503737
1796,0.03845723
1797,0.09596501
1798,0.007642035
1799,0.019072354
1800,0.078222185
1801,0.020385692
1802,0.047561638
1803,0.022892032
1804,0.026403865
1805,0.005975274
1806,0.023000339
1807,6.6116927e-06
1808,0.036962263
1809,0.029208846
1810,0.036921464
1811,0.05984414
1812,0.037970338
1813,0.028763155
1814,0.025100477
1815,0.0343294
1816,0.24599567
1817,0.23933251
1818,0.12272542
1819,0.020407096
1820,0.13395919
1821,0.05946789
1822,0.13187167
1823,0.055998962
1824,0.01598263
1825,0.03059642
1826,0.08506596
1827,0.03915491
1828,0.47077385
1829,0.0897131
1830,0.04642637
1831,0.09298954
1832,0.04861549
1833,0.002451024
1834,0.003310939
1835,0.022638826
1836,0.029742321
1837,0.028712142
1838,0.017921187
1839,0.013867506
1840,0.054204676
1841,0.045564644
1842,0.2654745
1843,0.48161653
1844,0.046295222
1845,0.0775134
1846,0.103512295
1847,0.005872629
1848,0.0037855215
1849,0.054725416
1850,0.04713206
1851,0.05667299
1852,0.4321161
1853,0.08189584
1854,0.0826503
1855,0.49179944
1856,0.07386577
1857,0.44333535
1858,0.021761097
1859,0.0687023
1860,0.11345714
1861,0.03513384
1862,0.038355697
1863,0.0379889
1864,0.01777847
1865,0.029238125
1866,0.0963212
1867,0.111609906
1868,0.07034309
1869,0.032717444
1870,0.29502666
1871,0.038429983
1872,0.06384537
1873,0.047873203
1874,0.06953197
1875,0.03076473
1876,0.037521433
1877,0.037245505
1878,0.034148764
1879,0.13167909
1880,0.053585388
1881,0.16650681
1882,0.07140095
1883,0.041180275
1884,0.015684247
1885,0.104264334
1886,0.108109236
1887,0.06743813
1888,0.14475256
1889,0.43559328
1890,0.0066368454
1891,0.061714035
1892,0.037786484
1893,0.022417946
1894,0.022701945
1895,0.038941536
1896,0.0052103787
1897,0.08609074
1898,0.10171763
1899,0.10103978
1900,0.25772062
1901,0.020741347
1902,0.053757094
1903,0.04599676
1904,0.02929917
1905,0.036957692
1906,0.14182788
1907,0.021224942
1908,0.04277152
1909,0.02183037
1910,0.036426976
1911,0.101189226
1912,0.5103146
1913,0.043634944
1914,0.020841109
1915,0.023238424
1916,0.052988566
1917,0.052772727
1918,0.029811658
1919,0.100952946
1920,0.17949131
1921,0.100215204
1922,0.074593015
1923,0.05229262
1924,0.004003287
1925,0.03439515
1926,0.029032446
1927,0.03860845
1928,0.057142764
1929,0.062817544
1930,0.24418806
1931,0.012637882
1932,0.04376335
1933,0.03766951
1934,0.018124538
1935,0.015823388
1936,0.02493279
1937,0.04497682
1938,0.022659443
1939,0.08512931
1940,0.13949683
1941,0.3632506
1942,0.043131333
1943,0.04933511
1944,0.04462297
1945,0.093017526
1946,0.06719628
1947,0.015532017
1948,0.069024555
1949,0.018565426
1950,0.029314578
1951,0.12893428
1952,0.029360142
1953,0.022823144
1954,0.030552274
1955,0.06931523
1956,0.07381211
1957,0.231754
1958,0.12317483
1959,0.13870266
1960,0.07426514
1961,0.048671324
1962,0.01887599
1963,0.053042535
1964,0.04520916
1965,0.079919614
1966,0.04132222
1967,0.5772791
1968,0.24547033
1969,0.02059414
1970,0.12606439
1971,0.05327875
1972,0.049885266
1973,0.018842192
1974,0.018725518
1975,0.01098204
1976,0.046947647
1977,0.031470913
1978,0.023578132
1979,0.023273041
1980,0.06258804
1981,0.040736675
1982,0.0954619
1983,0.07788902
1984,0.12284991
1985,0.23402748
1986,0.26759827
1987,0.088269606
1988,0.0345431
1989,0.079895504
1990,0.016882533
1991,0.0066353576
1992,0.029440207
1993,0.06711301
1994,0.06005379
1995,0.12881795
1996,0.052188195
1997,0.10307057
1998,0.042489383
1999,0.06700598
2000,0.03647981
2001,0.019543545
2002,0.020185309
2003,0.117739566
2004,0.013548682
2005,0.056052797
2006,0.037151683
2007,0.008693442
2008,0.022390999
2009,0.040294334
2010,0.067226276
2011,0.08206089
2012,0.14958157
2013,0.13120596
2014,0.2436748
2015,0.108467065
2016,0.11609457
2017,0.011779287
2018,0.09527271
2019,0.012009044
2020,0.0526009
2021,0.044872627
2022,0.092145436
2023,0.03313031
2024,0.024183277
2025,0.048970502
2026,0.050801475
2027,0.013851422
2028,0.058128633
2029,0.08033248
2030,0.0341956
2031,0.063632004
2032,0.024434522
2033,0.03075844
2034,0.065179184
2035,0.013369994
2036,0.037492942
2037,0.031407103
2038,0.07338016
2039,0.15628429
2040,0.4941555
2041,0.12683938
2042,0.1268964
2043,0.072579145
2044,0.087907635
2045,0.084171735
2046,0.087741144
2047,0.05577828
2048,0.011390608
2049,0.021344926
2050,0.39168033
2051,0.057083335
2052,0.083520174
2053,0.056382284
2054,0.07943857
2055,0.021397136
2056,0.025357757
2057,0.022064755
2058,0.0467414
2059,0.12575124
2060,0.06401301
2061,0.04545302
2062,0.13708274
2063,0.5155014
2064,0.111478366
2065,0.014430572
2066,0.1430748
2067,0.06548285
2068,0.2562613
2069,0.29690748
2070,0.07317424
2071,0.050287705
2072,0.01930832
2073,0.10977034
2074,0.15261988
2075,0.041401643
2076,0.26091737
2077,0.09239758
2078,0.077970676
2079,0.019238096
2080,0.016320916
2081,0.020011647
2082,0.06093614
2083,0.081895016
2084,0.020593334
2085,0.15205002
2086,0.17535143
2087,0.14491317
2088,0.09027803
2089,0.039384775
2090,0.11878964
2091,0.18108477
2092,0.25417763
2093,0.06398643
2094,0.008580192
2095,0.05120224
2096,0.025080837
2097,0.05210275
2098,0.49533555
2099,0.041116018
2100,0.04491008
2101,0.2912522
2102,0.25760916
2103,0.019947827
2104,0.012211818
2105,0.012071253
2106,0.0394781
2107,0.06687667
2108,0.14244536
2109,0.16533981
2110,0.12957057
2111,0.118921086
2112,0.27351364
2113,0.16206989
2114,0.16101262
2115,0.1740992
2116,0.27938056
2117,0.07565798
2118,0.043984346
2119,0.09967177
2120,0.058380824
2121,0.17493181
2122,0.79064155
2123,0.008503852
2124,0.009149816
2125,0.05288449
2126,0.3967262
2127,0.047089763
2128,0.2601125
2129,0.015715552
2130,0.051173937
2131,0.102532305
2132,0.021914847
2133,0.045284078
2134,0.1626112
2135,0.07181886
2136,0.09499055
2137,0.27593282
2138,0.16251898
2139,0.18410107
2140,0.3834572
2141,0.123374
2142,0.028348668
2143,0.27092582
2144,0.10807375
2145,0.12616964
2146,0.76412773
2147,0.428299
2148,0.2764352
2149,0.0037643092
2150,0.028308293
2151,0.11823409
2152,0.021156093
2153,0.054006916
2154,0.032902256
2155,0.01918744
2156,0.014763471
2157,0.06374421
2158,0.004547424
2159,0.012732429
2160,0.03417918
2161,0.06851054
2162,0.13647233
2163,0.12817071
2164,0.13006349
2165,0.08809205
2166,0.2502397
2167,0.2193926
2168,0.030400522
2169,0.10896925
2170,0.26236144
2171,0.018530877
2172,0.06327674
2173,0.6553856
2174,0.8145825
2175,0.4106858
2176,0.0042245327
2177,0.026379194
2178,0.02020951
2179,0.034505025
2180,0.29173082
2181,0.073461644
2182,0.021056116
2183,0.0072322725
2184,0.060441546
2185,0.064152695
2186,0.045551103
2187,0.014472357
2188,0.25932774
2189,0.017988993
2190,0.037213854
2191,0.13343784
2192,0.117954046
2193,0.055761654
2194,0.041598096
2195,0.084663846
2196,0.09161159
2197,0.02769103
2198,0.1299287
2199,0.10307802
2200,0.11253437
2201,0.7473648
2202,0.908822
2203,0.4029398
2204,0.013543038
2205,0.06505217
2206,0.025454756
2207,0.010320206
2208,0.114191055
2209,0.09814933
2210,0.18376079
2211,0.048516627
2212,0.069817446
2213,0.017858444
2214,0.053941026
2215,0.12797894
2216,0.26350242
2217,0.09031163
2218,0.54332316
2219,0.28271297
2220,0.28027734
2221,0.172049
2222,0.10623325
2223,0.066620946
2224,0.15144433
2225,0.04783934
2226,0.03603647
2227,0.023171572
2228,0.1271938
2229,0.12871508
2230,0.056973092
2231,0.09380466
2232,0.023057953
2233,0.74197525
2234,0.9831364
2235,0.8007322
2236,0.04622932
2237,0.036305506
2238,0.2671021
2239,0.15419815
2240,0.030988166
2241,0.009181045
2242,0.017443383
2243,0.017956799
2244,0.06178085
2245,0.13386607
2246,0.050406218
2247,0.4009904
2248,0.5050193
2249,0.082714625
2250,0.13634826
2251,0.12783137
2252,0.17287406
2253,0.08557923
2254,0.38604826
2255,0.08837858
2256,0.03708292
2257,0.10158999
2258,0.10560187
2259,0.108614914
2260,0.052878745
2261,0.022235032
2262,0.28714094
2263,0.40634543
2264,0.24879108
2265,0.08158102
2266,0.029961547
2267,0.1567141
2268,0.0118953595
2269,0.072963744
2270,0.19172613
2271,0.03224819
2272,0.040922586
2273,0.055247616
2274,0.017598048
2275,0.02315985
2276,0.058998063
2277,0.049619514
2278,0.26972327
2279,0.6538733
2280,0.28050545
2281,0.28553408
2282,0.13274175
2283,0.27572963
2284,0.17664193
2285,0.47967073
2286,0.07708292
2287,0.025970997
2288,0.044012763
2289,0.031090438
2290,0.16156928
2291,0.15999663
2292,0.074631155
2293,0.19741942
2294,0.39948127
2295,0.27626163
2296,0.8847319
2297,0.13049574
2298,0.018276019
2299,0.13849269
2300,0.1679766
2301,0.06449664
2302,0.4431566
2303,0.07954943
2304,0.039660722
2305,0.047607597
2306,0.062046587
2307,0.16095679
2308,0.412437
2309,0.42748562
2310,0.56050104
2311,0.47083613
2312,0.18324545
2313,0.15320686
2314,0.2408738
2315,0.031577
2316,0.14309087
2317,0.07879867
2318,0.04819652
2319,0.24725394
2320,0.24940589
2321,0.060480125
2322,0.46155655
2323,0.26627922
2324,0.07555164
2325,0.12443969
2326,0.0806175
2327,0.047381125
2328,0.012606429
2329,0.007083181
2330,0.020574212
2331,0.036128286
2332,0.06733779
2333,0.11468267
2334,0.12827036
2335,0.15103938
2336,0.41660887
2337,0.8369117
2338,0.43299606
2339,0.2881889
2340,0.62129265
2341,0.099668644
2342,0.06379333
2343,0.059098344
2344,0.1535957
2345,0.1817253
2346,0.07234401
2347,0.0273377
2348,0.0018015263
2349,0.05828884
2350,0.15914942
2351,0.053610988
2352,0.12507804
2353,0.017943779
2354,0.036323193
2355,0.020689128
2356,0.02043548
2357,0.009641227
2358,0.033184048
2359,0.11216555
2360,0.06866146
2361,0.09397531
2362,0.2745831
2363,0.26972613
2364,0.36827087
2365,0.6530568
2366,0.5858214
2367,0.40935877
2368,0.10656527
2369,0.044313848
2370,0.023230162
2371,0.053701516
2372,0.12155903
2373,0.01589539
2374,0.010607566
2375,0.030169742
2376,0.4830767
2377,0.046612345
2378,0.018090872
2379,0.07946823
2380,0.037575852
2381,0.09287553
2382,0.04256036
2383,0.06285633
2384,0.043974623
2385,0.014871641
2386,0.016194101
2387,0.03145986
2388,0.106747046
2389,0.14167178
2390,0.5215967
2391,0.3860217
2392,0.16335556
2393,0.8053174
2394,0.3975396
2395,0.49151433
2396,0.07476497
2397,0.042196374
2398,0.03530442
2399,0.056484535
2400,0.05440528
2401,0.046107214
2402,0.44658533
2403,0.10204896
2404,0.2567733
2405,0.030149236
2406,0.090140775
2407,0.124805
2408,0.13927975
2409,0.17751068
2410,0.047114585
2411,0.03545329
2412,0.050108124
2413,0.17148478
2414,0.46466434
2415,0.42221525
2416,0.46776843
2417,0.2529951
2418,0.4266202
2419,0.16687705
2420,0.0465219
2421,0.021056218
2422,0.015639478
2423,0.023513518
2424,0.012539988
2425,0.069940485
2426,0.0339794
2427,0.13822274
2428,0.14058772
2429,0.041798867
2430,0.28930706
2431,0.03133398
2432,0.06179687
2433,0.26525715
2434,0.055720914
2435,0.010314329
2436,0.009832296
2437,0.13032915
2438,0.16260004
2439,0.040822648
2440,0.24004161
2441,0.17460084
2442,0.08431371
2443,0.09138654
2444,0.09658685
2445,0.0882447
2446,0.041531872
2447,0.14126329
2448,0.12283246
2449,0.05305536
2450,0.032189578
2451,0.011990466
2452,0.12946823
2453,0.015836414
2454,0.014502518
2455,0.12107761
2456,0.0073226145
2457,0.040740337
2458,0.04142294
2459,0.16056399
2460,0.037319195
2461,0.06986323
2462,0.005368535
2463,0.06100175
2464,0.18167028
2465,0.36943045
2466,0.33906928
2467,0.0140381465
2468,0.06432937
2469,0.014884709
2470,0.059886392
2471,0.12680289
2472,0.012917494
2473,0.041981563
2474,0.018174773
2475,0.02962931
2476,0.017702462
2477,0.014344261
2478,0.032166023
2479,0.0813383
2480,0.11778256
2481,0.42548695
2482,0.015317333
2483,0.06324984
2484,0.07694916
2485,0.098390505
2486,0.25674966
2487,0.02706794
2488,0.016315278
2489,0.0960721
2490,0.014887418
2491,0.090114355
2492,0.23897305
2493,0.047874816
2494,0.0135199465
2495,0.022104518
2496,0.01005539
2497,0.2764937
2498,0.030595293
2499,0.01494143
2500,0.030615814
2501,0.15131767
2502,0.0701822
2503,0.047190472
2504,0.01792444
2505,0.028687831
2506,0.07697663
2507,0.1944865
2508,0.031432576
2509,0.02000613
2510,0.031248381
2511,0.045889124
2512,0.06608629
2513,0.16334617
2514,0.06361019
2515,0.25717837
2516,0.10145566
2517,0.025623504
2518,0.043981753
2519,0.036512878
2520,0.028741432
2521,0.1664589
2522,0.022104034
2523,0.019190082
2524,0.09558639
2525,0.019158078
2526,0.13587211
2527,0.05205738
2528,0.012296438
2529,0.3070007
2530,0.49147034
2531,0.1293954
2532,0.019505829
2533,0.014215465
2534,0.09210354
2535,0.04384362
2536,0.030666916
2537,0.08380085
2538,0.07334589
2539,0.0820766
2540,0.76311076
2541,0.07709023
2542,0.016042693
2543,0.092539564
2544,0.07981465
2545,0.020452978
2546,0.037841488
2547,0.16454011
2548,0.50941825
2549,0.076507986
2550,0.12634315
2551,0.029947307
2552,0.012427625
2553,0.022986617
2554,0.09877328
2555,0.03414305
2556,0.024081329
2557,0.0041672694
2558,0.06321999
2559,0.041349858
2560,0.06776466
2561,0.020932348
2562,0.0766503
2563,0.03670174
2564,0.036589347
2565,0.014223638
2566,0.03295475
2567,0.089793034
2568,0.10856137
2569,0.023946533
2570,0.05749329
2571,0.4676329
2572,0.065785326
2573,0.084235944
2574,0.04957934
2575,0.03739365
2576,0.046285007
2577,0.0613395
2578,0.013024991
2579,0.02317871
2580,0.19365908
2581,0.031919498
2582,0.018127475
2583,0.05872297
2584,0.083317
2585,0.020041276
2586,0.010961241
2587,0.11113491
2588,0.042464744
2589,0.02756728
2590,0.047861215
2591,0.39473167
2592,0.023611862
2593,0.010556577
2594,0.02016254
2595,0.015202865
2596,0.053060725
2597,0.011625401
2598,0.03908324
2599,0.109436624
2600,0.078500226
2601,0.015642205
2602,0.072221406
2603,0.12756081
2604,0.100104794
2605,0.081598625
2606,0.06436129
2607,0.049960144
2608,0.018320406
2609,0.068015106
2610,0.27583835
2611,0.10241628
2612,0.011515139
2613,0.037291933
2614,0.017614398
2615,0.013643294
2616,0.019064015
2617,0.011915554
2618,0.023439458
2619,0.008200965
2620,0.014948861
2621,0.017252468
2622,0.022721054
2623,0.048944525
2624,0.054742556
2625,0.11999562
2626,0.0064423215
2627,0.010885788
2628,0.11324561
2629,0.006673113
2630,0.13344991
2631,0.017758876
2632,0.010801271
2633,0.027674729
2634,0.021631682
2635,0.025382038
2636,0.0073173232
2637,0.03168596
2638,0.013024317
2639,0.0153601365
2640,0.0055448404
2641,0.05431643
2642,0.022339327
2643,0.047020715
2644,0.014077446
2645,0.055292353
2646,0.012492445
2647,0.015512295
2648,0.012907196
2649,0.06403459
2650,0.031201432
2651,0.058723293
2652,0.008781612
2653,0.016010249
2654,0.030908896
2655,0.098925255
2656,0.012885967
2657,0.010799219
2658,0.08579258
2659,0.061008405
2660,0.06727716
2661,0.014672074
2662,0.0054736068
2663,0.08595447
2664,0.024346026
2665,0.01123053
2666,0.041224692
2667,0.016735815
2668,0.0527797
2669,0.10727513
2670,0.017960224
2671,0.026130598
2672,0.029566683
2673,0.032870214
2674,0.02894304
2675,0.02961988
2676,0.009968969
2677,0.00753416
2678,0.011480805
2679,0.013242785
2680,0.01330558
2681,0.033096407
2682,0.009948776
2683,0.010805215
2684,0.06851892
2685,0.12940249
2686,0.022175176
2687,0.049921207
2688,0.017444955
2689,0.012215731
2690,0.028359346
2691,0.031157263
2692,0.017262554
2693,0.030363789
2694,0.032699645
2695,0.08081895
2696,0.017267527
2697,0.078512445
2698,0.051303625
2699,0.021369876
2700,0.02991376
2701,0.027201124
2702,0.07405449
2703,0.035598308
2704,0.092052855
2705,0.050576314
2706,0.068506666
2707,0.029371783
2708,0.036512665
2709,0.33686054
2710,0.40945745
2711,0.01724164
2712,0.028175438
2713,0.034468804
2714,0.1641317
2715,0.19311005
2716,0.04724475
2717,0.1468868
2718,0.055318125
2719,0.027377555
2720,0.03197984
2721,0.011730118
2722,0.0090547595
2723,0.21355475
2724,0.04736285
2725,0.58170426
2726,0.13024573
2727,0.04245913
2728,0.2565096
2729,0.05490926
2730,-0.0013933014
2731,0.025034195
2732,0.04050613
2733,0.032287102
2734,0.017304169
2735,0.012981485
2736,0.067003526
2737,0.090470806
2738,0.4613321
2739,0.46995932
2740,0.042586435
2741,0.021214845
2742,0.108014844
2743,0.13906287
2744,0.004701892
2745,0.0530067
2746,0.042190712
2747,0.054075792
2748,0.035943326
2749,0.2942633
2750,0.109359406
2751,0.41846395
2752,0.4946712
2753,0.077162124
2754,0.2844358
2755,0.0068507674
2756,0.022889068
2757,0.0634084
2758,0.14840819
2759,0.042274226
2760,0.04607715
2761,0.037574507
2762,0.020532588
2763,0.006354857
2764,0.09809357
2765,0.11123885
2766,0.06475979
2767,0.046035267
2768,0.041130967
2769,0.37699494
2770,0.042747572
2771,0.03534396
2772,0.06359188
2773,0.057185784
2774,0.042158738
2775,0.05347273
2776,0.05998591
2777,0.16489692
2778,0.06687385
2779,0.26201057
2780,0.044873398
2781,0.025978655
2782,0.009555114
2783,0.5234297
2784,0.10959932
2785,0.07157573
2786,0.27107885
2787,0.28066126
2788,0.0741893
2789,0.040207103
2790,0.011787867
2791,0.018347131
2792,0.022822343
2793,0.020500025
2794,0.0050161253
2795,0.03870799
2796,0.007756936
2797,0.08604088
2798,0.07779592
2799,0.09762301
2800,0.23856834
2801,0.2684239
2802,0.052014664
2803,0.04595314
2804,0.024941916
2805,0.041034807
2806,0.16358994
2807,0.04969343
2808,0.037180502
2809,0.037378523
2810,0.12247802
2811,0.5831029
2812,0.023513785
2813,0.031792253
2814,0.026181165
2815,0.055133644
2816,0.054060142
2817,0.026045255
2818,0.015174738
2819,0.11881861
2820,0.17420492
2821,0.102501504
2822,0.09154323
2823,0.066370144
2824,0.03320487
2825,0.030666392
2826,0.03856828
2827,0.06261028
2828,0.064933695
2829,0.11414595
2830,0.015509826
2831,0.047965202
2832,0.035826944
2833,0.020099727
2834,0.020119952
2835,0.027101563
2836,0.0408674
2837,0.021136982
2838,0.08248564
2839,0.2794165
2840,0.26343566
2841,0.045863673
2842,0.047483817
2843,0.039782856
2844,0.09853843
2845,0.066495486
2846,0.020333042
2847,0.070542306
2848,0.017819934
2849,0.032152977
2850,0.14700231
2851,0.032858882
2852,0.024767809
2853,0.030802025
2854,0.0056903684
2855,0.07059474
2856,0.07898618
2857,0.2577088
2858,0.112186335
2859,0.23409897
2860,0.06139171
2861,0.047919396
2862,0.020626433
2863,0.058277432
2864,0.046513468
2865,0.07156659
2866,0.044861548
2867,0.58005023
2868,0.13102934
2869,0.012973935
2870,0.12022517
2871,0.061192773
2872,0.05015467
2873,0.02222811
2874,0.05152756
2875,0.033079777
2876,0.011754923
2877,0.020156695
2878,0.022137232
2879,0.069985636
2880,0.046125032
2881,0.09142705
2882,0.06923101
2883,0.12050353
2884,0.24053895
2885,0.38791525
2886,0.0766591
2887,0.02210269
2888,0.06962331
2889,0.01951645
2890,0.04911811
2891,0.005798084
2892,0.022899428
2893,0.05792929
2894,0.075496785
2895,0.138013
2896,0.054451413
2897,0.11496454
2898,0.04241733
2899,0.060242824
2900,0.03475875
2901,0.021923048
2902,0.02028591
2903,0.11971095
2904,0.011621874
2905,0.034036644
2906,0.06833204
2907,0.03346794
2908,0.012145963
2909,0.02426379
2910,0.047235046
2911,0.07097307
2912,0.091012925
2913,0.1404061
2914,0.12886688
2915,0.23793615
2916,0.11560163
2917,0.1317509
2918,0.012607111
2919,0.096725196
2920,0.051037777
2921,0.043875206
2922,0.092911065
2923,0.036300942
2924,0.049661733
2925,0.048268914
2926,0.053378507
2927,0.08439345
2928,0.035882697
2929,0.069779046
2930,0.024413358
2931,0.031432696
2932,0.021048896
2933,0.064726874
2934,0.018143658
2935,0.04139944
2936,0.032002065
2937,0.07731184
2938,0.15932548
2939,0.43200594
2940,0.12721698
2941,0.23322779
2942,0.0723672
2943,0.089842185
2944,0.090139374
2945,0.09027791
2946,0.057458445
2947,0.009634019
2948,0.011578175
2949,0.021175217
2950,0.2689074
2951,0.07475873
2952,0.082697995
2953,0.058128286
2954,0.08859534
2955,0.016993344
2956,0.029478882
2957,0.008476846
2958,0.02483714
2959,0.044048946
2960,0.16044106
2961,0.062626034
2962,0.04669936
2963,0.12997137
2964,0.43629166
2965,0.10423947
2966,0.015869997
2967,0.12799187
2968,0.065963835
2969,0.24216384
2970,0.17642951
2971,0.0717802
2972,0.021349873
2973,0.052522793
2974,0.10461781
2975,0.24434215
2976,0.04509912
2977,0.23968777
2978,0.10904572
2979,0.08525999
2980,0.01691687
2981,0.010671184
2982,0.018107357
2983,0.02014902
2984,0.06416231
2985,0.074831896
2986,0.019578418
2987,0.13798898
2988,0.2470066
2989,0.13803488
2990,0.097706355
2991,0.038296223
2992,0.113395296
2993,0.17991771
2994,0.2529451
2995,0.060834978
2996,0.010504727
2997,0.04886212
2998,0.019373938
2999,0.068572655
3000,0.4793392
3001,0.042434342
3002,0.049831204
3003,0.39825413
3004,0.25101385
3005,0.010834424
3006,0.010742348
3007,0.0094478205
3008,0.04098603
3009,0.06905032
3010,0.15064853
3011,0.256252
3012,0.11639773
3013,0.111670285
3014,0.25303477
3015,0.24482775
3016,0.1574171
3017,0.19779807
3018,0.4074112
3019,0.08452833
3020,0.0030956795
3021,0.023542006
3022,0.042111613
3023,0.0952174
3024,0.0565134
3025,0.18694027
3026,0.886467
3027,0.0034831513
3028,0.052598577
3029,0.39309826
3030,0.017414764
3031,0.048006304
3032,0.2704178
3033,0.014792286
3034,0.05730491
3035,0.09009395
3036,0.022874845
3037,0.057139263
3038,0.17236888
3039,0.07038258
3040,0.09762793
3041,0.1873174
3042,0.16216673
3043,0.19785763
3044,0.39857477
3045,0.1507437
3046,0.030432539
3047,0.25749186
3048,0.24077514
3049,0.14573912
3050,0.8404417
3051,0.42304924
3052,0.2732907
3053,0.0062291394
3054,0.03012358
3055,0.117162794
3056,0.018832961
3057,0.050968934
3058,0.026025575
3059,0.009459946
3060,0.06626819
3061,0.0069308965
3062,0.011770934
3063,0.035427026
3064,0.07858783
3065,0.13537563
3066,0.13294695
3067,0.1318675
3068,0.09665267
3069,0.25635022
3070,0.09930821
3071,0.032023042
3072,0.11195057
3073,0.17376791
3074,0.019336093
3075,0.06252891
3076,0.75530934
3077,0.9442145
3078,0.39361158
3079,0.0073590847
3080,0.024033023
3081,0.0403295
3082,0.29842454
3083,0.07859628
3084,0.06402019
3085,0.010007116
3086,0.062204786
3087,0.07147768
3088,0.057681438
3089,0.013250836
3090,0.2528575
3091,0.022443444
3092,0.042731367
3093,0.13139254
3094,0.12900423
3095,0.063671105
3096,0.044083644
3097,0.1067337
3098,0.22905426
3099,0.026666615
3100,0.12037909
3101,0.09971113
3102,0.09739471
3103,0.8316118
3104,0.8651724
3105,0.49951673
3106,0.016153626
3107,0.22276181
3108,0.006944483
3109,0.1464752
3110,0.093521126
3111,0.2453084
3112,0.04108024
3113,0.0816093
3114,0.02511363
3115,0.06271459
3116,0.13104899
3117,0.24858548
3118,0.12998395
3119,0.4969767
3120,0.27079105
3121,0.16561916
3122,0.16056183
3123,0.105505794
3124,0.074229896
3125,0.13709524
3126,0.048595097
3127,0.03512472
3128,0.122737534
3129,0.14623173
3130,0.05656131
3131,0.094512306
3132,0.8766695
3133,0.96766233
3134,0.92906594
3135,0.059733626
3136,0.0445411
3137,0.13790494
3138,0.012761002
3139,0.15630074
3140,0.02753802
3141,0.019896846
3142,0.023095118
3143,0.061745282
3144,0.12642284
3145,0.049984552
3146,0.39728087
3147,0.4948584
3148,0.08558499
3149,0.14155446
3150,0.11976069
3151,0.1907694
3152,0.07470179
3153,0.2500897
3154,0.08819083
3155,0.031875476
3156,0.10299952
3157,0.0999788
3158,0.123734966
3159,0.05674646
3160,0.29333055
3161,0.41238844
3162,0.2575716
3163,0.08064082
3164,0.031574875
3165,0.13309546
3166,0.012964121
3167,0.08014652
3168,0.18526012
3169,0.029823754
3170,0.05021001
3171,0.055757165
3172,0.018694824
3173,0.02040968
3174,0.051713884
3175,0.049310166
3176,0.26177046
3177,0.6377077
3178,0.28328916
3179,0.28238624
3180,0.1389147
3181,0.18163183
3182,0.18352798
3183,0.5137873
3184,0.07862313
3185,0.028635163
3186,0.036735725
3187,0.03282592
3188,0.15743157
3189,0.16821176
3190,0.097043745
3191,0.19627537
3192,0.36977586
3193,0.27226835
3194,0.96206796
3195,0.23768519
3196,0.01449109
3197,0.13381626
3198,0.165121
3199,0.020746153
3200,0.061993092
3201,0.27890655
3202,0.076602735
3203,0.045909364
3204,0.047958206
3205,0.056077465
3206,0.24306475
3207,0.38749418
3208,0.27999288
3209,0.53792703
3210,0.29810867
3211,0.1782949
3212,0.15320006
3213,0.23787555
3214,0.0131604215
3215,0.028929777
3216,0.1460116
3217,0.08614924
3218,0.04825249
3219,0.17870067
3220,0.24569713
3221,0.050259687
3222,0.5267967
3223,0.26626423
3224,0.07915817
3225,0.13097426
3226,0.08677635
3227,0.049458936
3228,0.007621818
3229,0.032553002
3230,0.06651636
3231,0.111458994
3232,0.13282247
3233,0.15315844
3234,0.28325048
3235,0.8552082
3236,0.4136924
3237,0.40702447
3238,0.5837944
3239,0.10099209
3240,0.06802148
3241,0.07924296
3242,0.13543004
3243,0.25759625
3244,0.072081365
3245,0.032853834
3246,0.066992156
3247,0.14618981
3248,0.12126202
3249,0.021851651
3250,0.0174118
3251,0.038104687
3252,0.020231623
3253,0.019573262
3254,0.013319474
3255,0.033820987
3256,0.093717724
3257,0.07231469
3258,0.09217333
3259,0.20058703
3260,0.2926364
3261,0.36903214
3262,0.64714473
3263,0.60374653
3264,0.2740012
3265,0.11520183
3266,0.041522626
3267,0.022922894
3268,0.055207
3269,0.122625254
3270,0.016650457
3271,0.007935787
3272,0.033336617
3273,0.4590265
3274,0.048704263
3275,0.01800667
3276,0.06966086
3277,0.03976401
3278,0.10392066
3279,0.045591105
3280,0.052142408
3281,0.01967523
3282,0.047542695
3283,0.015337702
3284,0.017138815
3285,0.033577725
3286,0.101515256
3287,0.14151835
3288,0.576825
3289,0.3876663
3290,0.16567358
3291,0.83754617
3292,0.417106
3293,0.4195863
3294,0.09312573
3295,0.041245893
3296,0.04519303
3297,0.052293487
3298,0.055935226
3299,0.036791094
3300,0.058503266
3301,0.4177364
3302,0.08043643
3303,0.25694555
3304,0.03457726
3305,0.106096216
3306,0.12310891
3307,0.13314499
3308,0.18756627
3309,0.04678604
3310,0.03529959
3311,0.01277319
3312,0.051587418
3313,0.17002742
3314,0.46591336
3315,0.40512863
3316,0.46966618
3317,0.16846175
3318,0.4043868
3319,0.15796627
3320,0.04209862
3321,0.028909607
3322,0.014594243
3323,0.025945937
3324,0.014989869
3325,0.05694743
3326,0.13146253
3327,0.13415846
3328,0.040555235
3329,0.18529177
3330,0.03704645
3331,0.07311018
3332,0.24508072
3333,0.056355163
3334,0.0095479535
3335,0.010009997
3336,0.14066899
3337,0.16807215
3338,0.039388314
3339,0.13391349
3340,0.27715296
3341,0.079781875
3342,0.090259545
3343,0.029757287
3344,0.090511166
3345,0.0842719
3346,0.041453563
3347,0.1280767
3348,0.116129406
3349,0.047299564
3350,0.029904937
3351,0.010264369
3352,0.13380806
3353,0.013583788
3354,0.09501417
3355,0.04304998
3356,0.042227495
3357,0.24758993
3358,0.03791763
3359,0.069438085
3360,0.0595853
3361,0.1830715
3362,0.38584813
3363,0.3800076
3364,0.0173722
3365,0.014958285
3366,0.015204834
3367,0.03189549
3368,0.067326784
3369,0.062065825
3370,0.12998782
3371,0.014437928
3372,0.028729506
3373,0.018155936
3374,0.03100018
3375,0.021202976
3376,0.028159494
3377,0.0906226
3378,0.13095485
3379,0.40109465
3380,0.017589474
3381,0.021818062
3382,0.063742876
3383,0.081345454
3384,0.093083434
3385,0.26655874
3386,0.031680193
3387,0.015840895
3388,0.01209195
3389,0.1088639
3390,0.035739463
3391,0.016574576
3392,0.08315309
3393,0.13706122
3394,0.05077089
3395,0.019624166
3396,0.010044728
3397,0.27163002
3398,0.015616504
3399,0.032695796
3400,0.15750273
3401,0.07465621
3402,0.054470498
3403,0.020304678
3404,0.029406203
3405,0.07758219
3406,0.286788
3407,0.03131252
3408,0.022268908
3409,0.0301432
3410,0.043570552
3411,0.06569468
3412,0.1680664
3413,0.069256775
3414,0.17757851
3415,0.10516029
3416,0.02936583
3417,0.016372845
3418,0.049221728
3419,0.042063612
3420,0.026501263
3421,0.1712422
3422,0.018710168
3423,0.10006291
3424,0.017802842
3425,0.13459632
3426,0.053709682
3427,0.007960683
3428,0.009809339
3429,0.293012
3430,0.5154722
3431,0.25287288
3432,0.022300173
3433,0.084781006
3434,0.04518181
3435,0.034274045
3436,0.10756482
3437,0.06965247
3438,0.08420876
3439,0.7683104
3440,0.08237559
3441,0.08589895
3442,0.090542406
3443,0.038234007
3444,0.1463003
3445,0.47407308
3446,0.07890523
3447,0.13965201
3448,0.028750777
3449,0.024172803
3450,0.10180135
3451,0.03231635
3452,0.02344022
3453,0.0037219117
3454,0.060767017
3455,0.0385689
3456,0.052903038
3457,0.012880473
3458,0.017150238
3459,0.10065715
3460,0.03787411
3461,0.03793477
3462,0.034131017
3463,0.07997792
3464,0.13070637
3465,0.020949172
3466,0.056648962
3467,0.47155216
3468,0.06190027
3469,0.08764013
3470,0.045471832
3471,0.03743533
3472,0.049750626
3473,0.053345565
3474,0.014895064
3475,0.2805264
3476,0.030039577
3477,0.0023975621
3478,0.0058752345
3479,0.020678958
3480,0.046881326
3481,0.07932451
3482,0.022860274
3483,0.12169492
3484,0.040478744
3485,0.039677992
3486,0.26706645
3487,0.027971117
3488,0.024625724
3489,0.056120023
3490,0.012578912
3491,0.04141243
3492,0.11919446
3493,0.072983965
3494,0.0022491321
3495,0.015821826
3496,0.019341476
3497,0.0058180084
3498,0.06499607
3499,0.13963316
3500,0.095403954
3501,0.08880964
3502,0.089930184
3503,0.027225696
3504,0.047423683
3505,0.016019955
3506,0.06834519
3507,0.17928782
3508,0.09911913
3509,0.013691336
3510,0.039543696
3511,0.02367411
3512,0.021227665
3513,0.012476514
3514,0.019633414
3515,0.007609194
3516,0.010077778
3517,0.01516445
3518,0.012812186
3519,0.022329764
3520,0.05418461
3521,0.05815142
3522,0.12756404
3523,0.13008986
3524,0.16919293
3525,0.0089032985
3526,0.029036485
3527,0.014517494
3528,0.023176089
3529,0.024393683
3530,0.0034498437
3531,0.015481647
3532,0.028659087
3533,0.012945108
3534,0.013873852
3535,0.06967602
3536,0.027473802
3537,0.047063448
3538,0.05745038
3539,0.018974945
3540,0.015401729
3541,0.07322652
3542,0.032944728
3543,0.051862106
3544,0.008982055
3545,0.030433087
3546,0.01167588
3547,0.019230159
3548,0.08965898
3549,0.013248905
3550,0.003630738
3551,0.0118914
3552,0.11487589
3553,0.05819374
3554,0.07171056
3555,0.0738015
3556,0.0143137975
3557,0.105359726
3558,0.024427133
3559,0.009831059
3560,0.0033252863
3561,0.066348985
3562,0.015530399
3563,0.07289445
3564,0.016144777
3565,0.1101771
3566,0.017059963
3567,0.027722742
3568,0.02693091
3569,0.028879445
3570,0.012812505
3571,0.013343054
3572,0.012435154
3573,0.007993526
3574,0.012391203
3575,0.03188359
3576,0.01034341
3577,0.013783621
3578,0.07388106
3579,0.13360597
3580,0.017791348
3581,0.028317576
3582,0.014455437
3583,0.01957814
3584,0.0530572
3585,0.0242533
3586,0.01150588
3587,0.029384214
3588,0.01921654
3589,0.03167864
3590,0.058229793
3591,0.101818696
3592,0.018281814
3593,0.07724664
3594,0.0108457785
3595,0.04542825
3596,0.033180226
3597,0.020193169
3598,0.06098448
3599,0.037979994
3600,0.03148357
3601,0.014199541
3602,0.081849694
3603,0.06333621
3604,0.008099599
3605,0.0365112
3606,0.076538205
3607,0.0296409
3608,0.07602229
3609,0.3656625
3610,0.3494657
3611,0.015243605
3612,0.03695448
3613,0.35279638
3614,0.03849856
3615,0.2790729
3616,0.073201515
3617,0.25522238
3618,0.057266783
3619,0.024783624
3620,0.03716559
3621,0.016762398
3622,0.0095964
3623,0.24007688
3624,0.0538745
3625,0.5509962
3626,0.10772759
3627,0.11185547
3628,0.048579212
3629,0.025402064
3630,0.042475745
3631,0.031452984
3632,0.016859636
3633,0.0100792935
3634,0.07523705
3635,0.09727562
3636,0.4521659
3637,0.49702737
3638,0.047593653
3639,0.031036662
3640,0.11470186
3641,0.25053564
3642,0.0063821524
3643,0.05771929
3644,0.05093284
3645,0.051517546
3646,0.052623227
3647,0.43689618
3648,0.10365909
3649,0.41936857
3650,0.4930295
3651,0.0833449
3652,0.4961815
3653,0.00497314
3654,0.061348416
3655,0.22711286
3656,0.044866584
3657,0.044268906
3658,0.036903504
3659,0.021883167
3660,0.03368617
3661,0.10257527
3662,0.12641177
3663,0.055240136
3664,0.036752753
3665,0.03360478
3666,0.28091028
3667,0.043347396
3668,0.034534663
3669,0.07190682
3670,0.057893526
3671,0.07143676
3672,0.030814936
3673,0.041729912
3674,0.06502435
3675,0.063482754
3676,0.037367072
3677,0.06607227
3678,0.14241299
3679,0.058536414
3680,0.2611244
3681,0.043626375
3682,0.009273176
3683,0.015886026
3684,0.017047312
3685,0.48357835
3686,0.099615574
3687,0.051707372
3688,0.1356071
3689,0.4278456
3690,0.0037308068
3691,0.06877473
3692,0.056275193
3693,0.010989847
3694,0.022129392
3695,0.023090763
3696,0.02164226
3697,0.0059316587
3698,0.046653535
3699,0.0035032502
3700,0.09258507
3701,0.09018792
3702,0.103668086
3703,0.24181922
3704,0.2670898
3705,0.05286712
3706,0.047964938
3707,0.030299628
3708,0.031496834
3709,0.03978856
3710,0.16513678
3711,0.019480605
3712,0.042835537
3713,0.03424959
3714,0.13270983
3715,0.5704484
3716,0.029430186
3717,0.021448243
3718,0.048441432
3719,0.061794996
3720,0.027620781
3721,0.11345287
3722,0.17129232
3723,0.09428767
3724,0.09045426
3725,0.058842406
3726,0.040594857
3727,0.03234939
3728,0.028546598
3729,0.045880027
3730,0.06010163
3731,0.06276869
3732,0.23256291
3733,0.017430611
3734,0.05084081
3735,0.03281222
3736,0.020721987
3737,0.01925134
3738,0.02540994
3739,0.040720966
3740,0.019396115
3741,0.08087694
3742,0.15725827
3743,0.27584165
3744,0.047517247
3745,0.04571267
3746,0.0435928
3747,0.12748542
3748,0.06873601
3749,0.01962923
3750,0.0781956
3751,0.01880328
3752,0.028703352
3753,0.13478065
3754,0.03280095
3755,0.024312284
3756,0.029720856
3757,0.07016016
3758,0.07201228
3759,0.14450942
3760,0.10452028
3761,0.12934677
3762,0.07833653
3763,0.049298044
3764,0.020927945
3765,0.05917985
3766,0.04448972
3767,0.07195456
3768,0.04593418
3769,0.58005023
3770,0.12955812
3771,0.021826653
3772,0.014973357
3773,0.12014343
3774,0.05558698
3775,0.047907874
3776,0.0214534
3777,0.016840506
3778,0.05122017
3779,0.011514197
3780,0.020078707
3781,0.024530554
3782,0.08014982
3783,0.043669894
3784,0.08819535
3785,0.07039566
3786,0.1301496
3787,0.2434456
3788,0.35264763
3789,0.07473744
3790,0.025597574
3791,0.0770445
3792,0.01703183
3793,0.04464867
3794,0.062150277
3795,0.060831163
3796,0.14138614
3797,0.054435074
3798,0.10219248
3799,0.04519867
3800,0.06542249
3801,0.017709162
3802,0.019038353
3803,0.11880268
3804,0.006694225
3805,0.03239617
3806,0.075716674
3807,0.013618537
3808,0.02602519
3809,0.045143012
3810,0.069104515
3811,0.08851817
3812,0.14555563
3813,0.12886688
3814,0.24036063
3815,0.10250574
3816,0.13621704
3817,0.012645632
3818,0.10325599
3819,0.05108709
3820,0.042263657
3821,0.09407557
3822,0.03226687
3823,0.02136368
3824,0.046659805
3825,0.054333784
3826,0.011926922
3827,0.053797152
3828,0.073479496
3829,0.0352814
3830,0.064466946
3831,0.027093003
3832,0.031753287
3833,0.065807424
3834,0.018569835
3835,0.036216103
3836,0.02539025
3837,0.07072802
3838,0.14924823
3839,0.3921106
3840,0.120871596
3841,0.12712047
3842,0.073663086
3843,0.08933142
3844,0.08302326
3845,0.09440146
3846,0.05426624
3847,0.011796477
3848,0.0077673895
3849,0.022052556
3850,0.2614515
3851,0.080163926
3852,0.08924941
3853,0.060609788
3854,0.09083748
3855,0.020195935
3856,0.03011525
3857,0.00777464
3858,0.021031657
3859,0.039065517
3860,0.15517199
3861,0.062345166
3862,0.047909025
3863,0.1293006
3864,0.5403172
3865,0.10418609
3866,0.019631822
3867,0.24386889
3868,0.064986564
3869,0.1893693
3870,0.19324152
3871,0.07076279
3872,0.02097634
3873,0.048746746
3874,0.024715176
3875,0.10510091
3876,0.1788032
3877,0.04622658
3878,0.24861199
3879,0.09819252
3880,0.07984011
3881,0.01765426
3882,0.012183019
3883,0.023007799
3884,0.055981457
3885,0.07972956
3886,0.018612491
3887,0.13344227
3888,0.1744912
3889,0.13783874
3890,0.09024298
3891,0.036322813
3892,0.125592
3893,0.17954291
3894,0.25333127
3895,0.061681014
3896,0.05486878
3897,0.06504278
3898,0.48858416
3899,0.038629867
3900,0.08047321
3901,0.29253966
3902,0.2500612
3903,0.01757413
3904,0.020905422
3905,0.010832701
3906,0.043019112
3907,0.07345333
3908,0.15458378
3909,0.25719303
3910,0.12129507
3911,0.09915182
3912,0.25526714
3913,0.1574033
3914,0.16608952
3915,0.18831271
3916,0.38280347
3917,0.08336571
3918,0.022963094
3919,0.040939845
3920,0.09001176
3921,0.056293704
3922,0.27772126
3923,0.836465
3924,0.0053933403
3925,0.050246052
3926,0.39064512
3927,0.019314246
3928,0.04377266
3929,0.27737555
3930,0.013244876
3931,0.05230819
3932,0.0954556
3933,0.026169121
3934,0.05433768
3935,0.003536347
3936,0.27664262
3937,0.06927943
3938,0.10124834
3939,0.1828303
3940,0.16187853
3941,0.24944094
3942,0.37110293
3943,0.16152073
3944,0.030838085
3945,0.25994986
3946,0.10862603
3947,0.13608408
3948,0.8036642
3949,0.41617215
3950,0.31780905
3951,0.0049583064
3952,0.022777623
3953,0.12350526
3954,0.05721929
3955,0.029573211
3956,0.01324656
3957,0.02035942
3958,0.013066623
3959,0.0683648
3960,0.01231493
3961,0.03743057
3962,0.07252292
3963,0.14086963
3964,0.12209386
3965,0.13645697
3966,0.09850308
3967,0.25312307
3968,0.22975147
3969,0.029324641
3970,0.12351532
3971,0.26020482
3972,0.021307059
3973,0.08249889
3974,0.8128265
3975,0.9351311
3976,0.45150095
3977,0.028664583
3978,0.04331638
3979,0.28994587
3980,0.087714195
3981,0.06780396
3982,0.011549378
3983,0.06797052
3984,0.06738494
3985,0.051291205
3986,0.013431299
3987,0.24918176
3988,0.022745144
3989,0.039661232
3990,0.1443965
3991,0.12157429
3992,0.0604081
3993,0.044803552
3994,0.09796094
3995,0.22713178
3996,0.032139376
3997,0.13590144
3998,0.10617934
3999,0.10359047
4000,0.79218495
4001,0.9073218
4002,0.50816756
4003,0.018988637
4004,0.21864477
4005,0.026302356
4006,0.14094646
4007,0.11218782
4008,0.24122638
4009,0.042381242
4010,0.092773594
4011,0.025062716
4012,0.05808684
4013,0.15419547
4014,0.24660122
4015,0.109091416
4016,0.49692094
4017,0.26516014
4018,0.16277532
4019,0.16535817
4020,0.11029927
4021,0.06999814
4022,0.13580087
4023,0.050990026
4024,0.036565907
4025,0.023006056
4026,0.12780048
4027,0.2408354
4028,0.06746198
4029,0.109652944
4030,0.026877567
4031,0.85551757
4032,0.9548012
4033,0.8615392
4034,0.052961625
4035,0.036009233
4036,0.1324001
4037,0.013970837
4038,0.17635794
4039,0.030193549
4040,0.022670398
4041,0.017989744
4042,0.060736816
4043,0.13734588
4044,0.045675002
4045,0.4210507
4046,0.48419634
4047,0.08699257
4048,0.13968603
4049,0.120113805
4050,0.2565796
4051,0.083981335
4052,0.24598517
4053,0.09336277
4054,0.03126023
4055,0.09929252
4056,0.10348295
4057,0.104877874
4058,0.05235759
4059,0.39192346
4060,0.40140596
4061,0.1623432
4062,0.08445019
4063,0.027426407
4064,0.13970695
4065,0.07953534
4066,0.1940836
4067,0.034414675
4068,0.040873554
4069,0.054700732
4070,0.020554839
4071,0.057827007
4072,0.05140952
4073,0.25092602
4074,0.6132783
4075,0.27319804
4076,0.27805606
4077,0.13162181
4078,0.18927112
4079,0.24830705
4080,0.5505166
4081,0.0790987
4082,0.02926149
4083,0.038737115
4084,0.031092053
4085,0.14770034
4086,0.1484674
4087,0.08109933
4088,0.29547635
4089,0.2691976
4090,0.18564905
4091,0.89995825
4092,0.11693982
4093,0.020669496
4094,0.13528028
4095,0.17783855
4096,0.023319408
4097,0.063245684
4098,0.13374673
4099,0.08129367
4100,0.05323743
4101,0.045896124
4102,0.057096086
4103,0.18123922
4104,0.44964424
4105,0.27559918
4106,0.5339017
4107,0.42645562
4108,0.18935342
4109,0.14184137
4110,0.36276472
4111,0.014022469
4112,0.031026004
4113,0.16238777
4114,0.08903983
4115,0.051368695
4116,0.26837522
4117,0.24794269
4118,0.05629506
4119,0.5098752
4120,0.25748882
4121,0.07592447
4122,0.1181073
4123,0.08518636
4124,0.04917432
4125,0.012605689
4126,0.007654265
4127,0.016070446
4128,0.030582199
4129,0.063751414
4130,0.10971659
4131,0.12699807
4132,0.14149006
4133,0.41147858
4134,0.7986707
4135,0.42735165
4136,0.28655028
4137,0.53754264
4138,0.10902796
4139,0.0736149
4140,0.06464461
4141,0.14890437
4142,0.17491493
4143,0.082601376
4144,0.029927744
4145,0.058625326
4146,0.1639924
4147,0.017695647
4148,0.052237034
4149,0.11435116
4150,0.025652274
4151,0.0340632
4152,0.02308967
4153,0.011332241
4154,0.03330936
4155,0.09217292
4156,0.07112151
4157,0.08958527
4158,0.19904637
4159,0.17800862
4160,0.36479437
4161,0.64430463
4162,0.6513938
4163,0.39774752
4164,0.110868104
4165,0.0033869634
4166,0.042505596
4167,0.021172537
4168,0.061914742
4169,0.11460795
4170,0.0071581085
4171,0.029720193
4172,0.50772977
4173,0.04998818
4174,0.018020729
4175,0.07189277
4176,0.034079872
4177,0.104299456
4178,0.04264736
4179,0.055921588
4180,0.014800583
4181,0.033579577
4182,0.11173769
4183,0.13992147
4184,0.6002814
4185,0.3848589
4186,0.17263027
4187,0.8504107
4188,0.40449664
4189,0.43634778
4190,0.081928626
4191,0.04466283
4192,0.033242475
4193,0.044229228
4194,0.050081868
4195,0.062124502
4196,0.035826907
4197,0.052008733
4198,0.44242758
4199,0.09077562
4200,0.36509538
4201,0.025573408
4202,0.10328219
4203,0.12920988
4204,0.14775561
4205,0.17224252
4206,0.042570435
4207,0.032664433
4208,0.00818469
4209,0.047961306
4210,0.18261789
4211,0.49230868
4212,0.4293572
4213,0.42728218
4214,0.14121972
4215,0.38217282
4216,0.15786143
4217,0.058490716
4218,0.029661516
4219,0.011392729
4220,0.025709828
4221,0.01703976
4222,0.06076885
4223,0.1406439
4224,0.12559453
4225,0.05132189
4226,0.1817117
4227,0.035791337
4228,0.078905225
4229,0.24403597
4230,0.05177667
4231,0.011353289
4232,0.010732628
4233,0.12830976
4234,0.16938469
4235,0.043082174
4236,0.14925745
4237,0.27541336
4238,0.08625415
4239,0.08951708
4240,0.028551703
4241,0.09429987
4242,0.087767445
4243,0.04510203
4244,0.13063067
4245,0.1180561
4246,0.050935365
4247,0.033668425
4248,0.011423305
4249,0.13443668
4250,0.010512288
4251,0.095465235
4252,0.040380828
4253,0.04130366
4254,0.14089356
4255,0.036878727
4256,0.06792374
4257,0.008744272
4258,0.058955647
4259,0.18968366
4260,0.4031908
4261,0.42551363
4262,0.015598006
4263,0.012252047
4264,0.02127056
4265,0.019046735
4266,0.031988908
4267,0.054902468
4268,0.016459294
4269,0.06064685
4270,0.13533394
4271,0.0111288745
4272,0.054830667
4273,0.019045513
4274,0.03253823
4275,0.020023964
4276,0.087380365
4277,0.11997536
4278,0.29669517
4279,0.016904317
4280,0.021950062
4281,0.064482614
4282,0.07844331
4283,0.10267075
4284,0.27262017
4285,0.017956207
4286,0.011963583
4287,0.11136157
4288,0.038599286
4289,0.01501206
4290,0.090172134
4291,0.14149113
4292,0.047442682
4293,0.011604856
4294,0.019522373
4295,0.0101978835
4296,0.2686673
4297,0.030462937
4298,0.16052331
4299,0.06548768
4300,0.050524008
4301,0.019642431
4302,0.032538645
4303,0.09188437
4304,0.27755266
4305,0.02829266
4306,0.017643156
4307,0.034019317
4308,0.045405157
4309,0.06249773
4310,0.23973659
4311,0.06880045
4312,0.2415031
4313,0.109152175
4314,0.030014643
4315,0.05375227
4316,0.041564777
4317,0.031543016
4318,0.26946047
4319,0.017678631
4320,0.10495757
4321,0.018958243
4322,0.13219944
4323,0.051184155
4324,0.012461404
4325,0.28766924
4326,0.3175563
4327,0.1249042
4328,0.023707952
4329,0.08886199
4330,0.044707153
4331,0.03868746
4332,0.10245195
4333,0.07316229
4334,0.08542073
4335,0.80977803
4336,0.079850025
4337,0.08178367
4338,0.09079729
4339,0.03955071
4340,0.15702075
4341,0.49282524
4342,0.07797343
4343,0.13551922
4344,0.029674502
4345,0.014261514
4346,0.008548243
4347,0.030384365
4348,0.10460016
4349,0.03245769
4350,0.02656382
4351,0.057197865
4352,0.04484987
4353,0.020885156
4354,0.06515607
4355,0.01823188
4356,0.08887638
4357,0.038132448
4358,0.0341089
4359,0.08891985
4360,0.11711807
4361,0.023680462
4362,0.05596254
4363,0.48904634
4364,0.05591537
4365,0.08381937
4366,0.04798155
4367,0.0374024
4368,0.056524083
4369,0.055832744
4370,0.019820778
4371,0.4215797
4372,0.030659495
4373,0.0031823933
4374,0.018595807
4375,0.05452004
4376,0.08276846
4377,0.019350354
4378,0.13430378
4379,0.042044234
4380,0.030454751
4381,0.0059209713
4382,0.044099696
4383,0.38606444
4384,0.05222373
4385,0.022635443
4386,0.010102653
4387,0.021047251
4388,0.06853498
4389,0.012715882
4390,0.038720947
4391,0.12937532
4392,0.08814612
4393,0.0106419595
4394,0.013838187
4395,0.017334096
4396,0.0646091
4397,0.13738097
4398,0.1006728
4399,0.091901414
4400,0.07365822
4401,0.028996855
4402,0.04438037
4403,0.01696514
4404,0.07452193
4405,0.16168538
4406,0.12732174
4407,0.018218664
4408,0.012090165
4409,0.039436165
4410,0.016093865
4411,0.020149736
4412,0.019781083
4413,0.00630776
4414,0.011154937
4415,0.015034369
4416,0.0143988095
4417,0.021028107
4418,0.06406606
4419,0.060889963
4420,0.1255331
4421,0.12731428
4422,0.18884313
4423,0.013048981
4424,0.031336926
4425,0.014081557
4426,0.021961212
4427,0.024551991
4428,0.016231947
4429,0.0117114335
4430,0.013107332
4431,0.008566896
4432,0.06876677
4433,0.04741596
4434,0.059259582
4435,0.016113358
4436,0.016997516
4437,0.010012604
4438,0.070846125
4439,0.031956915
4440,0.05438077
4441,0.008539269
4442,0.0097640725
4443,0.030202363
4444,0.01784808
4445,0.08640708
4446,0.011367769
4447,0.009886783
4448,0.11075103
4449,0.05788622
4450,0.07425249
4451,0.06219946
4452,0.101776175
4453,0.02690531
4454,0.013359923
4455,0.0075950683
4456,0.06139747
4457,0.017583027
4458,0.07845323
4459,0.004429182
4460,0.1110531
4461,0.01725918
4462,0.02823949
4463,0.028407548
4464,0.010249887
4465,0.015629025
4466,0.038045466
4467,0.01102501
4468,0.011620602
4469,0.016423002
4470,0.062652335
4471,0.029653164
4472,0.14595543
4473,0.01804202
4474,0.025244912
4475,0.00267277
4476,0.020519098
4477,0.046482984
4478,0.0195495
4479,0.012637382
4480,0.0291357
4481,0.030976694
4482,0.013519325
4483,0.010379756
4484,0.019681426
4485,0.031965796
4486,0.06343761
4487,0.103144996
4488,0.020328926
4489,0.09848378
4490,0.021621075
4491,0.009960555
4492,0.04535708
4493,0.01292561
4494,0.035335906
4495,0.016176432
4496,0.06401171
4497,0.011904291
4498,0.03446585
4499,0.041705232
4500,0.023872953
4501,0.062097143
4502,0.061332475
4503,0.033575263
4504,0.02906852
4505,0.042151213
4506,0.0480516
4507,0.23981023
4508,0.4200869
4509,0.026602086
4510,0.035576757
4511,0.24722086
4512,0.034068286
4513,0.19851755
4514,0.03854458
4515,0.36849713
4516,0.058721937
4517,0.03440763
4518,0.009671264
4519,0.026941502
4520,0.24826196
4521,0.062074207
4522,0.56654507
4523,0.123033464
4524,0.108612426
4525,0.048124183
4526,0.022765912
4527,0.033143673
4528,0.03262044
4529,0.015697656
4530,0.012947819
4531,0.2136373
4532,0.079133995
4533,0.5091799
4534,0.49101886
4535,0.029529301
4536,0.03021348
4537,0.103835054
4538,0.13319328
4539,0.048159752
4540,0.042554393
4541,0.054553904
4542,0.053903665
4543,0.42697737
4544,0.21095924
4545,0.15640311
4546,0.45741773
4547,0.20407169
4548,0.48346427
4549,0.06736077
4550,0.25478795
4551,0.03925579
4552,0.050744604
4553,0.03634037
4554,0.019416345
4555,0.032801878
4556,0.21970865
4557,0.1189089
4558,0.058964457
4559,0.046277918
4560,0.03668163
4561,0.19081496
4562,0.03256271
4563,0.07237814
4564,0.07592678
4565,0.063119724
4566,0.029981056
4567,0.04197937
4568,0.06321041
4569,0.059306853
4570,0.032047905
4571,0.07282136
4572,0.26621273
4573,0.0692096
4574,0.28013858
4575,0.048760295
4576,0.024343895
4577,0.006967164
4578,0.017111843
4579,0.4506954
4580,0.111225456
4581,0.017998405
4582,0.059305847
4583,0.15117781
4584,0.4256556
4585,0.0048880866
4586,0.069294
4587,0.036129206
4588,0.013369903
4589,0.016698908
4590,0.03930518
4591,0.0015022773
4592,0.09195911
4593,0.08259672
4594,0.096365474
4595,0.22601688
4596,0.4284877
4597,0.022050492
4598,0.050210826
4599,0.056633394
4600,0.011091009
4601,0.008764501
4602,0.02733103
4603,0.03663764
4604,0.16848633
4605,0.019251829
4606,0.048273038
4607,0.030811228
4608,0.031508066
4609,0.10580077
4610,0.52468747
4611,0.022995956
4612,0.02127372
4613,0.027418207
4614,0.06374509
4615,0.04374165
4616,0.02379849
4617,0.02952557
4618,0.011270588
4619,0.104757436
4620,0.25966227
4621,0.09699768
4622,0.08547347
4623,0.068689965
4624,0.042959757
4625,0.03337105
4626,0.0319542
4627,0.04080097
4628,0.06588495
4629,0.063933834
4630,0.25326806
4631,0.017807307
4632,0.045991473
4633,0.03337673
4634,0.020386746
4635,0.01944722
4636,0.027810669
4637,0.04067709
4638,0.025976472
4639,0.08774591
4640,0.15766369
4641,0.25077006
4642,0.04569829
4643,0.043166507
4644,0.039978832
4645,0.10539944
4646,0.07138409
4647,0.0165658
4648,0.07814927
4649,0.017136553
4650,0.029173013
4651,0.01204922
4652,0.12825084
4653,0.031087955
4654,0.026346536
4655,0.032238867
4656,0.07055366
4657,0.077603206
4658,0.24370119
4659,0.107236825
4660,0.2450006
4661,0.07224866
4662,0.04825528
4663,0.020406904
4664,0.049068164
4665,0.046117958
4666,0.08146859
4667,0.045234762
4668,0.5632492
4669,0.23835687
4670,0.021670029
4671,0.11589208
4672,0.05745713
4673,0.049479537
4674,0.020535864
4675,0.017824104
4676,0.011159863
4677,0.06614948
4678,0.013976297
4679,0.017606148
4680,0.022280492
4681,0.08216142
4682,0.04230355
4683,0.08645986
4684,0.07153475
4685,0.12243461
4686,0.23778819
4687,0.3860675
4688,0.07408203
4689,0.024617525
4690,0.080039635
4691,0.017792953
4692,0.046534896
4693,0.06461105
4694,0.061805334
4695,0.14382868
4696,0.055541728
4697,0.10048131
4698,0.044984613
4699,0.065902956
4700,0.021164762
4701,0.01901013
4702,0.12299913
4703,0.011315956
4704,0.03408993
4705,0.07129376
4706,0.03522986
4707,0.012496854
4708,0.028134752
4709,0.03858196
4710,0.06705663
4711,0.09124313
4712,0.14598687
4713,0.12807699
4714,0.23841187
4715,0.11463658
4716,0.12088527
4717,0.015265757
4718,0.10179818
4719,0.013528735
4720,0.053236894
4721,0.046280023
4722,0.102386914
4723,0.03572855
4724,0.02181185
4725,0.0479359
4726,0.04776006
4727,0.012679201
4728,0.056149345
4729,0.083823524
4730,0.036435507
4731,0.06745122
4732,0.008683391
4733,0.023638466
4734,0.03083191
4735,0.06518298
4736,0.015433027
4737,0.03712758
4738,0.03984079
4739,0.07640117
4740,0.14844766
4741,0.42108187
4742,0.13052283
4743,0.12803653
4744,0.077590905
4745,0.09373851
4746,0.08199531
4747,0.09184333
4748,0.057123274
4749,0.01104447
4750,0.023320649
4751,0.27906808
4752,0.079123095
4753,0.09036235
4754,0.05943457
4755,0.10022963
4756,0.02285887
4757,0.024034236
4758,0.00983665
4759,0.023282237
4760,0.020526616
4761,0.045562103
4762,0.14905408
4763,0.064906925
4764,0.053749908
4765,0.13346866
4766,0.4929986
4767,0.116568826
4768,0.24419503
4769,0.060283884
4770,0.2474879
4771,0.17694949
4772,0.07065094
4773,0.05123944
4774,0.011683775
4775,0.10366495
4776,0.24604133
4777,0.04882875
4778,0.16785917
4779,0.111070424
4780,0.08128504
4781,0.016727757
4782,0.021947542
4783,0.06118942
4784,0.08824407
4785,0.018035807
4786,0.15226579
4787,0.17702405
4788,0.13697982
4789,0.09152716
4790,0.039886568
4791,0.111814365
4792,0.1748356
4793,0.25233993
4794,0.06735439
4795,0.05031256
4796,0.023881339
4797,0.009787136
4798,0.061046235
4799,0.4562317
4800,0.04551575
4801,0.06648035
4802,0.3768143
4803,0.24653149
4804,0.013114108
4805,0.02100705
4806,0.044355113
4807,0.06820369
4808,0.15567796
4809,0.24478856
4810,0.1114895
4811,0.11090798
4812,0.2555702
4813,0.1641312
4814,0.15563507
4815,0.19766107
4816,0.28966615
4817,0.08304745
4818,0.048608065
4819,0.09377408
4820,0.05725201
4821,0.28054178
4822,0.86640835
4823,0.0033521657
4824,0.060572773
4825,0.4009887
4826,0.017188568
4827,0.047970273
4828,0.2704178
4829,0.0203411
4830,0.014681213
4831,0.052270155
4832,0.08910248
4833,0.02448761
4834,0.059435718
4835,0.2973591
4836,0.07180324
4837,0.09573275
4838,0.18834008
4839,0.16795039
4840,0.19483672
4841,0.3824067
4842,0.2630787
4843,0.17302933
4844,0.23068142
4845,0.1377497
4846,0.7898945
4847,0.41363633
4848,0.29351744
4849,0.0024405723
4850,0.029149929
4851,0.119608596
4852,0.055782244
4853,0.0053506107
4854,0.0108242985
4855,0.011719993
4856,0.06534944
4857,0.012998333
4858,0.033781588
4859,0.07197246
4860,0.13005938
4861,0.12614007
4862,0.13032009
4863,0.09282609
4864,0.2525538
4865,0.09950666
4866,0.028630503
4867,0.11224379
4868,0.1694176
4869,0.018777497
4870,0.06710727
4871,0.81044704
4872,0.95738304
4873,0.42977232
4874,0.0042387345
4875,0.029849084
4876,0.037942607
4877,0.2797055
4878,0.07998998
4879,0.061504625
4880,0.0073596407
4881,0.061045926
4882,0.068537265
4883,0.05216745
4884,0.014035514
4885,0.2490915
4886,0.02218774
4887,0.037577882
4888,0.14220141
4889,0.13431352
4890,0.05643539
4891,0.045859374
4892,0.10395907
4893,0.23083727
4894,0.027983693
4895,0.13695982
4896,0.09881584
4897,0.1095854
4898,0.85270613
4899,0.89193845
4900,0.45321667
4901,0.017901696
4902,0.08554735
4903,0.031454146
4904,0.00835133
4905,0.14445157
4906,0.090429224
4907,0.23930952
4908,0.042910814
4909,0.0681401
4910,0.023685912
4911,0.064238206
4912,0.14816305
4913,0.17794006
4914,0.12781776
4915,0.46150452
4916,0.2634385
4917,0.17263867
4918,0.166853
4919,0.10775204
4920,0.07138014
4921,0.14459804
4922,0.051465865
4923,0.03659667
4924,0.13601138
4925,0.14556776
4926,0.056452174
4927,0.09288184
4928,0.02725895
4929,0.85194284
4930,1.0197245
4931,0.91154397
4932,0.064982414
4933,0.041873716
4934,0.246054
4935,0.1649563
4936,0.029048584
4937,0.021969315
4938,0.022711223
4939,0.060460526
4940,0.13074078
4941,0.047107443
4942,0.40429378
4943,0.51397437
4944,0.08630299
4945,0.13212359
4946,0.11711503
4947,0.18024547
4948,0.08560529
4949,0.25962645
4950,0.23296747
4951,0.036537785
4952,0.10360164
4953,0.09935829
4954,0.120190814
4955,0.053166647
4956,0.023820505
4957,0.41858017
4958,0.3927241
4959,0.2608435
4960,0.07114695
4961,0.02617078
4962,0.120483436
4963,0.012786877
4964,0.08204754
4965,0.18698625
4966,0.030053236
4967,0.040848818
4968,0.053022772
4969,0.020589344
4970,0.01887494
4971,0.056573857
4972,0.049960412
4973,0.39793384
4974,0.57435465
4975,0.28400102
4976,0.28697768
4977,0.12431576
4978,0.1954979
4979,0.16686437
4980,0.48549312
4981,0.0776036
4982,0.027297156
4983,0.03385761
4984,0.03581313
4985,0.15329883
4986,0.25794294
4987,0.0987221
4988,0.22765218
4989,0.26260448
4990,0.16992374
4991,0.868987
4992,0.1084703
4993,0.022250827
4994,0.14329353
4995,0.17538893
4996,0.024418822
4997,0.06719061
4998,0.10168818
4999,0.079567365
5000,0.04635791
5001,0.046555907
5002,0.054480188
5003,0.16165659
5004,0.4360957
5005,0.27288702
5006,0.5359891
5007,0.29797396
5008,0.17116761
5009,0.14885348
5010,0.23530805
5011,0.027396603
5012,0.15596813
5013,0.091470465
5014,0.049908187
5015,0.2563092
5016,0.2522753
5017,0.06487631
5018,0.60272276
5019,0.25991648
5020,0.07595666
5021,0.125122
5022,0.08573982
5023,0.04831424
5024,0.008456079
5025,0.018296832
5026,0.03553906
5027,0.06775769
5028,0.11879508
5029,0.12472176
5030,0.14734735
5031,0.2205729
5032,0.8552082
5033,0.44893202
5034,0.27911183
5035,0.62445325
5036,0.105755664
5037,0.022315258
5038,0.06727082
5039,0.066844344
5040,0.2609373
5041,0.19877222
5042,0.07879415
5043,0.026124712
5044,0.077532396
5045,0.1597246
5046,0.015417491
5047,0.04821734
5048,0.121886075
5049,0.025316924
5050,0.04008456
5051,0.023676936
5052,0.010729233
5053,0.033820987
5054,0.095373996
5055,0.06627437
5056,0.101002514
5057,0.24101575
5058,0.18242043
5059,0.35569623
5060,0.6924985
5061,0.59927416
5062,0.4052999
5063,0.12006459
5064,0.0053394297
5065,0.04068558
5066,0.02063799
5067,0.051725302
5068,0.10775911
5069,0.009990562
5070,0.027114337
5071,0.45370635
5072,0.050685328
5073,0.019950831
5074,0.07932881
5075,0.03868371
5076,0.09408356
5077,0.04151717
5078,0.04636894
5079,0.019326046
5080,0.013906832
5081,0.017374948
5082,0.036837403
5083,0.10462491
5084,0.13562316
5085,0.6049647
5086,0.40862283
5087,0.16613974
5088,0.85055304
5089,0.3920776
5090,0.47184697
5091,0.09004476
5092,0.035651375
5093,0.038938675
5094,0.055131078
5095,0.061094973
5096,0.0617322
5097,0.41819867
5098,0.23511887
5099,0.27091712
5100,0.03525933
5101,0.09812727
5102,0.11642524
5103,0.13044687
5104,0.16351448
5105,0.04464726
5106,0.031364627
5107,0.006749124
5108,0.050959416
5109,0.18538809
5110,0.5217932
5111,0.426865
5112,0.3979696
5113,0.23636611
5114,0.2716699
5115,0.15960942
5116,0.062019583
5117,0.026257936
5118,0.013664964
5119,0.022481008
5120,0.0698916
5121,0.031287298
5122,0.13900937
5123,0.13848035
5124,0.04963852
5125,0.20515586
5126,0.037664384
5127,0.08017893
5128,0.38066262
5129,0.05173489
5130,0.008397942
5131,0.00977239
5132,0.13678433
5133,0.15629826
5134,0.038905505
5135,0.24530846
5136,0.18128194
5137,0.08027522
5138,0.10044696
5139,0.029258547
5140,0.10114249
5141,0.08398468
5142,0.04153761
5143,0.14646621
5144,0.12786919
5145,0.046014395
5146,0.032369196
5147,0.01281517
5148,0.25166842
5149,0.011058353
5150,0.01744002
5151,0.08987307
5152,0.039623827
5153,0.039549172
5154,0.15014917
5155,0.043825727
5156,0.064905226
5157,0.00623702
5158,0.061487187
5159,0.18249065
5160,0.22391205
5161,0.38017917
5162,0.016553117
5163,0.02860654
5164,0.06331706
5165,0.050904702
5166,0.13351083
5167,0.011989797
5168,0.054149263
5169,0.01756587
5170,0.032952763
5171,0.019960994
5172,0.011802246
5173,0.08987144
5174,0.123015545
5175,0.4189562
5176,0.01693778
5177,0.021084303
5178,0.06261849
5179,0.07971755
5180,0.10595071
5181,0.40945876
5182,0.03373563
5183,0.009886733
5184,0.1303807
5185,0.039947763
5186,0.016962225
5187,0.08800681
5188,0.12733296
5189,0.053541645
5190,0.019664815
5191,0.1914238
5192,0.02110452
5193,0.016807677
5194,0.031070506
5195,0.15571612
5196,0.06984302
5197,0.04920596
5198,0.019164268
5199,0.029643709
5200,0.08167761
5201,0.28507462
5202,0.029102784
5203,0.017870588
5204,0.029376091
5205,0.044093933
5206,0.07012496
5207,0.24264468
5208,0.067478515
5209,0.17092042
5210,0.1100431
5211,0.029422374
5212,0.050860453
5213,0.053335104
5214,0.027582342
5215,0.18987143
5216,0.01916087
5217,0.021167606
5218,0.109816246
5219,0.01898941
5220,0.13075024
5221,0.0510716
5222,0.0091862995
5223,0.01223845
5224,0.29987288
5225,0.4833143
5226,0.124961086
5227,0.019589845
5228,0.011703214
5229,0.08159468
5230,0.05074815
5231,0.0397594
5232,0.099082015
5233,0.06716728
5234,0.085409716
5235,0.74306446
5236,0.019756671
5237,0.07855097
5238,0.0206813
5239,0.08589895
5240,0.11245787
5241,0.0218484
5242,0.039481282
5243,0.16584203
5244,0.51472694
5245,0.08465313
5246,0.14080599
5247,0.02003417
5248,0.026023697
5249,0.026469843
5250,0.104245186
5251,0.034567114
5252,0.025598885
5253,0.06435743
5254,0.05336041
5255,0.030803787
5256,0.02050987
5257,0.06508761
5258,0.019467218
5259,0.107836634
5260,0.03795539
5261,0.01673937
5262,0.034505885
5263,0.07407135
5264,0.114471816
5265,0.021807158
5266,0.07103282
5267,0.5340186
5268,0.05304739
5269,0.09986328
5270,0.046449147
5271,0.0561443
5272,0.016255055
5273,0.4213406
5274,0.028257327
5275,0.016725093
5276,0.052640337
5277,0.083367914
5278,0.022860274
5279,0.10968166
5280,0.044108313
5281,0.030781042
5282,0.041277017
5283,0.38330445
5284,0.019875325
5285,0.0067339847
5286,0.022460934
5287,0.017131245
5288,0.05366165
5289,0.010069813
5290,0.041255794
5291,0.11858654
5292,0.06739782
5293,0.018094327
5294,0.016765377
5295,0.06903758
5296,0.12982322
5297,0.0940137
5298,0.09083691
5299,0.071762666
5300,0.026229154
5301,0.049507566
5302,0.019132398
5303,0.07185857
5304,0.26613304
5305,0.09489179
5306,0.0073944796
5307,0.03964427
5308,0.017494008
5309,0.017096708
5310,0.020685162
5311,0.015986454
5312,0.017268397
5313,0.0074300296
5314,0.008074826
5315,0.01535502
5316,0.016264945
5317,0.02074334
5318,0.062063
5319,0.05920292
5320,0.13535945
5321,0.0039461735
5322,0.009718695
5323,0.00917777
5324,0.13572782
5325,0.00732867
5326,0.18444365
5327,0.007536266
5328,0.017018534
5329,0.031684443
5330,0.016598938
5331,0.012836523
5332,0.021178668
5333,0.021815086
5334,0.029302603
5335,0.0151563445
5336,0.015445544
5337,0.07683005
5338,0.0256891
5339,0.042632952
5340,0.062501445
5341,0.013515032
5342,0.008868734
5343,0.06861648
5344,0.028946945
5345,0.0534813
5346,0.031045977
5347,0.01680689
5348,0.0775954
5349,0.010869341
5350,0.011794279
5351,0.11453743
5352,0.061657496
5353,0.068876326
5354,0.07029719
5355,0.01424893
5356,0.100101285
5357,0.025758883
5358,0.010682035
5359,0.0576488
5360,0.017718272
5361,0.08609028
5362,0.12888888
5363,0.01742756
5364,0.027848385
5365,0.03474817
5366,0.030218886
5367,0.026003083
5368,0.01107209
5369,0.013389078
5370,0.011919446
5371,0.03215273
5372,0.011408971
5373,0.01246237
5374,0.014767885
5375,0.06677161
5376,0.030210704
5377,0.003513247
5378,0.004437129
5379,0.13610871
5380,0.01684063
5381,0.013798535
5382,0.021488411
5383,0.051270835
5384,0.02291272
5385,0.013509076
5386,0.02702423
5387,0.017327605
5388,0.027688334
5389,0.012117113
5390,0.017287482
5391,0.027108662
5392,0.059216984
5393,0.09425582
5394,0.021588864
5395,0.06722893
5396,0.014302596
5397,0.0212726
5398,0.011791632
5399,0.02303723
5400,0.042493105
5401,0.033675857
5402,0.02072034
5403,0.10182251
5404,0.0055068717
5405,0.037694138
5406,0.04253671
5407,0.02376264
5408,0.08454632
5409,0.057534236
5410,0.03321266
5411,0.01944216
5412,0.04693377
5413,0.37960237
5414,0.39053306
5415,0.026107602
5416,0.03843603
5417,0.25626594
5418,0.043038692
5419,0.2778739
5420,0.039634354
5421,0.14134064
5422,0.056290913
5423,0.031901795
5424,0.008414862
5425,0.007296575
5426,0.013444569
5427,0.006384353
5428,0.23130122
5429,0.05265805
5430,0.52265733
5431,0.14099537
5432,0.040565934
5433,0.26028568
5434,0.05379339
5435,0.022423515
5436,0.019392455
5437,0.032280676
5438,0.030193606
5439,0.013003148
5440,0.1967848
5441,0.09383018
5442,0.49456543
5443,0.4806284
5444,0.031779
5445,0.10032812
5446,0.15804301
5447,0.0055503645
5448,0.0045089694
5449,0.057587016
5450,0.05019903
5451,0.04647407
5452,0.04957708
5453,0.42667767
5454,0.13243428
5455,0.28105795
5456,0.5764221
5457,0.2175679
5458,0.02738442
5459,0.48956192
5460,0.06041234
5461,0.26243237
5462,0.043425042
5463,0.039797973
5464,0.03694591
5465,0.013881102
5466,0.09368615
5467,0.13129237
5468,0.027390638
5469,0.034043457
5470,0.39564726
5471,0.043004077
5472,0.032865945
5473,0.06845187
5474,0.056588985
5475,0.061215892
5476,0.029171001
5477,0.04191446
5478,0.047071997
5479,0.06191814
5480,0.03363878
5481,0.06609307
5482,0.2715181
5483,0.064057864
5484,0.27044213
5485,0.054929283
5486,0.04794199
5487,0.026008526
5488,0.018743452
5489,0.019878622
5490,0.48107874
5491,0.053303506
5492,0.15382147
5493,0.27643308
5494,0.00435614
5495,0.063211
5496,0.039499488
5497,0.022370901
5498,0.018925278
5499,0.017176514
5500,0.036766347
5501,0.0026245776
5502,0.08103108
5503,0.08279891
5504,0.09230725
5505,0.22468373
5506,0.27684912
5507,0.019103933
5508,0.054294363
5509,0.054057516
5510,0.0074341665
5511,0.027688712
5512,0.025328906
5513,0.038669847
5514,0.26988983
5515,0.020262515
5516,0.044101354
5517,0.011286663
5518,0.031465698
5519,0.03510704
5520,0.23215966
5521,0.50352985
5522,0.031910006
5523,0.022118308
5524,0.02379645
5525,0.054752283
5526,0.051572
5527,0.020043949
5528,0.030610546
5529,0.012237868
5530,0.119001366
5531,0.2618347
5532,0.100150034
5533,0.078991674
5534,0.06627507
5535,0.038891867
5536,0.03435941
5537,0.032142688
5538,0.040687893
5539,0.060744446
5540,0.06554933
5541,0.22502553
5542,0.019474749
5543,0.049376324
5544,0.034034304
5545,0.020170638
5546,0.019096833
5547,0.025083242
5548,0.041517656
5549,0.018629106
5550,0.01858178
5551,0.084119596
5552,0.1668817
5553,0.20000896
5554,0.048706155
5555,0.045226313
5556,0.041634206
5557,0.111689255
5558,0.07107269
5559,0.018384384
5560,0.08117711
5561,0.028502276
5562,0.011889238
5563,0.13009149
5564,0.032985356
5565,0.028419621
5566,0.0314482
5567,0.0659928
5568,0.074174345
5569,0.14472796
5570,0.111439995
5571,0.26853362
5572,0.069028065
5573,0.051309306
5574,0.023984093
5575,0.05684464
5576,0.048468396
5577,0.072969325
5578,0.042142205
5579,0.550694
5580,0.122635335
5581,0.12610948
5582,0.061860148
5583,0.04911392
5584,0.019500928
5585,0.019888356
5586,0.009241605
5587,0.014799187
5588,0.0574874
5589,0.02391187
5590,0.012334868
5591,0.018764785
5592,0.023984008
5593,0.078762226
5594,0.04400077
5595,0.088225015
5596,0.06743189
5597,0.11900251
5598,0.23475818
5599,0.38003957
5600,0.07648489
5601,0.025823977
5602,0.07467216
5603,0.019855043
5604,0.04273157
5605,0.059456427
5606,0.057799745
5607,0.13657218
5608,0.05609305
5609,0.099451855
5610,0.04365926
5611,0.06667147
5612,0.036086097
5613,0.019557908
5614,0.11565177
5615,0.009163844
5616,0.03242692
5617,0.07103156
5618,0.033669636
5619,0.013310148
5620,0.026716068
5621,0.044521995
5622,0.06892298
5623,0.0920047
5624,0.16055225
5625,0.13089639
5626,0.24590638
5627,0.112062536
5628,0.1348403
5629,0.013468349
5630,0.10004988
5631,0.013435296
5632,0.053063445
5633,0.04394365
5634,0.10623721
5635,0.031203743
5636,0.02384882
5637,0.052959535
5638,0.042530913
5639,0.053711012
5640,0.083286844
5641,0.06303714
5642,0.007083902
5643,0.022943746
5644,0.032418463
5645,0.058727175
5646,0.040129222
5647,0.024789881
5648,0.074827194
5649,0.15934527
5650,0.5032505
5651,0.13033766
5652,0.13279414
5653,0.07351264
5654,0.22895552
5655,0.0891952
5656,0.097419105
5657,0.057343636
5658,0.009513039
5659,0.02526222
5660,0.27646014
5661,0.077263564
5662,0.085085414
5663,0.058806542
5664,0.088527694
5665,0.017207036
5666,0.027915128
5667,0.009272072
5668,0.019239174
5669,0.025654208
5670,0.047087394
5671,0.14379968
5672,0.06743236
5673,0.0459916
5674,0.13048278
5675,0.48471045
5676,0.10578001
5677,0.017369093
5678,0.24931648
5679,0.06490639
5680,0.24940382
5681,0.18597516
5682,0.07587784
5683,0.018496284
5684,0.05284166
5685,0.0988528
5686,0.17949213
5687,0.044106998
5688,0.16519655
5689,0.09911298
5690,0.086715244
5691,0.016386712
5692,0.021952089
5693,0.06188478
5694,0.0781423
5695,0.020805005
5696,0.14814784
5697,0.18014625
5698,0.13859913
5699,0.0902554
5700,0.036708385
5701,0.11764086
5702,0.18233813
5703,0.25444221
5704,0.059500698
5705,0.05380964
5706,0.025352605
5707,0.061215807
5708,0.5539246
5709,0.043870315
5710,0.058857374
5711,0.38261795
5712,0.25100577
5713,0.0147098
5714,0.009842387
5715,0.042418156
5716,0.06665857
5717,0.150905
5718,0.23860669
5719,0.11431723
5720,0.10552413
5721,0.25869837
5722,0.16693182
5723,0.15731402
5724,0.1898994
5725,0.2709196
5726,0.09144404
5727,0.04255678
5728,0.09710774
5729,0.058308493
5730,0.28339675
5731,0.84824055
5732,0.0036170993
5733,0.055738382
5734,0.385425
5735,0.01739843
5736,0.047529936
5737,0.25158957
5738,0.016638504
5739,0.05290517
5740,0.08897158
5741,0.021152984
5742,0.05457789
5743,0.0058855237
5744,0.29900628
5745,0.069491655
5746,0.09803231
5747,0.18437532
5748,0.1582347
5749,0.19986297
5750,0.39799
5751,0.26923752
5752,0.027147217
5753,0.24892174
5754,0.38399133
5755,0.25206482
5756,0.83252555
5757,0.4333802
5758,0.41995093
5759,0.024755416
5760,0.110015124
5761,0.058288123
5762,0.022855062
5763,0.009840896
5764,0.012614853
5765,0.020017512
5766,0.010885256
5767,0.067077965
5768,0.009984355
5769,0.012670329
5770,0.034407813
5771,0.073883764
5772,0.12913322
5773,0.122710794
5774,0.13890058
5775,0.103780136
5776,0.2771739
5777,0.11302857
5778,0.031429186
5779,0.12014235
5780,0.26552436
5781,0.23378336
5782,0.83478534
5783,0.97023314
5784,0.4387645
5785,0.0037308068
5786,0.027462823
5787,0.01816367
5788,0.030274948
5789,0.26787207
5790,0.07615424
5791,0.07007158
5792,0.008225474
5793,0.068281144
5794,0.07106526
5795,0.05117388
5796,0.015372077
5797,0.2630324
5798,0.022024544
5799,0.038581375
5800,0.13421556
5801,0.11932904
5802,0.05448868
5803,0.049055334
5804,0.117096044
5805,0.094770394
5806,0.02715186
5807,0.14210232
5808,0.096865244
5809,0.10639505
5810,0.84723973
5811,0.9192115
5812,0.44648087
5813,0.016818067
5814,0.22097084
5815,0.026603894
5816,0.14431407
5817,0.09642641
5818,0.2557796
5819,0.08772775
5820,0.025573118
5821,0.05317342
5822,0.13461238
5823,0.2597766
5824,0.10339081
5825,0.5163413
5826,0.25993878
5827,0.1731497
5828,0.16166735
5829,0.10777996
5830,0.07776626
5831,0.14550693
5832,0.053245258
5833,0.033720613
5834,0.111735925
5835,0.14094141
5836,0.06460017
5837,0.11326993
5838,0.025724223
5839,0.85383576
5840,0.9688442
5841,0.89141273
5842,0.06434927
5843,0.03549559
5844,0.3605943
5845,0.15840214
5846,0.03136236
5847,0.01911992
5848,0.018790776
5849,0.0589366
5850,0.13119507
5851,0.062993005
5852,0.4404961
5853,0.52490765
5854,0.08420302
5855,0.12885734
5856,0.116158076
5857,0.18354706
5858,0.086308956
5859,0.2546472
5860,0.08545435
5861,0.032309707
5862,0.096750915
5863,0.09549324
5864,0.10612376
5865,0.06270315
5866,0.39963394
5867,0.37505203
5868,0.2691762
5869,0.07525404
5870,0.025165647
5871,0.124472834
5872,0.0834613
5873,0.18457922
5874,0.032338202
5875,0.043343727
5876,0.049906444
5877,0.016171135
5878,0.022879405
5879,0.055277597
5880,0.05171261
5881,0.26452416
5882,0.58895046
5883,0.4654338
5884,0.28765672
5885,0.13273747
5886,0.18452412
5887,0.2484454
5888,0.47858548
5889,0.2396597
5890,0.028633775
5891,0.03748347
5892,0.032212347
5893,0.15554887
5894,0.261974
5895,0.09328864
5896,0.23612246
5897,0.2690391
5898,0.19429898
5899,0.84727407
5900,0.11526606
5901,0.02042025
5902,0.14537078
5903,0.17990166
5904,0.023987472
5905,0.061511498
5906,0.12359386
5907,0.08141122
5908,0.04597231
5909,0.048160594
5910,0.057361543
5911,0.17371674
5912,0.43555707
5913,0.30010805
5914,0.54435927
5915,0.42955324
5916,0.19396415
5917,0.15622953
5918,0.24001539
5919,0.15764737
5920,0.07584495
5921,0.045833144
5922,0.44324982
5923,0.35206696
5924,0.065984525
5925,0.6000203
5926,0.41752723
5927,0.07770336
5928,0.11949536
5929,0.08758894
5930,0.04718538
5931,0.007381801
5932,0.016302692
5933,0.034523144
5934,0.06430195
5935,0.113038
5936,0.12916651
5937,0.14738512
5938,0.2823745
5939,0.8523604
5940,0.44617054
5941,0.43110123
5942,0.5591719
5943,0.107810274
5944,0.07502508
5945,0.08060724
5946,0.14697212
5947,0.26281634
5948,0.07506181
5949,0.030950906
5950,0.0056427037
5951,0.060698684
5952,0.15677832
5953,0.021084767
5954,0.051182445
5955,0.108873695
5956,0.022227628
5957,0.040074334
5958,0.022735365
5959,0.011504113
5960,0.0345817
5961,0.095799014
5962,0.06640734
5963,0.09930103
5964,0.24282408
5965,0.27833048
5966,0.35869262
5967,0.63253343
5968,0.59698
5969,0.27107617
5970,0.09824721
5971,0.0059968038
5972,0.040919714
5973,0.024832476
5974,0.053762455
5975,0.12218688
5976,0.008010096
5977,0.036369037
5978,0.5095003
5979,0.21485074
5980,0.017412515
5981,0.0639686
5982,0.04251453
5983,0.09012989
5984,0.044434156
5985,0.04984956
5986,0.018303048
5987,0.043592837
5988,0.0131444335
5989,0.015372585
5990,0.03348009
5991,0.11316026
5992,0.1325366
5993,0.5255937
5994,0.38490897
5995,0.15933922
5996,0.8738228
5997,0.4215102
5998,0.44182318
5999,0.23101833
6000,0.045555513
6001,0.033128265
6002,0.04258612
6003,0.050241333
6004,0.05420227
6005,0.03597069
6006,0.06112279
6007,0.40801853
6008,0.23276563
6009,0.24307595
6010,0.02850132
6011,0.088734455
6012,0.12535615
6013,0.12532875
6014,0.16923808
6015,0.047928024
6016,0.03395684
6017,0.05177102
6018,0.18080342
6019,0.47580275
6020,0.3995614
6021,0.47064275
6022,0.14772181
6023,0.2863585
6024,0.16691062
6025,0.041072592
6026,0.06104969
6027,0.02714505
6028,0.14044958
6029,0.12757869
6030,0.04193685
6031,0.2907336
6032,0.024748668
6033,0.07628165
6034,0.2498498
6035,0.05202396
6036,0.009085877
6037,0.126827
6038,0.16569723
6039,0.039124448
6040,0.0049228473
6041,0.24078822
6042,0.18048702
6043,0.07449913
6044,0.07946643
6045,0.029936722
6046,0.08949159
6047,0.09574619
6048,0.042485796
6049,0.1273513
6050,0.1262297
6051,0.046233304
6052,0.030555619
6053,0.008904521
6054,0.3680179
6055,0.012335834
6056,0.014655229
6057,0.0815661
6058,0.04219984
6059,0.043617792
6060,0.15269093
6061,0.041593466
6062,0.06526606
6063,0.0073736766
6064,0.05884338
6065,0.18702218
6066,0.395908
6067,0.4486979
6068,0.02328667
6069,0.019775173
6070,0.030382494
6071,0.05596492
6072,0.021066574
6073,0.06678793
6074,0.13028723
6075,0.014785368
6076,0.022922905
6077,0.016933814
6078,0.027935697
6079,0.024913896
6080,0.08618013
6081,0.11868826
6082,0.3909635
6083,0.013802013
6084,0.018654626
6085,0.0681261
6086,0.076858185
6087,0.10941564
6088,0.39912835
6089,0.020300629
6090,0.103583
6091,0.03709444
6092,0.014096343
6093,0.08111107
6094,0.12988286
6095,0.054767814
6096,0.020081095
6097,0.008222697
6098,0.2702076
6099,0.021365505
6100,0.015228875
6101,0.03184715
6102,0.14656368
6103,0.070845865
6104,0.054098945
6105,0.020882484
6106,0.033253416
6107,0.0784871
6108,0.387976
6109,0.029253416
6110,0.0056338576
6111,0.021009643
6112,0.030315034
6113,0.04612412
6114,0.07427525
6115,0.23511712
6116,0.06341717
6117,0.24961483
6118,0.11086423
6119,0.02879857
6120,0.04923085
6121,0.048826724
6122,0.028333362
6123,0.2523849
6124,0.11996228
6125,0.017497158
6126,0.13243948
6127,0.053924356
6128,0.009299244
6129,0.013388739
6130,0.2846347
6131,0.42463866
6132,0.13464452
6133,0.018809887
6134,0.09207309
6135,0.046655655
6136,0.047659244
6137,0.08053445
6138,0.076321565
6139,0.08693238
6140,0.80341214
6141,0.09379883
6142,0.019515498
6143,0.08716107
6144,0.09905071
6145,0.018445833
6146,0.042668346
6147,0.15024996
6148,0.4907597
6149,0.08206762
6150,0.14651287
6151,0.015178032
6152,0.012902353
6153,0.025093466
6154,0.11842909
6155,0.031546462
6156,0.02788334
6157,0.060447797
6158,0.04491897
6159,0.021297174
6160,0.019313917
6161,0.047454957
6162,0.018988209
6163,0.10071307
6164,0.03874054
6165,0.03941033
6166,0.013725126
6167,0.037718855
6168,0.078724004
6169,0.11040383
6170,0.020578604
6171,0.06328626
6172,0.42569262
6173,0.062434595
6174,0.08240328
6175,0.050519254
6176,0.05942856
6177,0.019320821
6178,0.4117196
6179,0.029570501
6180,0.011186819
6181,0.005463389
6182,0.0065810466
6183,0.051361382
6184,0.074738786
6185,0.021249112
6186,0.011858591
6187,0.12048708
6188,0.040481552
6189,0.04201005
6190,0.37655082
6191,0.030427475
6192,0.016306916
6193,0.023519268
6194,0.015888529
6195,0.06853498
6196,0.010355304
6197,0.04271223
6198,0.12633392
6199,0.079299495
6200,0.014710454
6201,0.014632095
6202,0.066284396
6203,0.12102918
6204,0.1085173
6205,0.08666139
6206,0.08048552
6207,0.0248276
6208,0.046398517
6209,0.017546453
6210,0.07421385
6211,0.25403795
6212,0.11460024
6213,0.040933672
6214,0.018594036
6215,0.014241204
6216,0.02575503
6217,0.014903751
6218,0.022076664
6219,0.0056898016
6220,0.013554468
6221,0.011944171
6222,0.016398763
6223,0.024154425
6224,0.057258442
6225,0.057246253
6226,0.12684466
6227,0.0014882013
6228,0.007477977
6229,0.13613884
6230,0.0056955926
6231,0.16804056
6232,0.014554723
6233,0.03312343
6234,0.017948158
6235,0.013264987
6236,0.026557276
6237,0.029866107
6238,0.01590236
6239,0.028306114
6240,0.013674477
6241,0.05623917
6242,0.028208274
6243,0.047397867
6244,0.0139210345
6245,0.05637497
6246,0.016290756
6247,0.010073017
6248,0.015548603
6249,0.07533701
6250,0.032131784
6251,0.05271495
6252,0.008852102
6253,0.0040537566
6254,0.012668262
6255,0.027900321
6256,0.009475178
6257,0.009259706
6258,0.01885814
6259,0.08873373
6260,0.014639288
6261,0.011066938
6262,0.11354148
6263,0.054608505
6264,0.0648007
6265,0.06918741
6266,0.016038306
6267,0.10193894
6268,0.02534951
6269,0.013790889
6270,0.061187327
6271,0.013669784
6272,0.07584883
6273,0.13025159
6274,0.02082939
6275,0.011489974
6276,0.02689511
6277,0.028530167
6278,0.025295213
6279,0.024800153
6280,0.012968751
6281,0.005826082
6282,0.016927658
6283,0.012587166
6284,0.010435639
6285,0.011585018
6286,0.029928403
6287,0.009444833
6288,0.019593876
6289,0.058335654
6290,0.13744952
6291,0.02673399
6292,0.034000196
6293,0.019803947
6294,0.050374027
6295,0.019709954
6296,0.0117430985
6297,0.027851304
6298,0.015927466
6299,0.024592554
6300,0.011318341
6301,0.011149014
6302,0.031190569
6303,0.06439993
6304,0.11063173
6305,0.018394591
6306,0.07614624
6307,0.019144008
6308,0.027026596
6309,0.045857344
6310,0.02856523
6311,0.06562471
6312,-0.006480112
6313,0.034416135
6314,0.03915178
6315,0.024013834
6316,0.06322414
6317,0.095767185
6318,0.040333953
6319,0.004632085
6320,0.07989479
6321,0.03301092
6322,0.05020573
6323,0.043016806
6324,0.42063805
6325,0.39590147
6326,0.072173774
6327,0.3799921
6328,0.030578451
6329,0.27671337
6330,0.22111267
6331,0.15992041
6332,0.058967408
6333,0.061957747
6334,0.011805757
6335,0.03028409
6336,0.008552904
6337,0.24267969
6338,0.052270792
6339,0.69594544
6340,0.12501185
6341,0.13494614
6342,0.052131273
6343,0.023245683
6344,0.026367454
6345,0.049813256
6346,0.014755925
6347,0.017683232
6348,0.09814166
6349,0.11785452
6350,0.50147104
6351,0.49319148
6352,0.040884186
6353,0.038882747
6354,0.1316779
6355,0.14729485
6356,0.007671406
6357,0.0044802288
6358,0.019067207
6359,0.05302657
6360,0.05279437
6361,0.06074449
6362,0.06794951
6363,0.035457116
6364,0.41710356
6365,0.11458541
6366,0.2746642
6367,0.47980037
6368,0.110285975
6369,0.024116056
6370,0.5114293
6371,0.019848108
6372,0.07266965
6373,0.27104586
6374,0.049287472
6375,0.06159054
6376,0.040358275
6377,0.028363943
6378,0.035389915
6379,0.21135493
6380,0.12889826
6381,0.035728417
6382,0.049227525
6383,0.41958088
6384,0.046828862
6385,0.038025275
6386,0.061688866
6387,0.065127395
6388,0.077483915
6389,0.030949995
6390,0.056839045
6391,0.08353159
6392,0.033997826
6393,0.06637567
6394,0.15521868
6395,0.38300294
6396,0.06286995
6397,0.042990424
6398,0.011428436
6399,0.015717907
6400,0.0040858155
6401,0.014507489
6402,0.50314814
6403,0.12873955
6404,0.06716738
6405,0.30477783
6406,0.44037312
6407,0.07297352
6408,0.04909625
6409,0.02725976
6410,0.018643286
6411,0.008548425
6412,0.039648842
6413,0.01157462
6414,0.09699751
6415,0.082288496
6416,0.098700255
6417,0.37407255
6418,0.4492272
6419,0.0195744
6420,0.37040278
6421,0.052567285
6422,0.010137652
6423,0.030254526
6424,0.040919412
6425,0.27005744
6426,0.02159845
6427,0.04413083
6428,0.013906324
6429,0.048324086
6430,0.03012089
6431,0.11797668
6432,0.57883257
6433,0.007724538
6434,0.0361122
6435,0.05287231
6436,0.05454777
6437,0.06950954
6438,0.03074785
6439,0.011659271
6440,0.11989852
6441,0.18235284
6442,0.10314144
6443,0.079926714
6444,0.074190006
6445,0.0419185
6446,0.035499252
6447,0.032137666
6448,0.04207097
6449,0.0762084
6450,0.06297687
6451,0.22874333
6452,0.016685652
6453,0.04456991
6454,0.03702579
6455,0.020448634
6456,0.016308986
6457,0.028751403
6458,0.04276103
6459,0.007994818
6460,0.07238172
6461,0.022576855
6462,0.0242422
6463,0.08677351
6464,0.20433955
6465,0.17813405
6466,0.046455417
6467,0.044170022
6468,0.04058316
6469,0.09952432
6470,0.07131813
6471,0.020576144
6472,0.07073052
6473,0.016421877
6474,0.01359865
6475,0.030356629
6476,0.1526366
6477,0.032753598
6478,0.023155142
6479,0.034872938
6480,0.06506141
6481,0.07180463
6482,0.2495202
6483,0.22531964
6484,0.1492347
6485,0.06965197
6486,0.04858481
6487,0.018586414
6488,0.055592906
6489,0.04387844
6490,0.011839926
6491,0.010327522
6492,0.07609546
6493,0.046451088
6494,0.5791312
6495,0.1355412
6496,0.025464578
6497,0.014158469
6498,0.120592795
6499,0.06383757
6500,0.054978468
6501,0.018946158
6502,0.01639237
6503,0.0074878186
6504,0.06852719
6505,0.012789561
6506,0.020689799
6507,0.022663724
6508,0.08754196
6509,0.046238374
6510,0.08451689
6511,0.071254596
6512,0.12648499
6513,0.24363045
6514,0.38009268
6515,0.07600818
6516,0.027011015
6517,0.09272199
6518,0.019690348
6519,0.044865318
6520,0.07103002
6521,0.06927422
6522,0.13423043
6523,0.061667692
6524,0.10887376
6525,0.04415087
6526,0.06592146
6527,0.037510324
6528,0.019342626
6529,0.02091202
6530,0.13188429
6531,0.0118638985
6532,0.030238057
6533,0.062079456
6534,0.037872277
6535,0.010856625
6536,0.02533733
6537,0.044759072
6538,0.06667837
6539,0.09304271
6540,0.17303073
6541,0.120037325
6542,0.37358516
6543,0.11881814
6544,0.14081982
6545,0.014418935
6546,0.10642715
6547,0.0147316065
6548,0.05963846
6549,0.04435517
6550,0.0920461
6551,0.0331641
6552,0.02451315
6553,0.049068596
6554,0.044198208
6555,0.05746914
6556,0.08718951
6557,0.040781282
6558,0.06304981
6559,0.0072616865
6560,0.032204717
6561,0.06891333
6562,0.0139768915
6563,0.037903003
6564,0.06271215
6565,0.07608652
6566,0.15708159
6567,0.47170585
6568,0.117326625
6569,0.1476991
6570,0.07179074
6571,0.09654742
6572,0.08410509
6573,0.09947056
6574,0.06029745
6575,0.011195644
6576,0.020814737
6577,0.26548198
6578,0.08104811
6579,0.09454182
6580,0.056448486
6581,0.0925172
6582,0.01858109
6583,0.020271348
6584,0.044228572
6585,0.18075012
6586,0.06381519
6587,0.047760677
6588,0.13077347
6589,0.5826807
6590,0.09696941
6591,0.019946456
6592,0.35898504
6593,0.061505254
6594,0.26102546
6595,0.27064463
6596,0.06916563
6597,0.048243176
6598,0.10506028
6599,0.18697932
6600,0.047177155
6601,0.17326319
6602,0.11065926
6603,0.0066783563
6604,0.08163525
6605,0.017322563
6606,0.022791041
6607,0.055371154
6608,0.07900038
6609,0.018829774
6610,0.14797634
6611,0.17941497
6612,0.1563245
6613,0.106948115
6614,0.04138873
6615,0.11889464
6616,0.18030918
6617,0.26061663
6618,0.069322325
6619,0.012763053
6620,0.05460655
6621,0.025023052
6622,0.010416576
6623,0.062404834
6624,0.47216174
6625,0.039505508
6626,0.06552863
6627,0.42758003
6628,0.24814858
6629,0.015305215
6630,0.013276848
6631,0.009333347
6632,0.04825547
6633,0.06528158
6634,0.23819146
6635,0.23957455
6636,0.11176954
6637,0.1074584
6638,0.25457317
6639,0.1898748
6640,0.16049294
6641,0.1912658
6642,0.3874352
6643,0.100001335
6644,0.020207118
6645,0.046727814
6646,0.09253238
6647,0.05439555
6648,0.38508296
6649,0.86410195
6650,0.0055939322
6651,0.0473365
6652,0.39671117
6653,0.01510504
6654,0.051725987
6655,0.27813482
6656,0.014436781
6657,0.055905428
6658,0.091839105
6659,0.017715724
6660,0.05997857
6661,0.52902323
6662,0.06257217
6663,0.09394901
6664,0.2715612
6665,0.16370328
6666,0.2470106
6667,0.38413373
6668,0.2770636
6669,0.1768839
6670,0.33972463
6671,0.2408067
6672,0.81449765
6673,0.4427597
6674,0.47498187
6675,0.003103723
6676,0.025753254
6677,0.11679108
6678,0.055826567
6679,0.031231433
6680,0.02147697
6681,0.013511359
6682,0.07135465
6683,0.0070519596
6684,0.011913777
6685,0.03449551
6686,0.069693446
6687,0.12449096
6688,0.12162401
6689,0.12745807
6690,0.096871614
6691,0.2538519
6692,0.11368237
6693,0.029717628
6694,0.108330555
6695,0.19055964
6696,0.020014342
6697,0.22308703
6698,0.92699546
6699,0.9798864
6700,0.4324507
6701,0.0066579105
6702,0.029124437
6703,0.018149136
6704,0.057555433
6705,0.29655108
6706,0.08018446
6707,0.016638646
6708,0.06952307
6709,0.0073644985
6710,0.06191203
6711,0.071041726
6712,0.055071916
6713,0.013353803
6714,0.2605539
6715,0.02287169
6716,0.037570298
6717,0.13175641
6718,0.11036313
6719,0.06464188
6720,0.046080146
6721,0.12832905
6722,0.23627605
6723,0.008580023
6724,0.024639672
6725,0.12678573
6726,0.10155111
6727,0.23426759
6728,0.91866505
6729,0.93133235
6730,0.52574074
6731,0.012968592
6732,0.22015628
6733,0.027055308
6734,0.29248762
6735,0.105937846
6736,0.24415171
6737,0.04393734
6738,0.08633541
6739,0.02233021
6740,0.075058356
6741,0.12508179
6742,0.24240547
6743,0.11978131
6744,0.4546181
6745,0.28612736
6746,0.17538315
6747,0.16468847
6748,0.1054523
6749,0.06857171
6750,0.13008872
6751,0.05331904
6752,0.034586627
6753,0.1460754
6754,0.14801034
6755,0.06898641
6756,0.11403731
6757,0.029839097
6758,0.92039424
6759,0.9887634
6760,0.9442585
6761,0.085875176
6762,0.05104839
6763,0.24859113
6764,0.012061095
6765,0.18087292
6766,0.025136793
6767,0.009585593
6768,0.019320898
6769,0.018328281
6770,0.06131958
6771,0.11333663
6772,0.056992732
6773,0.4042356
6774,0.6546771
6775,0.08566577
6776,0.13365662
6777,0.10966236
6778,0.17798531
6779,0.087851524
6780,0.3846011
6781,0.10186283
6782,0.033705506
6783,0.11270413
6784,0.094114885
6785,0.1253647
6786,0.05637262
6787,0.025252469
6788,0.395167
6789,0.40866444
6790,0.2601779
6791,0.08102993
6792,0.027339745
6793,0.130403
6794,0.07902718
6795,0.26811033
6796,0.030909277
6797,0.041424047
6798,0.05340678
6799,0.023691673
6800,0.057862014
6801,0.053299733
6802,0.24344759
6803,0.60938376
6804,0.42416376
6805,0.27363747
6806,0.12865019
6807,0.19681546
6808,0.25284287
6809,0.46411464
6810,0.23283942
6811,0.027489437
6812,0.036636017
6813,0.035377223
6814,0.16557895
6815,0.15504421
6816,0.109368615
6817,0.31559584
6818,0.27686012
6819,0.1770098
6820,0.92253315
6821,0.22426921
6822,0.018846322
6823,0.2674754
6824,0.15805852
6825,0.021032501
6826,0.07000763
6827,0.1500044
6828,0.08385582
6829,0.04559012
6830,0.05134952
6831,0.06377038
6832,0.17609368
6833,0.41628617
6834,0.27076483
6835,0.55962104
6836,0.39702532
6837,0.1713553
6838,0.15871648
6839,0.26461592
6840,0.1634945
6841,0.08290222
6842,0.049649168
6843,0.44039205
6844,0.24759148
6845,0.06416475
6846,0.5991881
6847,0.41014072
6848,0.006429327
6849,0.0874416
6850,0.1259423
6851,0.0876148
6852,0.051818497
6853,0.007173164
6854,0.020643914
6855,0.034971546
6856,0.062808864
6857,0.1052153
6858,0.11222491
6859,0.14388931
6860,0.38908428
6861,0.8248874
6862,0.45144436
6863,0.41581178
6864,0.6060494
6865,0.10527227
6866,0.07639658
6867,0.06591391
6868,0.141277
6869,0.19238524
6870,0.072670616
6871,0.026411816
6872,0.06368929
6873,0.15671098
6874,0.020831488
6875,0.0501014
6876,0.10638275
6877,0.01497171
6878,0.037872024
6879,0.019588448
6880,0.010180109
6881,0.03075067
6882,0.0830346
6883,0.07134885
6884,0.092148975
6885,0.2515957
6886,0.25902948
6887,0.37116033
6888,0.66110945
6889,0.5581294
6890,0.40609273
6891,0.11679497
6892,0.004764312
6893,0.04430138
6894,0.023995219
6895,0.056939274
6896,0.11291993
6897,0.019832
6898,0.6012004
6899,0.23048669
6900,0.022487536
6901,0.07338864
6902,0.044232335
6903,0.09655202
6904,0.044281512
6905,0.05809713
6906,0.04235753
6907,0.0166018
6908,0.018639877
6909,0.03315142
6910,0.10482357
6911,0.13149123
6912,0.58023965
6913,0.3789638
6914,0.16166228
6915,0.86089665
6916,0.40075266
6917,0.4574019
6918,0.12982762
6919,0.046177488
6920,0.034163978
6921,0.044595916
6922,0.055445466
6923,0.05954065
6924,0.043583475
6925,0.054611523
6926,0.41680026
6927,0.23888591
6928,0.37709132
6929,0.03362442
6930,0.0952217
6931,0.13080207
6932,0.15665294
6933,0.17026295
6934,0.047039684
6935,0.03952148
6936,0.05044854
6937,0.26453573
6938,0.6087923
6939,0.3961373
6940,0.42563307
6941,0.24464719
6942,0.36059752
6943,0.16353966
6944,0.06932123
6945,0.028565867
6946,0.022081224
6947,0.063563466
6948,0.02898418
6949,0.14311188
6950,0.13851203
6951,0.0781155
6952,0.38057634
6953,0.033493944
6954,0.07212556
6955,0.3918789
6956,0.05667546
6957,0.0025453777
6958,0.014800415
6959,0.13146155
6960,0.23698507
6961,0.046674494
6962,0.24164745
6963,0.26079133
6964,0.08294873
6965,0.08780198
6966,0.030399678
6967,0.10715676
6968,0.08633231
6969,0.038983513
6970,0.13428858
6971,0.120280735
6972,0.0507762
6973,0.034341935
6974,0.0072384104
6975,0.25515163
6976,0.012031406
6977,0.093913905
6978,0.040519897
6979,0.044176284
6980,0.15591116
6981,0.040474027
6982,0.06622576
6983,0.008361641
6984,0.06189232
6985,0.17310266
6986,0.37759984
6987,0.4430368
6988,0.03995009
6989,0.014258091
6990,0.029288316
6991,0.06414577
6992,0.015133462
6993,0.06569506
6994,0.14001952
6995,0.013761445
6996,0.04606576
6997,0.01659119
6998,0.020181024
6999,0.011055697
7000,0.08762877
7001,0.11437582
7002,0.41397882
7003,0.015096932
7004,0.06438124
7005,0.07553722
7006,0.10164955
7007,0.42800623
7008,0.051414855
7009,0.014290038
7010,0.010503542
7011,0.11044681
7012,0.039680943
7013,0.015400301
7014,0.0814597
7015,0.24524747
7016,0.055189036
7017,0.020258948
7018,0.009298494
7019,0.277181
7020,0.017408863
7021,0.030972244
7022,0.14725874
7023,0.06897023
7024,0.05140207
7025,0.01977096
7026,0.034073077
7027,0.07921749
7028,0.28829965
7029,0.03325391
7030,0.0058009396
7031,0.019473674
7032,0.03527043
7033,0.04710158
7034,0.06376886
7035,0.24316263
7036,0.06293965
7037,0.25876307
7038,0.112556964
7039,0.029540231
7040,0.055083912
7041,0.049746946
7042,0.032787003
7043,0.25908813
7044,0.019049656
7045,0.11590359
7046,0.020658541
7047,0.11694736
7048,0.0556355
7049,0.011496498
7050,0.010690178
7051,0.29915473
7052,0.52184343
7053,0.25115433
7054,0.046329886
7055,0.014180162
7056,0.08241818
7057,0.045619573
7058,0.04220157
7059,0.09315124
7060,0.08067865
7061,0.09387153
7062,0.8993691
7063,0.08249813
7064,0.016744262
7065,0.090500966
7066,0.09522863
7067,0.021475153
7068,0.042075593
7069,0.15608701
7070,0.4553743
7071,0.076615795
7072,0.15622358
7073,0.019065237
7074,0.009646596
7075,0.02975171
7076,0.09587842
7077,0.036388308
7078,0.025060214
7079,0.067828
7080,0.04493262
7081,0.032077365
7082,0.018624881
7083,0.056625746
7084,0.018806187
7085,0.107267216
7086,0.040173337
7087,0.038361896
7088,0.015584325
7089,0.03497295
7090,0.09002199
7091,0.10925454
7092,0.02219603
7093,0.058120195
7094,0.61452115
7095,0.05778642
7096,0.098327845
7097,0.03918929
7098,0.046306826
7099,0.056396037
7100,0.013939348
7101,0.31003153
7102,0.029717188
7103,0.007328565
7104,0.01064112
7105,0.05778659
7106,0.0911443
7107,0.020223573
7108,0.12044582
7109,0.048173856
7110,0.026957287
7111,0.04555378
7112,0.38027725
7113,0.07187029
7114,0.020454897
7115,0.021336447
7116,0.015494518
7117,0.054467678
7118,0.040389255
7119,0.00604332
7120,0.13090001
7121,0.07722516
7122,0.014891207
7123,0.0700529
7124,0.1369606
7125,0.10049097
7126,0.08177676
7127,0.07547171
7128,0.027657654
7129,0.044489164
7130,0.017725615
7131,0.23132944
7132,0.24737854
7133,0.11481615
7134,0.0046683997
7135,0.009006742
7136,0.042132556
7137,0.017145539
7138,0.013737214
7139,0.024959818
7140,0.020029966
7141,0.010781148
7142,0.015538246
7143,0.008967351
7144,0.015996002
7145,0.013660177
7146,0.01964204
7147,0.060976487
7148,0.06109318
7149,0.13867673
7150,0.007878065
7151,0.13838667
7152,0.17402239
7153,0.009298435
7154,0.035828274
7155,0.015237838
7156,0.012296022
7157,0.024545446
7158,0.026441209
7159,0.01557866
7160,0.032782793
7161,0.012630022
7162,0.013518687
7163,0.006317545
7164,0.0087414645
7165,0.052726075
7166,0.02615723
7167,0.04581106
7168,0.0148880035
7169,0.014790984
7170,0.05412666
7171,0.015059184
7172,0.014691797
7173,0.08846396
7174,0.03008964
7175,0.05052124
7176,0.009020256
7177,0.0054886616
7178,0.012835333
7179,0.033322368
7180,0.011945808
7181,0.016272759
7182,0.09129006
7183,0.011736844
7184,0.0057378574
7185,0.011943886
7186,0.16350588
7187,0.05558362
7188,0.07598678
7189,0.046152264
7190,0.08237344
7191,0.023928236
7192,0.011684989
7193,0.0073841843
7194,0.072912306
7195,0.019121738
7196,0.078567624
7197,0.006725497
7198,0.13246529
7199,0.017077867
7200,0.013814984
7201,0.028468402
7202,0.029978909
7203,0.03270687
7204,0.028100226
7205,0.028870266
7206,0.012097706
7207,0.014129453
7208,0.0071017486
7209,0.011350823
7210,0.03641482
7211,0.012429834
7212,0.008505202
7213,0.004178837
7214,0.023355689
7215,0.07004055
7216,0.030388955
7217,0.005258645
7218,0.16634782
7219,0.025522672
7220,0.03402667
7221,0.0042557595
7222,0.013192936
7223,0.01957283
7224,0.056422345
7225,0.023276903
7226,0.029160943
7227,0.032792844
7228,0.012254556
7229,0.010886569
7230,0.016718462
7231,0.031272627
7232,0.09112264
7233,0.13636197
7234,0.096766464
7235,0.018618563
7236,0.010773416
7237,0.039018016
7238,0.057598926
7239,0.032967206
7240,0.06057315
7241,0.054085054
7242,0.014685838
7243,0.04055522
7244,0.047162592
7245,0.039598476
7246,0.015377392
7247,0.094863474
7248,0.04853117
7249,0.004206075
7250,0.03996319
7251,0.027575554
7252,0.08720816
7253,0.043450918
7254,0.047808446
7255,0.24692637
7256,0.37430197
7257,0.016226415
7258,0.055488434
7259,0.26214737
7260,0.02791882
7261,0.4081667
7262,0.063204914
7263,0.1568323
7264,0.056521732
7265,0.026640648
7266,0.09421556
7267,0.032525185
7268,0.014005987
7269,0.012539029
7270,0.1295193
7271,0.057205014
7272,0.61267406
7273,0.13085093
7274,0.045808114
7275,0.037906434
7276,0.123897746
7277,0.043436516
7278,0.023865819
7279,0.02224177
7280,0.045460608
7281,0.029789599
7282,0.014030308
7283,0.014063542
7284,0.042708937
7285,0.08168631
7286,0.11683958
7287,0.52857023
7288,0.5243608
7289,0.04987973
7290,0.04834889
7291,0.2512298
7292,0.15393835
7293,0.019749176
7294,0.053156126
7295,0.04992014
7296,0.056837145
7297,0.08870397
7298,0.4286315
7299,0.093629226
7300,0.3967932
7301,0.5943938
7302,0.10660605
7303,0.026926724
7304,0.5053916
7305,0.061531994
7306,0.26059088
7307,0.050094675
7308,0.045764428
7309,0.039335985
7310,0.03638534
7311,0.21931303
7312,0.13493651
7313,0.08389793
7314,0.037727475
7315,0.042567763
7316,0.4291323
7317,0.051220898
7318,0.033883084
7319,0.06846525
7320,0.056151036
7321,0.07567868
7322,0.043572165
7323,0.053713
7324,0.08218846
7325,0.03350668
7326,0.06130954
7327,0.2649217
7328,0.17951103
7329,0.056010272
7330,0.044635225
7331,0.0037390632
7332,0.014327253
7333,0.49880165
7334,0.1022544
7335,0.06859106
7336,0.4474629
7337,0.423285
7338,0.09030593
7339,0.046458945
7340,0.021977568
7341,0.019629166
7342,0.04020038
7343,0.010248917
7344,0.09719745
7345,0.07947756
7346,0.023191478
7347,0.10551049
7348,0.25198847
7349,0.43669945
7350,0.014068896
7351,0.021486394
7352,0.05191315
7353,0.048870303
7354,0.009224218
7355,0.03090865
7356,0.02750876
7357,0.036142457
7358,0.27106714
7359,0.019421738
7360,0.04767658
7361,0.00628216
7362,0.03587166
7363,0.048424684
7364,0.029773064
7365,0.121773526
7366,0.5613666
7367,0.04228761
7368,0.06396766
7369,0.024071533
7370,0.023047183
7371,0.053720675
7372,0.057120692
7373,0.011624571
7374,0.029174171
7375,0.015407605
7376,0.113222785
7377,0.16309637
7378,0.105403185
7379,0.08655788
7380,0.07989578
7381,0.04334564
7382,0.033584017
7383,0.032615796
7384,0.044104684
7385,0.07722066
7386,0.06801322
7387,0.22202936
7388,0.01701366
7389,0.051709246
7390,0.034811337
7391,0.025747204
7392,0.017093292
7393,0.024557747
7394,0.04511767
7395,0.025490884
7396,0.025920216
7397,0.08221143
7398,0.20690186
7399,0.27034467
7400,0.047152754
7401,0.04281854
7402,0.03853344
7403,0.11618493
7404,0.062157024
7405,0.016575066
7406,0.07348548
7407,0.015954088
7408,0.014024526
7409,0.03171037
7410,0.15192662
7411,0.031248586
7412,0.025285147
7413,0.03227607
7414,0.061200045
7415,0.078773804
7416,0.15995233
7417,0.11567546
7418,0.23776808
7419,0.06510586
7420,0.047551025
7421,0.01816819
7422,0.05446042
7423,0.04710026
7424,0.009862719
7425,0.09279475
7426,0.046418957
7427,0.48213044
7428,0.1298722
7429,0.023298822
7430,0.11816617
7431,0.060303543
7432,0.056316964
7433,0.024498519
7434,0.019425213
7435,0.011466881
7436,0.06941106
7437,0.020009184
7438,0.012869529
7439,0.0181696
7440,0.023328874
7441,0.07804326
7442,0.044296864
7443,0.2178368
7444,0.06568977
7445,0.1303609
7446,0.3848898
7447,0.39185625
7448,0.070453495
7449,0.030145159
7450,0.09128998
7451,0.020607678
7452,0.046625327
7453,0.008656007
7454,0.06444196
7455,0.06226701
7456,0.13362956
7457,0.058610283
7458,0.110988185
7459,0.042314
7460,0.06337341
7461,0.042495627
7462,0.018711645
7463,0.019954264
7464,0.14190866
7465,0.007196885
7466,0.03236238
7467,0.0657296
7468,0.037798796
7469,0.009685848
7470,0.025526162
7471,0.04681031
7472,0.06798593
7473,0.08496924
7474,0.154653
7475,0.12088685
7476,0.23640525
7477,0.13400787
7478,0.1389222
7479,0.0132220425
7480,0.11221372
7481,0.05638319
7482,0.041806888
7483,0.11080682
7484,0.03397191
7485,0.05819203
7486,0.049683787
7487,0.059351258
7488,0.08799616
7489,0.03644987
7490,0.06280534
7491,0.0076415786
7492,0.026936276
7493,0.035965104
7494,0.02138046
7495,0.067993276
7496,0.012353636
7497,0.036156654
7498,0.06398154
7499,0.07405089
7500,0.1632314
7501,0.4287929
7502,0.11595735
7503,0.13061237
7504,0.08521032
7505,0.0912472
7506,0.0781475
7507,0.09750144
7508,0.054025706
7509,0.020867692
7510,0.28153715
7511,0.07309352
7512,0.092707835
7513,0.057318762
7514,0.0947153
7515,0.018019438
7516,0.021283166
7517,0.022344297
7518,0.044762217
7519,0.17348303
7520,0.0629997
7521,0.04840015
7522,0.12887998
7523,0.55324805
7524,0.09233919
7525,0.016185064
7526,0.37543038
7527,0.06672795
7528,0.25253603
7529,0.26979843
7530,0.07349537
7531,0.05217572
7532,0.033022575
7533,0.09595018
7534,0.17108828
7535,0.04725036
7536,0.18409811
7537,0.09809274
7538,0.08031175
7539,0.016515797
7540,0.014076224
7541,0.060035247
7542,0.08489295
7543,0.018067982
7544,0.13257147
7545,0.17365836
7546,0.13346449
7547,0.10338393
7548,0.0397668
7549,0.10877184
7550,0.18245882
7551,0.263796
7552,0.068576336
7553,0.012160477
7554,0.056329023
7555,0.021848708
7556,0.06824372
7557,0.45491597
7558,0.039467372
7559,0.06247292
7560,0.36935738
7561,0.24647614
7562,0.012798509
7563,0.018347766
7564,0.010078433
7565,0.013668491
7566,0.043828856
7567,0.06921389
7568,0.1628151
7569,0.16564164
7570,0.23495372
7571,0.09902851
7572,0.25789952
7573,0.2423261
7574,0.15962815
7575,0.24671267
7576,0.37603647
7577,0.09698873
7578,0.04714877
7579,0.120774515
7580,0.05280595
7581,0.28316918
7582,0.88100225
7583,0.007518979
7584,0.057941385
7585,0.4260215
7586,0.019016346
7587,0.049388282
7588,0.25947252
7589,0.016024752
7590,0.013849749
7591,0.054267853
7592,0.09213194
7593,0.022003297
7594,0.05435397
7595,0.31175753
7596,0.07194854
7597,0.087783985
7598,0.2636968
7599,0.1697263
7600,0.2087942
7601,0.39650488
7602,0.17095883
7603,0.03281883
7604,0.25734124
7605,0.32355183
7606,0.24343073
7607,0.8811548
7608,0.45853353
7609,0.2907104
7610,0.004817556
7611,0.027842425
7612,0.11334655
7613,0.051951665
7614,0.02257424
7615,0.008382242
7616,0.0058918283
7617,0.057776645
7618,0.011059435
7619,0.037494596
7620,0.07038442
7621,0.13280135
7622,0.11785667
7623,0.13852793
7624,0.109574094
7625,0.25646704
7626,0.10969928
7627,0.028513342
7628,0.107833706
7629,0.27363282
7630,0.018906847
7631,0.22367649
7632,0.91689676
7633,0.9568426
7634,0.4688694
7635,0.006802467
7636,0.029988425
7637,0.04154666
7638,0.2900873
7639,0.08093648
7640,0.059605666
7641,0.07130093
7642,0.07230107
7643,0.06052127
7644,0.016067615
7645,0.41618982
7646,0.024709748
7647,0.045924984
7648,0.1290393
7649,0.11506476
7650,0.06430038
7651,0.055159613
7652,0.24091169
7653,0.23516865
7654,0.0057203304
7655,0.03177845
7656,0.22715892
7657,0.10152278
7658,0.10030939
7659,0.95002556
7660,1.003294
7661,0.52446824
7662,0.013206918
7663,0.01956159
7664,0.22442326
7665,0.026895994
7666,0.17463186
7667,0.09870095
7668,0.24744378
7669,0.044092346
7670,0.071406886
7671,0.023667146
7672,0.06776225
7673,0.13272354
7674,0.18791972
7675,0.13327233
7676,0.5605208
7677,0.27143732
7678,0.2524582
7679,0.1732159
7680,0.10108239
7681,0.07457863
7682,0.13053839
7683,0.04849272
7684,0.037916213
7685,0.026015313
7686,0.12665917
7687,0.17005903
7688,0.06358745
7689,0.10441523
7690,0.022390617
7691,0.9097949
7692,1.0451425
7693,0.9797091
7694,0.06770732
7695,0.053829554
7696,0.3600837
7697,0.013474694
7698,0.19637448
7699,0.026494905
7700,0.019055419
7701,0.019639181
7702,0.059192505
7703,0.12448527
7704,0.054145593
7705,0.4018866
7706,0.6308521
7707,0.08538077
7708,0.1320076
7709,0.11319612
7710,0.2742762
7711,0.080603175
7712,0.41165483
7713,0.10392761
7714,0.031468596
7715,0.10291003
7716,0.10601153
7717,0.107912004
7718,0.055182442
7719,0.022979628
7720,0.40203813
7721,0.41698462
7722,0.2539091
7723,0.08366261
7724,0.0258964
7725,0.13972619
7726,0.07533936
7727,0.27432123
7728,0.028467644
7729,0.04388587
7730,0.05780271
7731,0.015974144
7732,0.022710728
7733,0.05374969
7734,0.050247855
7735,0.24714008
7736,0.67453426
7737,0.4303442
7738,0.28975922
7739,0.12966673
7740,0.19646996
7741,0.2679789
7742,0.47570327
7743,0.07590753
7744,0.030727135
7745,0.041252583
7746,0.032797407
7747,0.16313653
7748,0.17175339
7749,0.1146887
7750,0.45067027
7751,0.2621298
7752,0.17352496
7753,0.9748732
7754,0.11193683
7755,0.01885061
7756,0.14082496
7757,0.1782174
7758,0.022871243
7759,0.06984918
7760,0.2950127
7761,0.075102784
7762,0.04700715
7763,0.048192795
7764,0.057182934
7765,0.24815707
7766,0.4113197
7767,0.2765643
7768,0.57913035
7769,0.42958638
7770,0.17269622
7771,0.16691093
7772,0.3732774
7773,0.025350427
7774,0.16458726
7775,0.084604196
7776,0.052153014
7777,0.4562109
7778,0.3636153
7779,0.0655621
7780,0.557319
7781,0.40449908
7782,0.083002366
7783,0.11541603
7784,0.08145457
7785,0.053988118
7786,0.009687596
7787,0.017535882
7788,0.04073676
7789,0.06660187
7790,0.11405207
7791,0.11452573
7792,0.1709434
7793,0.42969117
7794,0.8472462
7795,0.40558383
7796,0.37557092
7797,0.58146036
7798,0.10590837
7799,0.02212416
7800,0.0675537
7801,0.072072506
7802,0.14429097
7803,0.24871828
7804,0.07169215
7805,0.025253095
7806,0.061757546
7807,0.15274648
7808,0.021801202
7809,0.052189134
7810,0.1123913
7811,0.01815388
7812,0.04219449
7813,0.019587161
7814,0.012209951
7815,0.03603958
7816,0.086440235
7817,0.071520746
7818,0.09101188
7819,0.2505533
7820,0.27824518
7821,0.391388
7822,0.7331058
7823,0.56535393
7824,0.29096448
7825,0.11899944
7826,0.0066817882
7827,0.043356717
7828,0.02168954
7829,0.054227386
7830,0.110843055
7831,0.01525317
7832,0.0103394175
7833,0.029616252
7834,0.6079044
7835,0.2191403
7836,0.022052268
7837,0.06611066
7838,0.051648933
7839,0.09536653
7840,0.044045422
7841,0.050586976
7842,0.019547287
7843,0.039812703
7844,0.01944397
7845,0.035516348
7846,0.10191417
7847,0.13336296
7848,0.59729934
7849,0.40281066
7850,0.23817118
7851,0.8618469
7852,0.39511847
7853,0.41726157
7854,0.11923965
7855,0.04293792
7856,0.032149144
7857,0.048785623
7858,0.051989134
7859,0.05501374
7860,0.038389504
7861,0.067796186
7862,0.4303981
7863,0.22325923
7864,0.37081885
7865,0.028783936
7866,0.09849213
7867,0.12937821
7868,0.13909851
7869,0.1716175
7870,0.053014472
7871,0.03204202
7872,0.05152145
7873,0.24638209
7874,0.6050577
7875,0.42190316
7876,0.46865094
7877,0.15726922
7878,0.42299512
7879,0.1756696
7880,0.062511206
7881,0.039257284
7882,0.012608285
7883,0.013590896
7884,0.014116634
7885,0.06101233
7886,0.038371895
7887,0.1306055
7888,0.137538
7889,0.04547082
7890,0.19160767
7891,0.036302157
7892,0.06788592
7893,0.37991866
7894,0.057253186
7895,0.003665859
7896,0.010457129
7897,0.011967484
7898,0.12736186
7899,0.24099372
7900,0.040171638
7901,0.354465
7902,0.2540514
7903,0.08279045
7904,0.094982885
7905,0.029307248
7906,0.09483498
7907,0.09267983
7908,0.044612177
7909,0.12842841
7910,0.118253686
7911,0.047756158
7912,0.012036291
7913,0.38620934
7914,0.0126607595
7915,0.09439031
7916,0.008914647
7917,0.045066074
7918,0.038336687
7919,0.15958604
7920,0.03577608
7921,0.06508764
7922,0.007672853
7923,0.05817497
7924,0.18437721
7925,0.401145
7926,0.43257567
7927,0.052223783
7928,0.012339283
7929,0.020659925
7930,0.03100224
7931,0.064544395
7932,0.06451749
7933,0.17161138
7934,0.01695817
7935,0.0449839
7936,0.014753135
7937,0.029729115
7938,0.017976955
7939,0.014579536
7940,0.03028876
7941,0.08545097
7942,0.116289236
7943,0.39191842
7944,0.015359381
7945,0.019659102
7946,0.062444884
7947,0.08372241
7948,0.09927968
7949,0.4400842
7950,0.05656152
7951,0.013192406
7952,0.115184695
7953,0.03650013
7954,0.08781413
7955,0.24213184
7956,0.056973062
7957,0.021126438
7958,0.011158257
7959,0.1957582
7960,0.015827734
7961,0.028863452
7962,0.16425124
7963,0.064225264
7964,0.053112123
7965,0.019656895
7966,0.032486565
7967,0.0725238
7968,0.29933116
7969,0.029847026
7970,0.020184185
7971,0.02886835
7972,0.04587785
7973,0.06761181
7974,0.24418366
7975,0.060530137
7976,0.18094835
7977,0.11317704
7978,0.030557394
7979,0.046560016
7980,0.04840402
7981,0.028812122
7982,0.16894409
7983,0.017256975
7984,0.124273956
7985,0.01921595
7986,0.11465492
7987,0.053755082
7988,0.009010581
7989,0.011728076
7990,0.29135564
7991,0.45439613
7992,0.25309435
7993,0.039463352
7994,0.012566359
7995,0.083785765
7996,0.044227224
7997,0.044502217
7998,0.08338845
7999,0.082714975
8000,0.09925679
8001,0.85279083
8002,0.020551829
8003,0.086942926
8004,0.017710863
8005,0.08378453
8006,0.08650615
8007,0.018112672
8008,0.043868694
8009,0.17083757
8010,0.49895743
8011,0.076416746
8012,0.14001526
8013,0.026519785
8014,0.011646067
8015,0.00812613
8016,0.026948137
8017,0.10869395
8018,0.034139205
8019,0.028487293
8020,0.06454066
8021,0.0466997
8022,0.033713747
8023,0.064579464
8024,0.016154015
8025,0.11072967
8026,0.0371261
8027,0.04650858
8028,0.017270835
8029,0.03190749
8030,0.09004984
8031,0.11913739
8032,0.022587076
8033,0.025359413
8034,0.06194812
8035,0.6074748
8036,0.062594905
8037,0.08927871
8038,0.050369993
8039,0.041513514
8040,0.053450614
8041,0.059738114
8042,0.481033
8043,0.027422238
8044,0.018923663
8045,0.059152875
8046,0.10126654
8047,0.01932858
8048,0.11006135
8049,0.04418566
8050,0.027672062
8051,0.046013977
8052,0.36118823
8053,0.06012692
8054,0.019905692
8055,0.0042455606
8056,0.018500948
8057,0.05568226
8058,0.007942219
8059,0.038017847
8060,0.2563838
8061,0.07845332
8062,0.07296011
8063,0.1413712
8064,0.104426906
8065,0.07935094
8066,0.07458936
8067,0.048758123
8068,0.24199055
8069,0.25250822
8070,0.114628956
8071,0.0049008364
8072,0.0026556696
8073,0.040060744
8074,0.016982386
8075,0.01340792
8076,0.02281795
8077,0.008963658
8078,0.022837002
8079,0.0070907394
8080,0.013225164
8081,0.008278393
8082,0.016356472
8083,0.009483491
8084,0.023740703
8085,0.06671625
8086,0.057538103
8087,0.13081627
8088,0.13765131
8089,0.16514315
8090,0.013079083
8091,0.011982896
8092,0.03260877
8093,0.013985076
8094,0.0109002255
8095,0.02410618
8096,0.015982237
8097,0.029025093
8098,0.01629755
8099,0.00708263
8100,0.009026543
8101,0.06253403
8102,0.051168595
8103,0.015340617
8104,0.056046285
8105,0.016162418
8106,0.01729403
8107,0.011347912
8108,0.09588575
8109,0.03199344
8110,0.060760833
8111,0.010340668
8112,0.0034800863
8113,0.013712119
8114,0.02809257
8115,0.011394865
8116,0.07932013
8117,0.0043875445
8118,0.14932078
8119,0.055803597
8120,0.06731302
8121,0.08115348
8122,0.012049328
8123,0.106064156
8124,0.02385017
8125,0.0074797175
8126,0.06714579
8127,0.014432257
8128,0.10467752
8129,0.008079804
8130,0.13626765
8131,0.017531347
8132,0.030618874
8133,0.03782588
8134,0.028192744
8135,0.016035024
8136,0.012241978
8137,0.009651758
8138,0.037510525
8139,0.011080992
8140,0.010866328
8141,0.022123246
8142,0.060896315
8143,0.034134194
8144,0.15886329
8145,0.027438106
8146,0.0047419704
8147,0.011740937
8148,0.023470007
8149,0.056551747
8150,0.021113869
8151,0.012385854
8152,0.027774697
8153,0.030579466
8154,0.009623778
8155,0.09159731
8156,0.12139073
8157,0.007712909
8158,0.018575933
8159,0.0761345
8160,0.014341563
8161,0.020474022
8162,0.03155059
8163,0.07211045
8164,0.034343425
8165,0.04012323
8166,0.095202394
8167,0.04628198
8168,0.037300725
8169,0.10477575
8170,0.015018097
8171,0.039993286
8172,0.053089444
8173,0.24273755
8174,0.33166447
8175,0.2601643
8176,0.03809799
8177,0.28093147
8178,0.23284207
8179,0.25562373
8180,0.060155902
8181,0.027435986
8182,0.01891689
8183,0.051246013
8184,0.010607303
8185,0.024303477
8186,0.018120732
8187,0.2402747
8188,0.055903036
8189,0.6788806
8190,0.24556606
8191,0.055602904
8192,0.024529554
8193,0.26805684
8194,0.048224665
8195,0.023834096
8196,0.04999421
8197,0.03905152
8198,0.01777899
8199,0.011440949
8200,0.03770291
8201,0.083301224
8202,0.12853505
8203,0.4845965
8204,0.47622082
8205,0.038614344
8206,0.03812605
8207,0.24419858
8208,0.2602086
8209,0.00752195
8210,0.056185607
8211,0.052235145
8212,0.04972852
8213,0.06466757
8214,0.03324078
8215,0.42759284
8216,0.13587974
8217,0.14900781
8218,0.51285017
8219,0.09918128
8220,0.024163693
8221,0.48386642
8222,0.06861256
8223,0.49187705
8224,0.050151195
8225,0.043897867
8226,0.036197327
8227,0.026522195
8228,0.034149542
8229,0.09823242
8230,0.12884185
8231,0.067119
8232,0.036724586
8233,0.040957298
8234,0.054428294
8235,0.40059534
8236,0.0501097
8237,0.06895168
8238,0.055688594
8239,0.073144205
8240,0.034889214
8241,0.040771924
8242,0.06309183
8243,0.08039635
8244,0.03213444
8245,0.08316412
8246,0.14502385
8247,0.38344562
8248,0.05616808
8249,0.044502854
8250,0.004904359
8251,0.016295854
8252,0.49784434
8253,0.11210012
8254,0.065042764
8255,0.44204307
8256,0.19045155
8257,0.009088281
8258,0.0046607815
8259,0.08402855
8260,0.046022892
8261,0.019562848
8262,0.020193694
8263,0.019688712
8264,0.038295545
8265,0.09539759
8266,0.079234876
8267,0.10598508
8268,0.13274883
8269,0.4527035
8270,0.022730649
8271,0.05218443
8272,0.010891192
8273,0.03402326
8274,0.030318739
8275,0.03654085
8276,0.2730548
8277,0.01970583
8278,0.049641147
8279,0.012056153
8280,0.04312138
8281,0.070906
8282,0.0311913
8283,0.14025663
8284,0.6542587
8285,0.050106615
8286,0.07684991
8287,0.022862999
8288,0.024326114
8289,0.055735927
8290,0.06004817
8291,0.012504873
8292,0.026997987
8293,0.014411528
8294,0.11706116
8295,0.18300188
8296,0.101384036
8297,0.08436369
8298,0.062950574
8299,0.04273746
8300,0.033080794
8301,0.02691412
8302,0.04253302
8303,0.06998064
8304,0.066104166
8305,0.22414301
8306,0.015933916
8307,0.056046233
8308,0.03440986
8309,0.019416183
8310,0.018366693
8311,0.028930977
8312,0.042990953
8313,0.026943643
8314,0.0886245
8315,0.19576682
8316,0.18918766
8317,0.049528178
8318,0.045599975
8319,0.039603487
8320,0.10882421
8321,0.06985021
8322,0.018077062
8323,0.06548258
8324,0.018506845
8325,0.017755162
8326,0.030878827
8327,0.14609943
8328,0.031631146
8329,0.028595358
8330,0.02943479
8331,0.06266161
8332,0.07522563
8333,0.25108188
8334,0.23408535
8335,0.23727618
8336,0.06976561
8337,0.04971356
8338,0.022842798
8339,0.054476824
8340,0.05058495
8341,0.01161001
8342,0.09391547
8343,0.04663576
8344,0.57130945
8345,0.127525
8346,0.021110414
8347,0.12884048
8348,0.0670978
8349,0.05288243
8350,0.021577107
8351,0.0111419745
8352,0.011231045
8353,0.07165034
8354,0.010035982
8355,0.022476863
8356,0.019578299
8357,0.082404405
8358,0.04777993
8359,0.08721723
8360,0.06817099
8361,0.122662015
8362,0.39389288
8363,0.38902992
8364,0.070814185
8365,0.02313888
8366,0.08569287
8367,0.017494801
8368,0.044509526
8369,0.030113842
8370,0.008356581
8371,0.07243848
8372,0.065863624
8373,0.1232112
8374,0.05655128
8375,0.11887312
8376,0.04463906
8377,0.06547919
8378,0.018479059
8379,0.024662249
8380,0.12588152
8381,0.014273988
8382,0.034775566
8383,0.067590386
8384,0.009873492
8385,0.02490778
8386,0.048113395
8387,0.06799658
8388,0.08795038
8389,0.2401166
8390,0.12008452
8391,0.2439116
8392,0.12188754
8393,0.13813384
8394,0.011981611
8395,0.101811044
8396,0.012612775
8397,0.059922658
8398,0.011103923
8399,0.041769214
8400,0.105783924
8401,0.030730477
8402,0.02136264
8403,0.06116517
8404,0.05667431
8405,0.059577942
8406,0.08775575
8407,0.038466915
8408,0.06842667
8409,0.008057388
8410,0.032053266
8411,0.055427708
8412,0.037485007
8413,0.06638637
8414,0.07214364
8415,0.15640776
8416,0.42834404
8417,0.11088615
8418,0.12973489
8419,0.07105258
8420,0.23115322
8421,0.0852216
8422,0.09780824
8423,0.056063157
8424,0.023628933
8425,0.26507297
8426,0.07676221
8427,0.09083811
8428,0.0572356
8429,0.09858908
8430,0.023847243
8431,0.029795367
8432,0.019762553
8433,0.024281172
8434,0.044079494
8435,0.15740365
8436,0.0706141
8437,0.048479684
8438,0.13361679
8439,0.5981244
8440,0.101567194
8441,0.017082691
8442,0.25494695
8443,0.06579542
8444,0.25540793
8445,0.2845628
8446,0.06990826
8447,0.019061664
8448,0.052692857
8449,0.013489976
8450,0.0928257
8451,0.17809133
8452,0.047799222
8453,0.17855564
8454,0.100886464
8455,0.075020045
8456,0.022811193
8457,0.019950954
8458,0.05799122
8459,0.08554288
8460,0.016854692
8461,0.1387306
8462,0.18136409
8463,0.1403884
8464,0.106301755
8465,0.036958087
8466,0.121464714
8467,0.19220641
8468,0.25002587
8469,0.06728699
8470,0.009590993
8471,0.052859504
8472,0.06627003
8473,0.48603535
8474,0.039505236
8475,0.06650879
8476,0.38347057
8477,0.24295643
8478,0.015072916
8479,0.018976942
8480,0.011673666
8481,0.04368818
8482,0.065703936
8483,0.16427416
8484,0.24874835
8485,0.010012289
8486,0.11117886
8487,0.10567103
8488,0.2569369
8489,0.14861542
8490,0.1561265
8491,0.25839904
8492,0.40781447
8493,0.09287328
8494,0.04668271
8495,0.090685606
8496,0.05156047
8497,0.28774637
8498,0.8575941
8499,0.0045181056
8500,0.048732296
8501,0.39774698
8502,0.016619865
8503,0.04998508
8504,0.35000208
8505,0.013356596
8506,0.05637753
8507,0.0902178
8508,0.022443172
8509,0.055960055
8510,0.50388026
8511,0.06482556
8512,0.09292137
8513,0.27777418
8514,0.18779744
8515,0.2525594
8516,0.39659122
8517,0.27373505
8518,0.030466115
8519,0.25879225
8520,0.24196367
8521,0.1417117
8522,0.86210304
8523,0.45058775
8524,0.46109906
8525,0.003998153
8526,0.027245669
8527,0.12850225
8528,0.020743953
8529,0.06282048
8530,0.03247077
8531,0.023137895
8532,0.013316057
8533,0.011407582
8534,0.0048887297
8535,0.07000659
8536,0.014070148
8537,0.032219116
8538,0.07435979
8539,0.12444537
8540,0.117852814
8541,0.12641437
8542,0.09909048
8543,0.25265726
8544,0.23607484
8545,0.031777255
8546,0.107924595
8547,0.17644295
8548,0.021285458
8549,0.24230477
8550,0.9167457
8551,0.9666766
8552,0.440855
8553,0.004138881
8554,0.03020209
8555,0.013410765
8556,0.040407162
8557,0.41903284
8558,0.08160505
8559,0.018188396
8560,0.0632087
8561,0.009506662
8562,0.06173014
8563,0.07759091
8564,0.05810678
8565,0.013981427
8566,0.40722275
8567,0.020879498
8568,0.040376417
8569,0.12635085
8570,0.1058479
8571,0.06662414
8572,0.052274518
8573,0.24558486
8574,0.24350928
8575,0.027005605
8576,0.22395313
8577,0.10430243
8578,0.24289866
8579,0.9741162
8580,0.8730415
8581,0.5706948
8582,0.016812768
8583,0.2272225
8584,0.024320073
8585,0.15833597
8586,0.105709925
8587,0.25592175
8588,0.044842858
8589,0.07588954
8590,0.022508115
8591,0.067925416
8592,0.14269015
8593,0.1895045
8594,0.10984747
8595,0.5003791
8596,0.4345577
8597,0.24454303
8598,0.16506642
8599,0.11695866
8600,0.06049017
8601,0.12468492
8602,0.049769387
8603,0.03652244
8604,0.15457176
8605,0.14193049
8606,0.06924421
8607,0.12605993
8608,0.026609512
8609,0.9180172
8610,1.017055
8611,0.9823552
8612,0.08416878
8613,0.04488092
8614,0.37036213
8615,0.29095772
8616,0.019099353
8617,0.019608928
8618,0.05982457
8619,0.12281215
8620,0.05694264
8621,0.4114461
8622,0.60114276
8623,0.084326565
8624,0.12560724
8625,0.11386773
8626,0.17309521
8627,0.08195563
8628,0.40301305
8629,0.24132958
8630,0.033335373
8631,0.10022666
8632,0.13335636
8633,0.112509914
8634,0.055691816
8635,0.024730666
8636,0.38889897
8637,0.30718777
8638,0.25533706
8639,0.083522275
8640,0.027367663
8641,0.13372627
8642,0.07491812
8643,0.2091388
8644,0.028874103
8645,0.045079153
8646,0.055353295
8647,0.018896258
8648,0.020590585
8649,0.05637206
8650,0.052693818
8651,0.25194716
8652,0.6592997
8653,0.43776867
8654,0.2873237
8655,0.12944251
8656,0.19389729
8657,0.18341975
8658,0.44582155
8659,0.0889982
8660,0.032049205
8661,0.032321345
8662,0.16252464
8663,0.15734717
8664,0.11658077
8665,0.30555165
8666,0.2733891
8667,0.26934108
8668,0.90286
8669,0.11590142
8670,0.01937286
8671,0.14665651
8672,0.23970358
8673,0.032946005
8674,0.06706008
8675,0.2902495
8676,0.07856337
8677,0.04570463
8678,0.04709821
8679,0.055519003
8680,0.24852204
8681,0.4062926
8682,0.39309236
8683,0.54825664
8684,0.41955248
8685,0.18040733
8686,0.16241722
8687,0.24622518
8688,0.013947351
8689,0.030222457
8690,0.16104315
8691,0.08665888
8692,0.051551323
8693,0.28996864
8694,0.37008289
8695,0.0669653
8696,0.62568235
8697,0.38744113
8698,0.0052336403
8699,0.09259992
8700,0.12091623
8701,0.089723155
8702,0.05392024
8703,0.015139109
8704,0.033832055
8705,0.065381564
8706,0.110226594
8707,0.11281008
8708,0.14817326
8709,0.43050337
8710,0.87378967
8711,0.48435986
8712,0.41440955
8713,0.62935424
8714,0.10243648
8715,0.021629939
8716,0.07159554
8717,0.06869538
8718,0.13613884
8719,0.27970454
8720,0.0741008
8721,0.031026904
8722,0.062481564
8723,0.2596389
8724,0.01846076
8725,0.0035092828
8726,0.04937019
8727,0.11138403
8728,0.016865583
8729,0.044168305
8730,0.023961244
8731,0.013331367
8732,0.036281716
8733,0.09552827
8734,0.070300564
8735,0.093402885
8736,0.24916708
8737,0.2531967
8738,0.37653473
8739,0.7254591
8740,0.6155049
8741,0.4210152
8742,0.106861666
8743,0.005481034
8744,0.042349067
8745,0.022547059
8746,0.057950202
8747,0.12584582
8748,0.020968918
8749,0.009320703
8750,0.03169303
8751,0.70698184
8752,0.22397187
8753,0.017410416
8754,0.06155718
8755,0.04732046
8756,0.21515015
8757,0.046277177
8758,0.053271983
8759,0.01615372
8760,0.043652825
8761,0.01257298
8762,0.018019812
8763,0.03371726
8764,0.10099132
8765,0.1266075
8766,0.52628934
8767,0.38512138
8768,0.23821545
8769,0.8732089
8770,0.4328085
8771,0.462374
8772,0.10764758
8773,0.041600928
8774,0.036102355
8775,0.03802243
8776,0.051608022
8777,0.05561503
8778,0.01758615
8779,0.04292638
8780,0.06454748
8781,0.4688442
8782,0.23736654
8783,0.36963192
8784,0.030225776
8785,0.09555705
8786,0.124087095
8787,0.13130584
8788,0.16887864
8789,0.044774
8790,0.033724573
8791,0.05469283
8792,0.18535966
8793,0.61885864
8794,0.39786693
8795,0.45726624
8796,0.24182935
8797,0.25375527
8798,0.17216142
8799,0.07006919
8800,0.029194916
8801,0.02656974
8802,0.012909135
8803,0.058282055
8804,0.032433145
8805,0.1228725
8806,0.13664462
8807,0.082316004
8808,0.2757249
8809,0.0322547
8810,0.07830105
8811,0.35802397
8812,0.054971185
8813,0.0026068075
8814,0.011832146
8815,0.010630393
8816,0.12951535
8817,0.23406865
8818,0.03927921
8819,0.23433872
8820,0.2685031
8821,0.08499654
8822,0.08605872
8823,0.032711748
8824,0.09793531
8825,0.07966824
8826,0.04171001
8827,0.13380045
8828,0.12577261
8829,0.047923107
8830,0.009125056
8831,0.36704877
8832,0.0137629835
8833,0.014750372
8834,0.12110007
8835,0.006633029
8836,0.040822063
8837,0.044258546
8838,0.15121531
8839,0.043523785
8840,0.067451514
8841,0.0075309984
8842,0.058948096
8843,0.175906
8844,0.38772613
8845,0.4023488
8846,0.05098933
8847,0.012877074
8848,0.018562447
8849,0.021077337
8850,0.032643102
8851,0.06275753
8852,0.018960943
8853,0.063940644
8854,0.15678968
8855,0.013813756
8856,0.04485432
8857,0.016153147
8858,0.030679515
8859,0.02020468
8860,0.010031337
8861,0.03374044
8862,0.08726939
8863,0.11720467
8864,0.43444216
8865,0.016145045
8866,0.020340646
8867,0.06279503
8868,0.07767755
8869,0.1115219
8870,0.4389755
8871,0.065995455
8872,0.013027613
8873,0.2316626
8874,0.037216764
8875,0.01705127
8876,0.09103528
8877,0.14117248
8878,0.053734105
8879,0.011575061
8880,0.018792592
8881,0.010307193
8882,0.18142273
8883,0.016912164
8884,0.030438961
8885,0.15467557
8886,0.06629773
8887,0.051122077
8888,0.021722306
8889,0.030852605
8890,0.075669125
8891,0.37380016
8892,0.03161441
8893,0.00503737
8894,0.02168301
8895,0.02736444
8896,0.046687093
8897,0.061490733
8898,0.24770007
8899,0.06950078
8900,0.24793236
8901,0.10205904
8902,0.028838705
8903,0.050376922
8904,0.05036816
8905,0.032925636
8906,0.18866833
8907,0.019892178
8908,0.115269065
8909,0.020131096
8910,0.12204492
8911,0.053895354
8912,0.006918471
8913,0.015059609
8914,0.28597525
8915,0.54120445
8916,0.24799109
8917,0.04059875
8918,0.07964907
8919,0.051118225
8920,0.042372014
8921,0.091659375
8922,0.078888915
8923,0.08626009
8924,0.83978724
8925,0.021810789
8926,0.08424106
8927,0.019127605
8928,0.08657508
8929,0.08782931
8930,0.018761294
8931,0.041802853
8932,0.16774952
8933,0.47673863
8934,0.07778005
8935,0.23370337
8936,0.02754824
8937,0.0189024
8938,0.034162384
8939,0.011227518
8940,0.025848167
8941,0.110619865
8942,0.033580724
8943,0.02454858
8944,0.0063930308
8945,0.06479161
8946,0.044533826
8947,0.03035933
8948,0.02159528
8949,0.06597004
8950,0.017205775
8951,0.11861863
8952,0.040194765
8953,0.042042717
8954,0.016343897
8955,0.03359976
8956,0.08866116
8957,0.12183933
8958,0.02477116
8959,0.025925275
8960,0.06120339
8961,0.5835462
8962,0.09877183
8963,0.09012717
8964,0.04538854
8965,0.038017683
8966,0.050783303
8967,0.061624166
8968,0.019705614
8969,0.4597046
8970,0.028595725
8971,0.0017874688
8972,0.0059982785
8973,0.016769579
8974,0.059960563
8975,0.09566623
8976,0.022503361
8977,0.11901553
8978,0.04968049
8979,0.027584229
8980,0.0047939136
8981,0.04390989
8982,0.38715255
8983,0.04106533
8984,0.023285024
8985,0.0026590603
8986,0.020971807
8987,0.0164677
8988,0.055550843
8989,0.012443604
8990,0.040112115
8991,0.005886416
8992,0.24523836
8993,0.08764293
8994,0.011568129
8995,0.015361498
8996,0.016050925
8997,0.007403744
8998,0.061673004
8999,0.1439387
9000,0.09707969
9001,0.090227835
9002,0.068286404
9003,0.029906576
9004,0.048089195
9005,0.017415231
9006,0.06969506
9007,0.26802272
9008,0.117457174
9009,0.0075796256
9010,0.0038104465
9011,0.03999537
9012,0.019935606
9013,0.014323539
9014,0.018956114
9015,0.01394845
9016,0.014753047
9017,0.0073739584
9018,0.014605596
9019,0.01324175
9020,0.016285894
9021,0.023397975
9022,0.049278248
9023,0.06201152
9024,0.12987956
9025,0.007865732
9026,0.1553798
9027,0.2683281
9028,0.019786643
9029,0.012730856
9030,0.015682511
9031,0.01569606
9032,0.026602201
9033,0.025716286
9034,0.015037585
9035,0.028743705
9036,0.007362238
9037,0.01062061
9038,0.057965096
9039,0.04614134
9040,0.01596626
9041,0.06374123
9042,0.013953973
9043,0.018224293
9044,0.009062567
9045,0.08739533
9046,0.032714266
9047,0.053652983
9048,0.0064056553
9049,0.013527619
9050,0.027384773
9051,0.009018167
9052,0.09727022
9053,0.0055107386
9054,0.013439384
9055,0.16069834
9056,0.056369364
9057,0.059116237
9058,0.06767475
9059,0.097502485
9060,0.024648963
9061,0.013064309
9062,0.0726156
9063,0.015597851
9064,0.07369839
9065,0.007688824
9066,0.12483977
9067,0.018932745
9068,0.027477246
9069,0.032816347
9070,0.029725239
9071,0.029821469
9072,0.01630057
9073,0.016130736
9074,0.010306932
9075,0.0051114
9076,0.013405929
9077,0.03483379
9078,0.011166896
9079,0.008792943
9080,0.03242018
9081,0.067802556
9082,0.04469313
9083,0.0028985583
9084,0.16923895
9085,0.022285258
9086,0.02655224
9087,0.033658594
9088,0.0044671297
9089,0.012939281
9090,0.020473437
9091,0.05912277
9092,0.021785896
9093,0.027869748
9094,0.029905275
9095,0.016630251
9096,0.03171958
9097,0.10499796
9098,0.14269964
9099,0.007108782
9100,0.091652185
9101,0.03870836
9102,0.04227489
9103,0.071565315
9104,0.035515193
9105,0.034838278
9106,0.040098473
9107,0.00553081
9108,0.093125045
9109,0.04113873
9110,0.00063790096
9111,0.072770484
9112,0.03431018
9113,0.049728066
9114,0.03602621
9115,0.24602695
9116,0.32740825
9117,0.01233407
9118,0.25518146
9119,0.03517813
9120,0.17355724
9121,0.05995619
9122,0.15116233
9123,0.060279317
9124,0.016007008
9125,0.074293695
9126,0.011796631
9127,0.023285544
9128,0.017392104
9129,0.007578472
9130,0.122936405
9131,0.04818804
9132,0.70788896
9133,0.1341018
9134,0.05301103
9135,0.026464486
9136,0.13763869
9137,0.05630647
9138,0.026194436
9139,0.043882817
9140,0.014770799
9141,0.012393506
9142,0.037802383
9143,0.08831348
9144,0.11581163
9145,0.5184842
9146,0.4793344
9147,0.04225171
9148,0.055819407
9149,0.4022499
9150,0.152046
9151,0.06035388
9152,0.047587123
9153,0.049399905
9154,0.07900445
9155,0.03507572
9156,0.42052436
9157,0.11148073
9158,0.27689242
9159,0.4725628
9160,0.094998874
9161,0.02329992
9162,0.47804686
9163,0.00694888
9164,0.07016785
9165,0.27634338
9166,0.04957161
9167,0.0493662
9168,0.041894052
9169,0.030014306
9170,0.0051833577
9171,0.034581095
9172,0.10015544
9173,0.10248728
9174,0.03244123
9175,0.03684292
9176,0.30891156
9177,0.38759756
9178,0.048784878
9179,0.036371756
9180,0.06721207
9181,0.058137015
9182,0.07326216
9183,0.034801655
9184,0.042552155
9185,0.05363914
9186,0.08058511
9187,0.069709964
9188,0.16759618
9189,0.07224475
9190,0.390863
9191,0.046816945
9192,0.044470944
9193,0.025089856
9194,0.015759122
9195,0.012491745
9196,0.01590594
9197,0.01488275
9198,0.018325068
9199,0.4715896
9200,0.111258216
9201,0.05989138
9202,0.43036592
9203,0.30390647
9204,0.082440846
9205,0.046167493
9206,0.012743753
9207,0.024208762
9208,0.020386083
9209,0.044251457
9210,0.0058306702
9211,0.094650686
9212,0.07989895
9213,0.10743534
9214,0.39177766
9215,0.4699557
9216,0.0174858
9217,0.063665055
9218,0.047524787
9219,0.009302479
9220,0.009657669
9221,0.0282651
9222,0.02922906
9223,0.03802652
9224,0.18437642
9225,0.01928597
9226,0.042729456
9227,0.011402557
9228,0.03954006
9229,0.11279369
9230,0.5461705
9231,0.034231797
9232,0.057587158
9233,0.021760028
9234,0.025756452
9235,0.059681833
9236,0.062138923
9237,0.017709633
9238,0.029015763
9239,0.11669137
9240,0.17459331
9241,0.11130634
9242,0.20385763
9243,0.060786616
9244,0.03910078
9245,0.034222957
9246,0.03515827
9247,0.044411704
9248,0.07205764
9249,0.061601862
9250,0.22724085
9251,0.016245889
9252,0.04819862
9253,0.035067275
9254,0.021943262
9255,0.01696016
9256,0.02351646
9257,0.03988465
9258,0.0633629
9259,0.024797365
9260,0.028181762
9261,0.0837128
9262,0.1770349
9263,0.17898695
9264,0.047892638
9265,0.04571498
9266,0.03969756
9267,0.09952432
9268,0.067779526
9269,0.016504344
9270,0.015573135
9271,0.03011307
9272,0.1495436
9273,0.02949003
9274,0.024817467
9275,0.033762895
9276,0.073566996
9277,0.08203387
9278,0.24973707
9279,0.13045962
9280,0.24924134
9281,0.06802298
9282,0.055658277
9283,0.020300087
9284,0.056866795
9285,0.051089574
9286,0.08914799
9287,0.047992427
9288,0.51590574
9289,0.123805456
9290,0.025910586
9291,0.015520453
9292,0.1341718
9293,0.06056897
9294,0.05450995
9295,0.021271478
9296,0.011435401
9297,0.0627326
9298,0.0120846415
9299,0.020210966
9300,0.022309868
9301,0.090085745
9302,0.04383042
9303,0.086817674
9304,0.06967754
9305,0.13512413
9306,0.23281258
9307,0.38252616
9308,0.07305956
9309,0.023912372
9310,0.09347801
9311,0.019510923
9312,0.04723163
9313,0.02776875
9314,0.07234186
9315,0.062388714
9316,0.1382556
9317,0.055030145
9318,0.104426816
9319,0.042757
9320,0.07054681
9321,0.039007064
9322,0.019344619
9323,0.021063043
9324,0.13402662
9325,0.033544987
9326,0.067363515
9327,0.011836187
9328,0.024818063
9329,0.045853212
9330,0.06781873
9331,0.08858066
9332,0.24745686
9333,0.12086496
9334,0.16847499
9335,0.11299932
9336,0.14641047
9337,0.01168603
9338,0.1100559
9339,0.01346737
9340,0.05664761
9341,0.04469374
9342,0.0980391
9343,0.03503407
9344,0.021223688
9345,0.0592602
9346,0.051467396
9347,0.054512665
9348,0.08572882
9349,0.03688985
9350,0.06714896
9351,0.027355446
9352,0.032247163
9353,0.01560133
9354,0.066298045
9355,0.014556658
9356,0.038593013
9357,0.067556076
9358,0.07119322
9359,0.17141426
9360,0.4655016
9361,0.11883987
9362,0.12972112
9363,0.06922369
9364,0.092845045
9365,0.08739986
9366,0.101532266
9367,0.05706254
9368,0.0115809785
9369,0.020118104
9370,0.27408236
9371,0.08408315
9372,0.09726462
9373,0.05907897
9374,0.09019681
9375,0.021294424
9376,0.03152409
9377,0.02321551
9378,0.044991884
9379,0.1755222
9380,0.06859664
9381,0.04894129
9382,0.12772651
9383,0.6086226
9384,0.11112181
9385,0.016798684
9386,0.2532029
9387,0.06715706
9388,0.23934247
9389,0.27004203
9390,0.07404273
9391,0.017010348
9392,0.054680154
9393,0.090333566
9394,0.16537878
9395,0.046542298
9396,0.24905857
9397,0.12517093
9398,0.084657915
9399,0.020451425
9400,0.021263905
9401,0.0590091
9402,0.07540067
9403,0.015821893
9404,0.14372621
9405,0.17752074
9406,0.15219489
9407,0.10244638
9408,0.03879071
9409,0.12320625
9410,0.23443645
9411,0.26291975
9412,0.06432804
9413,0.011450714
9414,0.05212327
9415,0.023435088
9416,0.008361263
9417,0.06143795
9418,0.53530353
9419,0.041297123
9420,0.064132325
9421,0.37124315
9422,0.16674007
9423,0.013691744
9424,0.019333348
9425,0.0079444265
9426,0.016375264
9427,0.04501674
9428,0.06788668
9429,0.16806522
9430,0.24651363
9431,0.10193596
9432,0.10697436
9433,0.25533321
9434,0.23814479
9435,0.16325173
9436,0.25445563
9437,0.39329085
9438,0.10290605
9439,0.023468236
9440,0.047882073
9441,0.09233325
9442,0.056252286
9443,0.2686898
9444,0.8898376
9445,0.004460046
9446,0.048353266
9447,0.39735785
9448,0.018534727
9449,0.05424936
9450,0.27813482
9451,0.013875391
9452,0.05658651
9453,0.08932735
9454,0.021562953
9455,0.059935015
9456,0.005572767
9457,0.32209605
9458,0.065779015
9459,0.09370824
9460,0.26959777
9461,0.16641547
9462,0.24014826
9463,0.38337076
9464,0.27311638
9465,0.029860923
9466,0.16114141
9467,0.24318366
9468,0.26467216
9469,0.9199421
9470,0.43264997
9471,0.3014699
9472,0.02692213
9473,0.11307232
9474,0.021026243
9475,0.069217026
9476,0.03757001
9477,0.020521887
9478,0.013794449
9479,0.010747348
9480,0.06837118
9481,0.011778921
9482,0.012026978
9483,0.03271436
9484,0.07328678
9485,0.13164054
9486,0.115151
9487,0.11986658
9488,0.10631143
9489,0.17648639
9490,0.22456874
9491,0.031273827
9492,0.11601819
9493,0.26294082
9494,0.021851044
9495,0.06744255
9496,0.91231877
9497,0.95139647
9498,0.5143166
9499,0.00571132
9500,0.030563468
9501,0.020157473
9502,0.046351425
9503,0.43828946
9504,0.07972212
9505,0.021878865
9506,0.068382494
9507,0.014175398
9508,0.06577607
9509,0.06767473
9510,0.059284102
9511,0.015005516
9512,0.44990999
9513,0.021814395
9514,0.040984485
9515,0.12245729
9516,0.11315546
9517,0.06444647
9518,0.046912808
9519,0.23334315
9520,0.2406713
9521,0.34611002
9522,0.10152278
9523,0.113183066
9524,0.9726125
9525,0.8518281
9526,0.46577063
9527,0.013824876
9528,0.06333441
9529,0.026876297
9530,0.009990389
9531,0.2870757
9532,0.113114804
9533,0.25130785
9534,0.044106033
9535,0.081941925
9536,0.021426868
9537,0.07246582
9538,0.119313546
9539,0.18600066
9540,0.11859235
9541,0.51788014
9542,0.28441527
9543,0.16305043
9544,0.16536124
9545,0.107049204
9546,0.06695495
9547,0.13425
9548,0.053018622
9549,0.035929345
9550,0.024039777
9551,0.14387885
9552,0.24316107
9553,0.06121422
9554,0.104694374
9555,0.028905028
9556,0.9109478
9557,1.0086741
9558,0.9483698
9559,0.08098272
9560,0.04622695
9561,0.24131033
9562,0.015008771
9563,0.2931524
9564,0.02758025
9565,0.010469298
9566,0.01897852
9567,0.017227476
9568,0.06276922
9569,0.118895285
9570,0.049247973
9571,0.4056678
9572,0.61195236
9573,0.07251674
9574,0.12821889
9575,0.108683266
9576,0.18475603
9577,0.085664324
9578,0.40985212
9579,0.101277985
9580,0.03311366
9581,0.09593068
9582,0.094126865
9583,0.10792624
9584,0.053666685
9585,0.024223085
9586,0.3995141
9587,0.42551076
9588,0.26751977
9589,0.07995996
9590,0.026979199
9591,0.12398362
9592,0.08004214
9593,0.27599803
9594,0.03079595
9595,0.04112345
9596,0.056419015
9597,0.018872695
9598,0.022699345
9599,0.054381996
9600,0.048333034
9601,0.36727765
9602,0.57365185
9603,0.42141476
9604,0.28371674
9605,0.13141142
9606,0.19760174
9607,0.2518689
9608,0.47699225
9609,0.080977805
9610,0.02841853
9611,0.037597917
9612,0.033155072
9613,0.23952332
9614,0.16924079
9615,0.12406876
9616,0.31116298
9617,0.20441154
9618,0.27562013
9619,0.97183853
9620,0.10610109
9621,0.24926452
9622,0.24608828
9623,0.024056967
9624,0.07219349
9625,0.45189396
9626,0.071783155
9627,0.051737063
9628,0.045981318
9629,0.056326322
9630,0.24646991
9631,0.40424532
9632,0.28810826
9633,0.5412543
9634,0.43335265
9635,0.18417875
9636,0.23547255
9637,0.35474765
9638,0.015623392
9639,0.030752642
9640,0.24457079
9641,0.08246631
9642,0.0542252
9643,0.43906942
9644,0.25151345
9645,0.059897587
9646,0.5960395
9647,0.38279498
9648,0.0039590667
9649,0.08949305
9650,0.1299981
9651,0.09010222
9652,0.05293761
9653,0.010540952
9654,0.01772377
9655,0.036088407
9656,0.0703197
9657,0.11386633
9658,0.1180189
9659,0.15079191
9660,0.3975373
9661,0.7875327
9662,0.47849572
9663,0.41795367
9664,0.5871386
9665,0.0984114
9666,0.02334707
9667,0.073694445
9668,0.07331567
9669,0.24549198
9670,0.26174223
9671,0.05648386
9672,0.026905023
9673,0.071510285
9674,0.24945603
9675,0.020533284
9676,0.00365737
9677,0.055541646
9678,0.122764885
9679,0.024822151
9680,0.01885935
9681,0.037746288
9682,0.021443728
9683,0.010310555
9684,0.03511847
9685,0.0864259
9686,0.07089958
9687,0.08493877
9688,0.26404956
9689,0.2755485
9690,0.3418498
9691,0.6613118
9692,0.66047496
9693,0.39421588
9694,0.1271879
9695,0.044277463
9696,0.02097855
9697,0.058850635
9698,0.11233185
9699,0.015500597
9700,0.029536461
9701,0.61463594
9702,0.054726645
9703,0.020038476
9704,0.22786692
9705,0.04353609
9706,0.22542097
9707,0.052705266
9708,0.019163743
9709,0.04622557
9710,0.015873525
9711,0.016649308
9712,0.03466696
9713,0.09845374
9714,0.12869544
9715,0.5896424
9716,0.39383027
9717,0.23800467
9718,0.8474475
9719,0.37302473
9720,0.4131299
9721,0.11185045
9722,0.041336197
9723,0.044186883
9724,0.059768163
9725,0.055160332
9726,0.017169302
9727,0.03551175
9728,0.057083275
9729,0.41619375
9730,0.23356515
9731,0.37085623
9732,0.029313894
9733,0.09682614
9734,0.1307633
9735,0.13873854
9736,0.17319728
9737,0.043708023
9738,0.03293852
9739,0.049401008
9740,0.18093503
9741,0.6534644
9742,0.37660137
9743,0.42375183
9744,0.24008597
9745,0.41777363
9746,0.17455521
9747,0.072304465
9748,0.049318414
9749,0.026412928
9750,0.0126838675
9751,0.012078363
9752,0.060594745
9753,0.031897593
9754,0.123561814
9755,0.13183126
9756,0.07206628
9757,0.27236134
9758,0.0332362
9759,0.074758135
9760,0.01413501
9761,0.2586964
9762,0.055770103
9763,0.010833691
9764,0.013584966
9765,0.12965567
9766,0.16417417
9767,0.03984578
9768,0.006438179
9769,0.24025422
9770,0.25519243
9771,0.08058862
9772,0.09034355
9773,0.0927566
9774,0.08879528
9775,0.04069028
9776,0.14210752
9777,0.11910825
9778,0.04768418
9779,0.0115997745
9780,0.24938682
9781,0.009213529
9782,0.011489262
9783,0.014654158
9784,0.10160624
9785,0.042152736
9786,0.040842135
9787,0.1446886
9788,0.03970725
9789,0.06340423
9790,0.00844398
9791,0.064253606
9792,0.23348682
9793,0.40784717
9794,0.45887905
9795,0.053669292
9796,0.011121931
9797,0.021344813
9798,0.022512656
9799,0.028623806
9800,0.059385594
9801,0.015204508
9802,0.06980811
9803,0.13072085
9804,0.0155655565
9805,0.030821685
9806,0.017268896
9807,0.033049826
9808,0.01945909
9809,0.015054431
9810,0.033631716
9811,0.08536368
9812,0.11331239
9813,0.39585993
9814,0.014976689
9815,0.019220915
9816,0.05707114
9817,0.077205464
9818,0.102877095
9819,0.27417654
9820,0.055532124
9821,0.0142924385
9822,0.22954826
9823,0.037326787
9824,0.08685917
9825,0.13971673
9826,0.058896273
9827,0.012044156
9828,0.02031896
9829,0.009816384
9830,0.197591
9831,0.018088264
9832,0.032924823
9833,0.1637955
9834,0.06404762
9835,0.050017208
9836,0.018422667
9837,0.03302341
9838,0.070638664
9839,0.40837696
9840,0.0333684
9841,0.0019802803
9842,0.029876333
9843,0.04775999
9844,0.06680369
9845,0.23797108
9846,0.06840003
9847,0.25583437
9848,0.1143804
9849,0.02998064
9850,0.05214135
9851,0.051393516
9852,0.03210672
9853,0.25354737
9854,0.021569321
9855,0.13568066
9856,0.01847403
9857,0.12746249
9858,0.05518472
9859,0.009572928
9860,0.012196804
9861,0.4101522
9862,0.48397747
9863,0.25295383
9864,0.047125842
9865,0.013362849
9866,0.11266515
9867,0.04884524
9868,0.037386056
9869,0.096157864
9870,0.088367134
9871,0.09402779
9872,0.93785465
9873,0.01984734
9874,0.08024538
9875,0.09412982
9876,0.088867955
9877,0.020633271
9878,0.041829012
9879,0.15019548
9880,0.3086286
9881,0.07204913
9882,0.23191932
9883,0.033568617
9884,0.020274187
9885,0.013276456
9886,0.02417794
9887,0.09062907
9888,0.03164193
9889,0.026215553
9890,0.06484872
9891,0.048678644
9892,0.01969281
9893,0.064731
9894,0.020426564
9895,0.10660849
9896,0.040941983
9897,0.04158813
9898,0.013155222
9899,0.035699114
9900,0.09605202
9901,0.1042067
9902,0.06132328
9903,0.5836461
9904,0.060009174
9905,0.097674705
9906,0.04932719
9907,0.047722638
9908,0.0586646
9909,0.017795054
9910,0.42749667
9911,0.042102654
9912,0.005635665
9913,0.0054006046
9914,0.053439856
9915,0.094093986
9916,0.024331212
9917,0.0089149475
9918,0.11182397
9919,0.044191882
9920,0.029977666
9921,0.039590564
9922,0.3872496
9923,0.06507804
9924,0.019972056
9925,0.02059934
9926,0.019270677
9927,0.05437522
9928,0.043974087
9929,0.0055939704
9930,0.25068027
9931,0.07602266
9932,0.012628607
9933,0.016650293
9934,0.009682483
9935,0.06496658
9936,0.13960543
9937,0.09123755
9938,0.08387447
9939,0.0679568
9940,0.028957523
9941,0.051405877
9942,0.07521946
9943,0.25601125
9944,0.12134508
9945,0.011168201
9946,0.043292455
9947,0.015933821
9948,0.023211306
9949,0.013977374
9950,0.01746053
9951,0.0075249504
9952,0.008168859
9953,0.0153636355
9954,0.009089318
9955,0.022348598
9956,0.058436897
9957,0.060021516
9958,0.12561338
9959,0.01654161
9960,0.009068102
9961,0.26028982
9962,0.19032775
9963,0.015204998
9964,0.0084692435
9965,0.021389991
9966,0.02944245
9967,0.017246682
9968,0.009829629
9969,0.02358076
9970,0.025268039
9971,0.015511972
9972,0.030613167
9973,0.012947522
9974,0.009991148
9975,0.009159096
9976,0.02649147
9977,0.043317974
9978,0.05952704
9979,0.014092898
9980,0.01143109
9981,0.09412499
9982,0.029199937
9983,0.051669016
9984,0.030511755
9985,0.012149494
9986,0.10247858
9987,0.011800164
9988,0.0119915465
9989,0.15382992
9990,0.05750274
9991,0.06549435
9992,0.064037174
9993,0.018254584
9994,0.07599442
9995,0.026757998
9996,0.014804458
9997,0.0069555608
9998,0.066074304
9999,0.0776553
10000,0.008070265
10001,0.12998018
10002,0.017186143
10003,0.026433708
10004,0.037085284
10005,0.03106059
10006,0.029974716
10007,0.012927832
10008,0.008315201
10009,0.011441312
10010,0.0324261
10011,0.011902285
10012,0.011446249
10013,0.018162685
10014,0.055369075
10015,0.029562792
10016,0.15076214
10017,0.017058177
10018,0.027014509
10019,0.0034289595
10020,0.0153769655
10021,0.020464242
10022,0.058934875
10023,0.0194401
10024,0.013841768
10025,0.028373199
10026,0.017182972
10027,0.008627822
10028,0.027510578
10029,0.11119851
10030,0.14707203
10031,0.09044804
10032,0.023350326
10033,0.04335892
10034,0.038848314
10035,0.22318634
10036,0.08783443
10037,0.034697603
10038,0.0319778
10039,0.03764253
10040,0.023800623
10041,0.09283737
10042,0.047097083
10043,0.03446341
10044,0.031019036
10045,0.09594123
10046,0.037977673
10047,0.050351713
10048,0.3658768
10049,0.3996312
10050,0.020299355
10051,0.023757527
10052,0.032218527
10053,0.011469325
10054,0.2790811
10055,0.03752638
10056,0.29475555
10057,0.06476778
10058,0.24604408
10059,0.05644411
10060,0.01865482
10061,0.04865773
10062,0.060098488
10063,0.014847053
10064,0.08131959
10065,0.054468717
10066,0.5670001
10067,0.2456087
10068,0.050575633
10069,0.025596902
10070,0.23755357
10071,0.041360978
10072,0.0020972106
10073,0.054922745
10074,0.050376292
10075,0.01289282
10076,0.033911973
10077,0.08689043
10078,0.26121283
10079,0.52910566
10080,0.4825932
10081,0.047651928
10082,0.13346909
10083,0.24343131
10084,0.009471187
10085,0.017007452
10086,0.054387707
10087,0.050755356
10088,0.012520854
10089,0.09611895
10090,0.42861545
10091,0.14042622
10092,0.28228113
10093,0.4957017
10094,0.12036022
10095,0.019812815
10096,0.48434886
10097,0.0625596
10098,0.28780752
10099,0.042679314
10100,0.05547115
10101,0.036212105
10102,0.039046254
10103,0.035576086
10104,0.22287492
10105,0.13306478
10106,0.09454258
10107,0.03786841
10108,0.18882242
10109,0.29915002
10110,0.050323505
10111,0.032755423
10112,0.06325845
10113,0.059216965
10114,0.07895713
10115,0.031906653
10116,0.03754619
10117,0.05229647
10118,0.102366835
10119,0.035943773
10120,0.07654042
10121,0.14973159
10122,0.075472035
10123,0.2726956
10124,0.042369027
10125,0.04772139
10126,0.04102544
10127,0.023477005
10128,0.014549306
10129,0.014426212
10130,0.021443123
10131,0.47197366
10132,0.12069409
10133,0.058759373
10134,0.44004056
10135,0.3093799
10136,0.088121876
10137,0.041319408
10138,0.011629258
10139,0.018034015
10140,0.022038657
10141,0.0044414448
10142,0.03431156
10143,0.0032474753
10144,0.012661077
10145,0.101027064
10146,0.09047491
10147,0.09340935
10148,0.24758881
10149,0.45773616
10150,0.01874908
10151,0.042494576
10152,0.055795833
10153,0.012273448
10154,0.008808593
10155,0.029079132
10156,0.02537028
10157,0.04367251
10158,0.2857574
10159,0.01642041
10160,0.04246604
10161,0.04967721
10162,0.030711766
10163,0.12720238
10164,0.5711402
10165,0.03812441
10166,0.05875816
10167,0.019727295
10168,0.023381095
10169,0.0548426
10170,0.05035691
10171,0.010592345
10172,0.028733224
10173,0.014293819
10174,0.12863588
10175,0.17973153
10176,0.096170455
10177,0.07900084
10178,0.06369908
10179,0.039206542
10180,0.0404574
10181,0.035052575
10182,0.04643895
10183,0.097861424
10184,0.06916919
10185,0.22443871
10186,0.019546626
10187,0.056196395
10188,0.037528373
10189,0.022395495
10190,0.014726399
10191,0.024792926
10192,0.041224524
10193,0.0065414524
10194,0.064321786
10195,0.02344363
10196,0.08893223
10197,0.2903216
10198,0.2718014
10199,0.0433279
10200,0.043133058
10201,0.042197965
10202,0.106078655
10203,0.056524027
10204,0.01569759
10205,0.030400086
10206,0.17067628
10207,0.034193188
10208,0.026977463
10209,0.034792114
10210,0.06874703
10211,0.0806371
10212,0.24800813
10213,0.23130237
10214,0.25574863
10215,0.07530106
10216,0.053006746
10217,0.018448258
10218,0.056528192
10219,0.053042114
10220,0.09087316
10221,0.04850214
10222,0.5489925
10223,0.13564943
10224,0.02310469
10225,0.12084445
10226,0.05863952
10227,0.050834075
10228,0.009179868
10229,0.07898625
10230,0.021282218
10231,0.0116028935
10232,0.021747015
10233,0.02333967
10234,0.1006673
10235,0.047983572
10236,0.0905368
10237,0.06945354
10238,0.12674989
10239,0.37897947
10240,0.3675328
10241,0.08708786
10242,0.028253274
10243,0.08812837
10244,0.018882656
10245,0.044792082
10246,0.008709433
10247,0.006850666
10248,0.068031825
10249,0.04616333
10250,0.1296577
10251,0.057912815
10252,0.10437614
10253,0.04502617
10254,0.06435925
10255,0.03696687
10256,0.019504728
10257,0.021457022
10258,0.14058518
10259,0.009428015
10260,0.03294456
10261,0.05887851
10262,0.0102787
10263,0.012936723
10264,0.045701284
10265,0.070648655
10266,0.0837694
10267,0.15604135
10268,0.12532875
10269,0.18501672
10270,0.13242064
10271,0.16711652
10272,0.018722206
10273,0.100194074
10274,0.011460462
10275,0.058153257
10276,0.012004042
10277,0.04242557
10278,0.11016602
10279,0.03373153
10280,0.022732023
10281,0.051338404
10282,0.04664132
10283,0.01433649
10284,0.05463816
10285,0.078231685
10286,0.03529457
10287,0.06122069
10288,0.005066488
10289,0.024996724
10290,0.03267757
10291,0.06997995
10292,0.018203717
10293,0.041528657
10294,0.08593634
10295,0.07711394
10296,0.16255614
10297,0.4957506
10298,0.13118601
10299,0.13292257
10300,0.07386349
10301,0.09647267
10302,0.08465984
10303,0.097282164
10304,0.06032022
10305,0.019666353
10306,0.3967927
10307,0.09060955
10308,0.0805746
10309,0.058410555
10310,0.0910255
10311,0.015000116
10312,0.026904441
10313,0.007688069
10314,0.024507055
10315,0.049422957
10316,0.3186172
10317,0.06685496
10318,0.050303973
10319,0.13197266
10320,0.8147431
10321,0.10680184
10322,0.021931155
10323,0.13336983
10324,0.06731808
10325,0.23989056
10326,0.27434635
10327,0.074836746
10328,0.020188238
10329,0.04905589
10330,0.10684105
10331,0.23488025
10332,0.04163372
10333,0.18611033
10334,0.10229942
10335,0.07062612
10336,0.011066414
10337,0.021852233
10338,0.02552239
10339,0.066283144
10340,0.08746572
10341,0.019298648
10342,0.13777734
10343,0.16897188
10344,0.14369263
10345,0.11426862
10346,0.04528735
10347,0.12008003
10348,0.23991771
10349,0.24701847
10350,0.06324863
10351,0.010288504
10352,0.059957586
10353,0.021472272
10354,0.009191916
10355,0.070808016
10356,0.50290054
10357,0.049533535
10358,0.053460278
10359,0.3793593
10360,0.25129294
10361,0.017859442
10362,0.0124488445
10363,0.05086779
10364,0.073554926
10365,0.19086172
10366,0.26455805
10367,0.11257302
10368,0.105341606
10369,0.24631615
10370,0.17781551
10371,0.15842304
10372,0.2484607
10373,0.3936918
10374,0.090584636
10375,0.007540633
10376,0.017186077
10377,0.047414742
10378,0.09171033
10379,0.056726377
10380,0.18995948
10381,0.83699965
10382,0.0033446166
10383,0.05337721
10384,0.3961875
10385,0.016558228
10386,0.05311357
10387,0.2586186
10388,0.016402317
10389,0.016990243
10390,0.063079245
10391,0.0940093
10392,0.022554846
10393,0.06256793
10394,0.5089617
10395,0.070148714
10396,0.09865553
10397,0.27662122
10398,0.16026282
10399,0.2411033
10400,0.38142565
10401,0.277708
10402,0.03125859
10403,0.36134884
10404,0.227493
10405,0.2380523
10406,0.80769867
10407,0.2925501
10408,0.4166841
10409,0.025467549
10410,0.11913425
10411,0.016852668
10412,0.0622963
10413,0.019413127
10414,0.01775416
10415,0.012183439
10416,0.06825059
10417,0.008121006
10418,0.0126797985
10419,0.03830177
10420,0.07745237
10421,0.12611234
10422,0.12040639
10423,0.13460949
10424,0.10376997
10425,0.24788305
10426,0.103760615
10427,0.029724276
10428,0.10861931
10429,0.2665998
10430,0.018709684
10431,0.060832646
10432,0.9676625
10433,0.89757293
10434,0.48373565
10435,0.0033076764
10436,0.024557238
10437,0.017578514
10438,0.05488976
10439,0.44254184
10440,0.0884844
10441,0.06347638
10442,0.012365916
10443,0.06980151
10444,0.09532264
10445,0.070580736
10446,0.017252015
10447,0.44931406
10448,0.02489984
10449,0.04390867
10450,0.13123946
10451,0.11728365
10452,0.064536124
10453,0.049924582
10454,0.23724157
10455,0.22925933
10456,0.003986036
10457,0.026741976
10458,0.359878
10459,0.10574147
10460,0.10901713
10461,1.0330627
10462,0.90370923
10463,0.537439
10464,0.015482458
10465,0.07142325
10466,0.028641818
10467,0.16836159
10468,0.09324236
10469,0.25289506
10470,0.03997226
10471,0.08360191
10472,0.024996432
10473,0.08664024
10474,0.1268508
10475,0.18183899
10476,0.11651034
10477,0.45869076
10478,0.45956495
10479,0.3068252
10480,0.16665429
10481,0.10965117
10482,0.07925967
10483,0.12337353
10484,0.050527513
10485,0.038042102
10486,0.12507795
10487,0.23084562
10488,0.09354969
10489,0.10921877
10490,0.026337082
10491,0.8490319
10492,0.98355794
10493,0.99037147
10494,0.11826079
10495,0.04470558
10496,0.22951855
10497,0.30115882
10498,0.029469715
10499,0.018532757
10500,0.018864231
10501,0.059903894
10502,0.1257881
10503,0.06809238
10504,0.4289969
10505,0.7387817
10506,0.09045893
10507,0.13061427
10508,0.10572243
10509,0.17759113
10510,0.08071664
10511,0.43418694
10512,0.123000585
10513,0.035341583
10514,0.10357041
10515,0.103967406
10516,0.10642928
10517,0.04965817
10518,0.025129464
10519,0.4118608
10520,0.41715196
10521,0.2518276
10522,0.08010018
10523,0.023587732
10524,0.107132874
10525,0.06914426
10526,0.3747246
10527,0.03090367
10528,0.041776203
10529,0.06129741
10530,0.02092958
10531,0.059174653
10532,0.05301277
10533,0.39581817
10534,0.55279344
10535,0.43057787
10536,0.29575276
10537,0.13616335
10538,0.27422786
10539,0.17087142
10540,0.5531783
10541,0.0734771
10542,0.027065257
10543,0.035347465
10544,0.033238173
10545,0.15336488
10546,0.16713408
10547,0.12230867
10548,0.29992035
10549,0.3880626
10550,0.2639673
10551,0.9737411
10552,0.22269607
10553,0.24892561
10554,0.23861401
10555,0.06380319
10556,0.2692095
10557,0.083396174
10558,0.04748094
10559,0.049019475
10560,0.061279748
10561,0.28566927
10562,0.38580403
10563,0.40450215
10564,0.5665554
10565,0.43177015
10566,0.1756809
10567,0.23420928
10568,0.25765777
10569,0.01427103
10570,0.15021913
10571,0.07899679
10572,0.044878695
10573,0.43998933
10574,0.18968685
10575,0.06273945
10576,0.5968298
10577,0.3635496
10578,0.0048096906
10579,0.08181153
10580,0.107191406
10581,0.08629491
10582,0.020535637
10583,0.037926473
10584,0.07327729
10585,0.12038313
10586,0.116544165
10587,0.2484975
10588,0.41300184
10589,0.7988696
10590,0.42591178
10591,0.3982226
10592,0.63636124
10593,0.09975012
10594,0.020304918
10595,0.06122244
10596,0.06762742
10597,0.13728273
10598,0.2562619
10599,0.06806251
10600,0.026147252
10601,0.100244306
10602,0.15739116
10603,0.01770294
10604,0.045371257
10605,0.1011865
10606,0.021394242
10607,0.017958827
10608,0.04091293
10609,0.020032788
10610,0.013474926
10611,0.036856595
10612,0.09107862
10613,0.07247526
10614,0.09331978
10615,0.3814832
10616,0.26770836
10617,0.39653397
10618,0.7338002
10619,0.64436346
10620,0.39279792
10621,0.106002964
10622,0.003766108
10623,0.020709464
10624,0.059368346
10625,0.11411041
10626,0.014827959
10627,0.009496554
10628,0.031423643
10629,0.7433377
10630,0.053890735
10631,0.017650453
10632,0.22918794
10633,0.04589179
10634,0.09162285
10635,0.045313817
10636,0.05723521
10637,0.017047483
10638,0.04141256
10639,0.017399045
10640,0.017882615
10641,0.035206713
10642,0.10543538
10643,0.13934086
10644,0.53502375
10645,0.40106526
10646,0.16689327
10647,0.94993603
10648,0.40360475
10649,0.4070466
10650,0.24121176
10651,0.04357398
10652,0.032516547
10653,0.035201877
10654,0.05272715
10655,0.057052273
10656,0.035152998
10657,0.067151554
10658,0.40106365
10659,0.095322475
10660,0.38769767
10661,0.21780129
10662,0.089020625
10663,0.13000105
10664,0.13764389
10665,0.17108302
10666,0.04816546
10667,0.03593033
10668,0.05416467
10669,0.16695745
10670,0.6752222
10671,0.38259977
10672,0.39761966
10673,0.3461152
10674,0.26531374
10675,0.1658868
10676,0.08095073
10677,0.041847367
10678,0.023410382
10679,0.058718447
10680,0.026630037
10681,0.11493443
10682,0.123579554
10683,0.07867482
10684,0.37008387
10685,0.028002322
10686,0.06555245
10687,0.011952774
10688,0.25817332
10689,0.053504203
10690,0.12766822
10691,0.16613986
10692,0.04444272
10693,0.28356054
10694,0.24926841
10695,0.07889917
10696,0.09125894
10697,0.036182545
10698,0.09461486
10699,0.07905227
10700,0.045606006
10701,0.13069259
10702,0.11479407
10703,0.041777037
10704,0.010173149
10705,0.26618087
10706,0.014630225
10707,0.011645266
10708,0.015250137
10709,0.09340364
10710,0.007013859
10711,0.036495935
10712,0.043448396
10713,0.16049081
10714,0.041290887
10715,0.069340974
10716,0.007591129
10717,0.059906274
10718,0.19107592
10719,0.40612537
10720,0.3787261
10721,0.06371244
10722,0.013093838
10723,0.015021436
10724,0.01974739
10725,0.03140265
10726,0.058438696
10727,0.0136756925
10728,0.06489531
10729,0.11325329
10730,0.01637464
10731,0.030517397
10732,0.014430965
10733,0.030827498
10734,0.020287694
10735,0.02575929
10736,0.09569776
10737,0.114909165
10738,0.4243952
10739,0.017137486
10740,0.020761142
10741,0.23571844
10742,0.08187913
10743,0.10943792
10744,0.41809046
10745,0.0727802
10746,0.011111038
10747,0.12476481
10748,0.036040734
10749,0.017085733
10750,0.07456924
10751,0.12644179
10752,0.055314925
10753,0.013385063
10754,0.011424236
10755,0.01957647
10756,0.01026899
10757,0.18884885
10758,0.015918119
10759,0.03199171
10760,0.15350237
10761,0.074174084
10762,0.049937554
10763,0.024118032
10764,0.033359624
10765,0.08007103
10766,0.29466748
10767,0.030786963
10768,0.002848998
10769,0.016507462
10770,0.028865777
10771,0.041931357
10772,0.061716117
10773,0.23897223
10774,0.07019357
10775,0.2546889
10776,0.09886045
10777,0.031940132
10778,0.049866863
10779,0.05440678
10780,0.031022519
10781,0.4576482
10782,0.116993
10783,0.025048088
10784,0.12175362
10785,0.061772697
10786,0.010537125
10787,0.014205027
10788,0.40014508
10789,0.502463
10790,0.2476875
10791,0.049248096
10792,0.078401804
10793,0.048591368
10794,0.032334313
10795,0.08446769
10796,0.076858595
10797,0.0789268
10798,0.9149875
10799,0.022873763
10800,0.07934003
10801,0.086487316
10802,0.08091287
10803,0.015560428
10804,0.040669277
10805,0.16982456
10806,0.45756987
10807,0.077108815
10808,0.15334731
10809,0.027467646
10810,0.02889523
10811,0.027153779
10812,0.1060059
10813,0.034982283
10814,0.027049063
10815,0.061622083
10816,0.04400135
10817,0.056913283
10818,0.017892575
10819,0.11271909
10820,0.042972356
10821,0.04044955
10822,0.013251096
10823,0.03576708
10824,0.065603554
10825,0.10465723
10826,0.020578988
10827,0.024537846
10828,0.05760587
10829,0.57755595
10830,0.06440679
10831,0.09144133
10832,0.04994716
10833,0.039541923
10834,0.05282212
10835,0.06109495
10836,0.014747757
10837,0.022271415
10838,0.41771662
10839,0.026503928
10840,0.0031582785
10841,0.060426388
10842,0.105990954
10843,0.113032855
10844,0.04546858
10845,0.027211055
10846,0.04304118
10847,0.3801143
10848,0.019856324
10849,0.021354599
10850,0.016698264
10851,0.050262146
10852,0.041143868
10853,0.0061338115
10854,0.13059281
10855,0.078598745
10856,0.0021387124
10857,0.013093756
10858,0.06795226
10859,0.14845398
10860,0.095914684
10861,0.08654021
10862,0.06641817
10863,0.02997947
10864,0.047913894
10865,0.07953671
10866,0.18789265
10867,0.13225448
10868,0.008281517
10869,0.012758944
10870,0.01747084
10871,0.015380742
10872,0.019077122
10873,0.011456092
10874,0.020555161
10875,0.0076317964
10876,0.010083459
10877,0.013399548
10878,0.017667891
10879,0.012403477
10880,0.019938331
10881,0.051315125
10882,0.06371857
10883,0.12914783
10884,0.0056893923
10885,0.011929496
10886,0.14311524
10887,0.25409797
10888,0.020943621
10889,0.009374665
10890,0.030021723
10891,0.014334006
10892,0.009150362
10893,0.02145141
10894,0.027130708
10895,0.0050880155
10896,0.015586022
10897,0.029189603
10898,0.012877683
10899,0.009902617
10900,0.005621727
10901,0.061034385
10902,0.028683987
10903,0.037782367
10904,0.056271646
10905,0.007987171
10906,0.108339526
10907,0.030569404
10908,0.050960325
10909,0.0089800535
10910,0.003010762
10911,0.03152721
10912,0.010732376
10913,0.092678204
10914,0.017186292
10915,0.0039673825
10916,0.0055443067
10917,0.013801039
10918,0.011681869
10919,0.23893863
10920,0.061698463
10921,0.06489574
10922,0.07641693
10923,0.013158667
10924,0.0032803093
10925,0.0062506148
10926,0.09937451
10927,0.02645263
10928,0.008509519
10929,0.071662724
10930,0.01496461
10931,0.07743477
10932,0.006727412
10933,0.22616757
10934,0.015096905
10935,0.027623152
10936,0.02895319
10937,0.025280643
10938,0.008051921
10939,0.012534301
10940,0.013219712
10941,0.008141115
10942,0.013781502
10943,0.03025134
10944,0.010124181
10945,0.03010475
10946,0.059362706
10947,0.027774716
10948,0.24738936
10949,0.015666962
10950,0.02606879
10951,0.005247106
10952,0.011927373
10953,0.019387925
10954,0.058179244
10955,0.019938685
10956,0.024635123
10957,0.016692013
10958,0.00927886
10959,0.009908942
10960,0.01895654
10961,0.032174315
10962,0.10221315
10963,0.13995603
10964,0.084698044
10965,0.021897068
10966,0.03927172
10967,0.024976023
10968,0.050856255
10969,0.03356582
10970,0.04495518
10971,0.038296536
10972,0.05081298
10973,0.025546221
10974,0.082210936
10975,0.05572121
10976,0.034777407
10977,0.02713629
10978,0.09991075
10979,0.047860205
10980,0.05756288
10981,0.24487926
10982,0.35810414
10983,0.01738144
10984,0.055107765
10985,0.009304972
10986,0.2547363
10987,0.033861257
10988,0.22643837
10989,0.08528222
10990,0.14717938
10991,0.056925293
10992,0.027524592
10993,0.018264664
10994,0.044635575
10995,0.11795416
10996,0.049131718
10997,0.5904025
10998,0.22872815
10999,0.030457027
11000,0.23990536
11001,0.048987493
11002,0.027892787
11003,0.022256624
11004,0.052681427
11005,0.03258752
11006,0.018098408
11007,0.012271819
11008,0.03434109
11009,0.08307809
11010,0.114278585
11011,0.49100086
11012,0.50403005
11013,0.033544738
11014,0.040596716
11015,0.0233472
11016,0.22995311
11017,0.13289778
11018,0.011329415
11019,0.051210165
11020,0.05201146
11021,0.05477984
11022,0.09162259
11023,0.43546358
11024,0.13219358
11025,0.27934107
11026,0.54548764
11027,0.10744477
11028,0.46226543
11029,0.060497276
11030,0.48935136
11031,0.049491998
11032,0.049531925
11033,0.03709084
11034,0.033207238
11035,0.034815747
11036,0.10897851
11037,0.11754298
11038,0.09212768
11039,0.04547659
11040,0.30321375
11041,0.048248153
11042,0.034411676
11043,0.06413824
11044,0.08299403
11045,0.03203717
11046,0.04041557
11047,0.0042560254
11048,0.05575332
11049,0.096468806
11050,0.034071233
11051,0.0767208
11052,0.2736436
11053,0.17614223
11054,0.050501946
11055,0.048399813
11056,0.06008624
11057,0.042995263
11058,0.025570877
11059,0.017709795
11060,0.4905236
11061,0.12797113
11062,0.065944016
11063,0.2890185
11064,0.47265598
11065,0.074880496
11066,0.042733118
11067,0.020052321
11068,0.022258338
11069,0.005790813
11070,0.040563866
11071,0.011011267
11072,0.08750464
11073,0.08205042
11074,0.10568941
11075,0.14675619
11076,0.46586773
11077,0.005218768
11078,0.22559243
11079,0.05998212
11080,0.008919037
11081,0.007219316
11082,0.030068064
11083,0.027054794
11084,0.035169523
11085,0.27936953
11086,0.016233549
11087,0.042936042
11088,0.010233639
11089,0.0132386945
11090,0.058827132
11091,0.032013282
11092,0.12188461
11093,0.55527025
11094,0.051497903
11095,0.07137176
11096,0.018222634
11097,0.022193694
11098,0.056012306
11099,0.054632742
11100,0.009443252
11101,0.019481916
11102,0.027474908
11103,0.010779463
11104,0.13034533
11105,0.1631255
11106,0.100639015
11107,0.08226518
11108,0.0604277
11109,0.042858332
11110,0.038367618
11111,0.03692129
11112,0.047055867
11113,0.090199634
11114,0.069219574
11115,0.112340845
11116,0.019044004
11117,0.047399018
11118,0.040541556
11119,0.024341628
11120,0.026203994
11121,0.039959725
11122,0.027843103
11123,0.084477
11124,0.20134726
11125,0.25430396
11126,0.043685105
11127,0.042194687
11128,0.030446514
11129,0.09525874
11130,0.063729435
11131,0.01518286
11132,0.06758636
11133,0.02778474
11134,0.24961747
11135,0.03207742
11136,0.026282126
11137,0.033834286
11138,0.08249534
11139,0.08259319
11140,0.24996954
11141,0.25488126
11142,0.24408814
11143,0.07189356
11144,0.051201046
11145,0.020276077
11146,0.055502575
11147,0.05295614
11148,0.010575526
11149,0.092449516
11150,0.045129936
11151,0.5186929
11152,0.12573588
11153,0.02048039
11154,0.012786844
11155,0.1357507
11156,0.05774693
11157,0.04848382
11158,0.01968549
11159,0.011383086
11160,0.07746429
11161,0.012347993
11162,0.022877952
11163,0.024916401
11164,0.09513432
11165,0.049613085
11166,0.08498877
11167,0.071526684
11168,0.12489334
11169,0.24004148
11170,0.39059475
11171,0.081443675
11172,0.025616875
11173,0.07750985
11174,0.016396431
11175,0.047534715
11176,0.0051657753
11177,0.008673498
11178,0.06464664
11179,0.05923463
11180,0.13350767
11181,0.053370405
11182,0.1099551
11183,0.03989142
11184,0.06151124
11185,0.034172755
11186,0.020634813
11187,0.15349995
11188,0.01051458
11189,0.032535642
11190,0.07007273
11191,0.01310098
11192,0.025069742
11193,0.045753203
11194,0.066876695
11195,0.09059479
11196,0.15642303
11197,0.12462523
11198,0.24016902
11199,0.12915258
11200,0.15723214
11201,0.016180731
11202,0.099840425
11203,0.010347586
11204,0.05911865
11205,0.01030815
11206,0.03885403
11207,0.087376595
11208,0.04229182
11209,0.022310624
11210,0.054664053
11211,0.04084855
11212,0.054415796
11213,0.08188025
11214,0.037440356
11215,0.060091224
11216,0.024143195
11217,0.03306531
11218,0.071127586
11219,0.021216309
11220,0.04242227
11221,0.07628818
11222,0.08002799
11223,0.16640842
11224,0.33285603
11225,0.12797761
11226,0.123198055
11227,0.084776305
11228,0.095497884
11229,0.08413942
11230,0.10352049
11231,0.05903963
11232,0.009942642
11233,0.0078071444
11234,0.020452188
11235,0.38368383
11236,0.07267433
11237,0.084057055
11238,0.0594678
11239,0.08119184
11240,0.012249209
11241,0.02962742
11242,0.02523985
11243,0.05143073
11244,0.31385946
11245,0.06891927
11246,0.052510776
11247,0.13431641
11248,0.5464005
11249,0.11166833
11250,0.018418673
11251,0.250224
11252,0.06970201
11253,0.25184035
11254,0.25531107
11255,0.07364574
11256,0.020592883
11257,0.049117282
11258,0.019929789
11259,0.103367545
11260,0.15496887
11261,0.04152106
11262,0.16383943
11263,0.09939583
11264,0.07502573
11265,0.013474417
11266,0.0110917175
11267,0.018013017
11268,0.023687119
11269,0.07272969
11270,0.0857635
11271,0.021076143
11272,0.14654163
11273,0.17097975
11274,0.15099485
11275,0.105237685
11276,0.045485277
11277,0.11410753
11278,0.23759076
11279,0.24617529
11280,0.05691546
11281,0.010358324
11282,0.051505137
11283,0.021250008
11284,0.061050445
11285,0.45288777
11286,0.041144494
11287,0.06377378
11288,0.37946972
11289,0.24072592
11290,0.0119352015
11291,0.0504833
11292,0.07274435
11293,0.18226536
11294,0.24919784
11295,0.010637153
11296,0.114146434
11297,0.10782792
11298,0.12789403
11299,0.16248658
11300,0.17028469
11301,0.18376227
11302,0.38663515
11303,0.09529739
11304,0.047421984
11305,0.089243025
11306,0.05918948
11307,0.27207398
11308,0.8379662
11309,0.0037451724
11310,0.050101552
11311,0.39542246
11312,0.015921392
11313,0.04904331
11314,0.25668886
11315,0.015795268
11316,0.06375934
11317,0.09295878
11318,0.025212448
11319,0.06209556
11320,0.0058958028
11321,0.48032555
11322,0.06682142
11323,0.102650784
11324,0.27072453
11325,0.15813576
11326,0.24805327
11327,0.37375283
11328,0.27301356
11329,0.025985286
11330,0.16938841
11331,0.22418353
11332,0.23916742
11333,0.8806107
11334,0.31779206
11335,0.42984375
11336,0.027607506
11337,0.11161937
11338,0.0695632
11339,0.03179705
11340,0.021898389
11341,0.009710099
11342,0.011812216
11343,0.06721807
11344,0.006507127
11345,0.012719356
11346,0.036999885
11347,0.07288295
11348,0.121007875
11349,0.12728283
11350,0.12873563
11351,0.09541946
11352,0.1705935
11353,0.23070884
11354,0.027881505
11355,0.11162076
11356,0.26180953
11357,0.018918294
11358,0.055673696
11359,0.95280206
11360,0.91647536
11361,0.43902606
11362,0.005240403
11363,0.02483065
11364,0.05008703
11365,0.42529872
11366,0.077572234
11367,0.06136282
11368,0.06763952
11369,0.08270708
11370,0.067497835
11371,0.015883017
11372,0.3926819
11373,0.023856437
11374,0.040943094
11375,0.12793897
11376,0.11514279
11377,0.06467288
11378,0.050448075
11379,0.22907941
11380,0.22904831
11381,0.026675418
11382,0.11667218
11383,0.10011161
11384,0.10019452
11385,0.971436
11386,0.918431
11387,0.5835928
11388,0.017488716
11389,0.061042685
11390,0.022974174
11391,0.29374918
11392,0.09800457
11393,0.25912
11394,0.04238676
11395,0.08506548
11396,0.024635442
11397,0.09350262
11398,0.12346485
11399,0.17074046
11400,0.12618744
11401,0.48828217
11402,0.44033578
11403,0.25991488
11404,0.16896512
11405,0.11695943
11406,0.07630975
11407,0.11966731
11408,0.050285436
11409,0.03836416
11410,0.019590825
11411,0.11932831
11412,0.15000446
11413,0.091585256
11414,0.10379104
11415,0.0283991
11416,0.88547635
11417,0.9373844
11418,1.0148528
11419,0.10433623
11420,0.04619503
11421,0.22767885
11422,0.2975946
11423,0.02653684
11424,0.02367709
11425,0.020431729
11426,0.0636975
11427,0.1313093
11428,0.065104865
11429,0.3933184
11430,0.7652677
11431,0.09045814
11432,0.13318513
11433,0.118366964
11434,0.16736358
11435,0.067795336
11436,0.37799573
11437,0.111181006
11438,0.03126932
11439,0.09715144
11440,0.12109372
11441,0.09850411
11442,0.057589035
11443,0.023708643
11444,0.29995188
11445,0.38748726
11446,0.16696863
11447,0.07571797
11448,0.028182948
11449,0.1099238
11450,0.07115796
11451,0.26743573
11452,0.033866394
11453,0.03357287
11454,0.05810877
11455,0.019698309
11456,0.02487693
11457,0.054393843
11458,0.056297604
11459,0.4113204
11460,0.63816863
11461,0.41703036
11462,0.19391412
11463,0.1456605
11464,0.1810083
11465,0.1665913
11466,0.51347613
11467,0.068437345
11468,0.031397138
11469,0.041046124
11470,0.033034366
11471,0.14875765
11472,0.16012599
11473,0.12787898
11474,0.45562437
11475,0.36044633
11476,0.25824964
11477,0.8512599
11478,0.22439034
11479,0.016196873
11480,0.14500262
11481,0.19061828
11482,0.023507671
11483,0.06384159
11484,0.19549927
11485,0.07832049
11486,0.05378047
11487,0.048879113
11488,0.060092162
11489,0.16980556
11490,0.42505127
11491,0.40243804
11492,0.5431579
11493,0.40708962
11494,0.17975512
11495,0.23736879
11496,0.23464434
11497,0.014037483
11498,0.028965121
11499,0.16933143
11500,0.08056755
11501,0.45243552
11502,0.20165694
11503,0.061695047
11504,0.5271574
11505,0.38939
11506,0.004722859
11507,0.07617731
11508,0.11062142
11509,0.082241446
11510,0.0488844
11511,0.017618304
11512,0.038070083
11513,0.06970387
11514,0.11035947
11515,0.11911193
11516,0.26282936
11517,0.42085278
11518,0.82651806
11519,0.43807638
11520,0.38927507
11521,0.59623206
11522,0.1112482
11523,0.07386595
11524,0.06538532
11525,0.14832339
11526,0.1823577
11527,0.06745353
11528,0.02466857
11529,0.0701428
11530,0.1484905
11531,0.02227414
11532,0.0030532617
11533,0.057355978
11534,0.11188026
11535,0.022636471
11536,0.040902816
11537,0.010702043
11538,0.039691675
11539,0.08466982
11540,0.074247636
11541,0.10664938
11542,0.2452633
11543,0.2858117
11544,0.39163136
11545,0.68291783
11546,0.59631234
11547,0.4166699
11548,0.13436814
11549,0.021925485
11550,0.05015029
11551,0.116380826
11552,0.0155322915
11553,0.0063547213
11554,0.028683674
11555,0.72730994
11556,0.05252629
11557,0.01822703
11558,0.06362299
11559,0.04427847
11560,0.0990313
11561,0.039626505
11562,0.056104485
11563,0.017328523
11564,0.01856098
11565,0.03768287
11566,0.10342604
11567,0.13241926
11568,0.5585451
11569,0.38852498
11570,0.1683407
11571,0.97592074
11572,0.4095698
11573,0.45628986
11574,0.120929785
11575,0.0405808
11576,0.032264236
11577,0.035667967
11578,0.059593443
11579,0.06185735
11580,0.036009613
11581,0.07321187
11582,0.4364821
11583,0.22717094
11584,0.3856974
11585,0.02740937
11586,0.09011615
11587,0.13020472
11588,0.14233872
11589,0.24964175
11590,0.049752653
11591,0.037701607
11592,0.007985832
11593,0.051675763
11594,0.16831614
11595,0.6989655
11596,0.40712085
11597,0.46023145
11598,0.25184438
11599,0.3792462
11600,0.15811679
11601,0.08003263
11602,0.039357606
11603,0.023410382
11604,0.012356873
11605,0.055998567
11606,0.030287214
11607,0.122334324
11608,0.1243988
11609,0.09408879
11610,0.1994657
11611,0.034001537
11612,0.071440175
11613,0.26055914
11614,0.050390735
11615,0.013151652
11616,0.13682334
11617,0.23716016
11618,0.04047423
11619,0.23914704
11620,0.17622146
11621,0.0829243
11622,0.09582603
11623,0.102896154
11624,0.079031475
11625,0.03844378
11626,0.12796661
11627,0.11264449
11628,0.0472816
11629,0.010217101
11630,0.23803468
11631,0.009836872
11632,0.016593823
11633,0.09824215
11634,0.04300584
11635,0.15414588
11636,0.0442559
11637,0.066926315
11638,0.05857528
11639,0.17716809
11640,0.39966643
11641,0.4404523
11642,0.06389362
11643,0.013288021
11644,0.020487024
11645,0.030694366
11646,0.057153713
11647,0.01737276
11648,0.062528
11649,0.15139234
11650,0.034268603
11651,0.016394945
11652,0.031194972
11653,0.018484423
11654,0.008968689
11655,0.024954572
11656,0.08725156
11657,0.11584018
11658,0.39483425
11659,0.017747354
11660,0.021564983
11661,0.062436342
11662,0.081392735
11663,0.1017922
11664,0.39602014
11665,0.07281999
11666,0.014587708
11667,0.12774202
11668,0.014505944
11669,0.03599988
11670,0.078254394
11671,0.13321513
11672,0.059875034
11673,0.010978195
11674,0.011800907
11675,0.018028365
11676,0.009978757
11677,0.20386864
11678,0.01685076
11679,0.031581867
11680,0.15701011
11681,0.07672675
11682,0.051566124
11683,0.020399584
11684,0.035487447
11685,0.07784578
11686,0.38318554
11687,0.030664202
11688,0.0024027135
11689,0.014792015
11690,0.019428706
11691,0.03021632
11692,0.044728197
11693,0.06248903
11694,0.24011762
11695,0.07323687
11696,0.2544601
11697,0.096219555
11698,0.031059856
11699,0.014771037
11700,0.048071813
11701,0.042145997
11702,0.027587265
11703,0.46947885
11704,0.12560429
11705,0.02476582
11706,0.11673947
11707,0.06299359
11708,0.011008745
11709,0.01414333
11710,0.41370356
11711,0.50698775
11712,0.12744622
11713,0.051769435
11714,0.089402996
11715,0.05232985
11716,0.037659947
11717,0.08653985
11718,0.07473696
11719,0.087082446
11720,0.8530955
11721,0.07293938
11722,0.07694975
11723,0.079829514
11724,0.020786589
11725,0.036812622
11726,0.15716797
11727,0.4602717
11728,0.07225283
11729,0.15149151
11730,0.025955884
11731,0.0252279
11732,0.024210863
11733,0.111194186
11734,0.035282
11735,0.027717685
11736,0.008114302
11737,0.06513293
11738,0.038888834
11739,0.029376049
11740,0.022272004
11741,0.061919823
11742,0.10349964
11743,0.039477646
11744,0.014330334
11745,0.032964323
11746,0.07374708
11747,0.10261554
11748,0.023260169
11749,0.051387567
11750,0.6016428
11751,0.064247146
11752,0.095093034
11753,0.0067108115
11754,0.04880064
11755,0.04009173
11756,0.054069106
11757,0.06110373
11758,0.015398315
11759,0.023014752
11760,0.29911587
11761,0.028305804
11762,0.05693633
11763,0.10485835
11764,0.02166195
11765,0.23478127
11766,0.04436167
11767,0.02534614
11768,0.03990549
11769,0.3719625
11770,0.024704177
11771,0.020237556
11772,0.004021601
11773,0.022871945
11774,0.015272648
11775,0.05662616
11776,0.008405776
11777,0.040589184
11778,0.13120382
11779,0.07057091
11780,0.0134713985
11781,0.014616309
11782,0.07806244
11783,0.13073067
11784,0.09032465
11785,0.08138305
11786,0.07309275
11787,0.02782852
11788,0.046816137
11789,0.23992217
11790,0.17137481
11791,0.116537094
11792,0.0059594656
11793,0.010468657
11794,0.039857708
11795,0.019553177
11796,0.013733212
11797,0.019657338
11798,0.013569359
11799,0.0058021448
11800,0.007323821
11801,0.014912909
11802,0.016692284
11803,0.007509941
11804,0.017678767
11805,0.055846613
11806,0.06211695
11807,0.12576468
11808,0.012107683
11809,0.14362027
11810,0.008493681
11811,0.17328258
11812,0.009913875
11813,0.01898518
11814,0.03261875
11815,0.014670695
11816,0.013223883
11817,0.020636793
11818,0.025596308
11819,0.00658197
11820,0.01396391
11821,0.031581525
11822,0.013981035
11823,0.004914509
11824,0.05455485
11825,0.02859748
11826,0.049691837
11827,0.013540078
11828,0.056420535
11829,0.014186762
11830,0.017245935
11831,0.00887107
11832,0.10038209
11833,0.027171738
11834,0.054240547
11835,0.009257527
11836,0.00038234607
11837,0.014694139
11838,0.031131893
11839,0.01007606
11840,0.015755048
11841,0.085621625
11842,0.01351691
11843,0.23977411
11844,0.053080495
11845,0.05592898
11846,0.07497165
11847,0.006278878
11848,0.062462
11849,0.02618065
11850,0.010494787
11851,0.0066857077
11852,0.07083333
11853,0.014673689
11854,0.08533667
11855,0.13147272
11856,0.015720593
11857,0.032503195
11858,0.027619898
11859,0.027383136
11860,0.011447679
11861,0.013000718
11862,0.013174943
11863,0.007638392
11864,0.029396115
11865,0.009519311
11866,0.017049465
11867,0.061504602
11868,0.031746887
11869,0.0014832275
11870,0.23904896
11871,0.026935099
11872,0.017621253
11873,0.034365557
11874,0.004128658
11875,0.0191112
11876,0.060883537
11877,0.020872928
11878,0.009851513
11879,0.026105348
11880,0.011023348
11881,0.0104917465
11882,0.030799277
11883,0.09186177
11884,0.2526198
11885,0.018531615
11886,0.07332792
11887,0.023570348
11888,0.03317587
11889,0.04359565
11890,0.03379531
11891,0.046443686
11892,0.051060196
11893,0.04618357
11894,0.03789509
11895,0.010939978
11896,0.088449806
11897,0.04592258
11898,0.039325155
11899,0.025669504
11900,0.027008701
11901,0.09526812
11902,0.062442396
11903,0.04317677
11904,0.15327081
11905,0.36795372
11906,0.053833243
11907,0.046939816
11908,0.36121014
11909,0.04027837
11910,0.28725347
11911,0.08528222
11912,0.25123546
11913,0.0575736
11914,0.0134508135
11915,0.04962822
11916,0.08690179
11917,0.05741831
11918,0.60227525
11919,0.25040734
11920,0.05136919
11921,0.24617831
11922,0.049345225
11923,0.019417198
11924,0.048055306
11925,0.03479737
11926,0.017364241
11927,0.0115595255
11928,0.022175811
11929,0.09040183
11930,0.10758877
11931,0.4975863
11932,0.48579302
11933,0.05917267
11934,0.04611646
11935,0.02369822
11936,0.24012835
11937,0.27155697
11938,0.006717668
11939,0.01970483
11940,0.050772887
11941,0.047977827
11942,0.059099466
11943,0.08625288
11944,0.43358546
11945,0.122215055
11946,0.28756678
11947,0.5177684
11948,0.12755796
11949,0.023161476
11950,0.5105358
11951,0.06855936
11952,0.42724994
11953,0.044729352
11954,0.05382731
11955,0.04551121
11956,0.032307703
11957,0.03750964
11958,0.10297189
11959,0.122775406
11960,0.029515352
11961,0.044749428
11962,0.39961597
11963,0.053611346
11964,0.0336251
11965,0.068549715
11966,0.07137698
11967,0.030480254
11968,0.04106859
11969,0.0041935313
11970,0.05685424
11971,0.09551115
11972,0.08203272
11973,0.1413359
11974,0.06561401
11975,0.2556699
11976,0.0539499
11977,0.046211194
11978,0.041214358
11979,0.026369182
11980,0.015835596
11981,0.47657424
11982,0.12999457
11983,0.068132676
11984,0.2971713
11985,0.44978732
11986,0.0037201776
11987,0.07834745
11988,0.038560323
11989,0.013210584
11990,0.020208195
11991,0.024672886
11992,0.01971076
11993,0.006520021
11994,0.05148001
11995,0.00954044
11996,0.009259857
11997,0.1107584
11998,0.08541991
11999,0.09082439
12000,0.14470403
12001,0.46740258
12002,0.018099932
12003,0.046367645
12004,0.050018866
12005,0.010202707
12006,0.010406332
12007,0.03080189
12008,0.0251935
12009,0.04032766
12010,0.27120498
12011,0.017030247
12012,0.043295167
12013,0.008803006
12014,0.066432215
12015,0.059302256
12016,0.111338004
12017,0.57262814
12018,0.003878494
12019,0.041714083
12020,0.056884173
12021,0.020626917
12022,0.02439898
12023,0.055810392
12024,0.066762745
12025,0.010156964
12026,0.027844679
12027,0.010971299
12028,0.12256159
12029,0.17565896
12030,0.10201687
12031,0.07294789
12032,0.08456026
12033,0.038550008
12034,0.040645413
12035,0.032321014
12036,0.044867408
12037,0.10088085
12038,0.06870611
12039,0.23599325
12040,0.017991219
12041,0.049964763
12042,0.03553686
12043,0.023594353
12044,0.025464958
12045,0.03820127
12046,0.023399912
12047,0.026795862
12048,0.08170921
12049,0.21261199
12050,0.26361915
12051,0.042389408
12052,0.043698985
12053,0.037249397
12054,0.10199202
12055,0.05954196
12056,0.012746369
12057,0.058336906
12058,0.016568094
12059,0.029517489
12060,0.17000292
12061,0.036690116
12062,0.030224783
12063,0.039250072
12064,0.071124226
12065,0.08561598
12066,0.24452671
12067,0.22838122
12068,0.25151348
12069,0.07410112
12070,0.05096401
12071,0.022759136
12072,0.05410014
12073,0.049546007
12074,0.10052082
12075,0.046952557
12076,0.5752799
12077,0.1255506
12078,0.020126572
12079,0.11741588
12080,0.06408005
12081,0.050487492
12082,0.019811274
12083,0.013675992
12084,0.07714763
12085,0.0111450385
12086,0.02784536
12087,0.02501319
12088,0.10167098
12089,0.050017472
12090,0.08430136
12091,0.068552695
12092,0.12842675
12093,0.2500676
12094,0.37731552
12095,0.08392661
12096,0.027662907
12097,0.08587512
12098,0.019492498
12099,0.04355414
12100,0.025880752
12101,0.011043726
12102,0.071546644
12103,0.057994675
12104,0.13708055
12105,0.06414868
12106,0.101396546
12107,0.03968013
12108,0.06520509
12109,0.035723116
12110,0.14920573
12111,0.012011664
12112,0.032313343
12113,0.060697798
12114,0.04133996
12115,0.013879706
12116,0.013143266
12117,0.028908286
12118,0.0484364
12119,0.072933525
12120,0.087829076
12121,0.15569226
12122,0.12227399
12123,0.23921333
12124,0.240784
12125,0.14924473
12126,0.015847962
12127,0.10883324
12128,0.014790559
12129,0.060801145
12130,0.041162588
12131,0.09689834
12132,0.032160915
12133,0.021593133
12134,0.05915727
12135,0.041315097
12136,0.012106635
12137,0.055489667
12138,0.0825639
12139,0.038686987
12140,0.06493309
12141,0.06967175
12142,0.018261138
12143,0.043445516
12144,0.07977754
12145,0.07480706
12146,0.18333408
12147,0.3345094
12148,0.12417934
12149,0.1311086
12150,0.07157309
12151,0.09769276
12152,0.08033234
12153,0.09415931
12154,0.056772877
12155,0.020088483
12156,0.36419508
12157,0.07567061
12158,0.08934691
12159,0.056156173
12160,0.08829002
12161,0.020604791
12162,0.02728785
12163,0.024728136
12164,0.04927561
12165,0.306682
12166,0.06725272
12167,0.050318956
12168,0.12750438
12169,0.57699126
12170,0.10843625
12171,0.019203765
12172,0.23951277
12173,0.069460765
12174,0.19331697
12175,0.2674432
12176,0.07485222
12177,0.01711492
12178,0.053678975
12179,0.09875534
12180,0.15936513
12181,0.04446132
12182,0.16302729
12183,0.09701987
12184,0.069878004
12185,0.017700186
12186,0.019762252
12187,0.024165161
12188,0.06468425
12189,0.0812846
12190,0.019206112
12191,0.14667976
12192,0.16572452
12193,0.14266607
12194,0.094450645
12195,0.04457276
12196,0.122249536
12197,0.1883808
12198,0.24791683
12199,0.060806718
12200,0.053156674
12201,0.024672179
12202,0.0667481
12203,0.49496627
12204,0.03662458
12205,0.053939424
12206,0.37426907
12207,0.25129294
12208,0.014227139
12209,0.049844757
12210,0.074234016
12211,0.25851586
12212,0.25420034
12213,0.10406892
12214,0.111313365
12215,0.25184718
12216,0.2480059
12217,0.15155208
12218,0.1855427
12219,0.3855446
12220,0.089536496
12221,0.05026657
12222,0.09532478
12223,0.050601054
12224,0.26559666
12225,0.8790556
12226,0.0033477247
12227,0.04873501
12228,0.41091886
12229,0.01879656
12230,0.04965947
12231,0.25555936
12232,0.016305063
12233,0.06269919
12234,0.08501645
12235,0.023744335
12236,0.062742956
12237,0.007855139
12238,0.49762908
12239,0.07011967
12240,0.09486215
12241,0.267782
12242,0.16201952
12243,0.2553863
12244,0.3822768
12245,0.27906978
12246,0.031085325
12247,0.25123048
12248,0.103702605
12249,0.25307897
12250,0.83933073
12251,0.41284725
12252,0.28717792
12253,0.025016535
12254,0.21029365
12255,0.03187389
12256,0.023011401
12257,0.009961301
12258,0.0684646
12259,0.0074109496
12260,0.015384758
12261,0.034551814
12262,0.07985996
12263,0.12799497
12264,0.12081347
12265,0.13616768
12266,0.09645934
12267,0.25237066
12268,0.2283731
12269,0.028557241
12270,0.102975614
12271,0.18959711
12272,0.06539821
12273,0.97768956
12274,0.93841296
12275,0.4327122
12276,0.023820754
12277,0.01658634
12278,0.053446524
12279,0.4591407
12280,0.08124836
12281,0.063798614
12282,0.008721892
12283,0.07046334
12284,0.081066094
12285,0.06756625
12286,0.016854849
12287,0.41025206
12288,0.023210576
12289,0.042798184
12290,0.13249001
12291,0.12101209
12292,0.06908562
12293,0.052589722
12294,0.24288455
12295,0.22825104
12296,0.02935119
12297,0.22440012
12298,0.09576596
12299,0.1008462
12300,1.0044591
12301,0.86659724
12302,0.5570866
12303,0.061120715
12304,0.025460914
12305,0.007576517
12306,0.41453904
12307,0.09455492
12308,0.36827892
12309,0.04425292
12310,0.06842246
12311,0.024556918
12312,0.07670372
12313,0.13398735
12314,0.17906809
12315,0.11569843
12316,0.4834101
12317,0.4294379
12318,0.25477186
12319,0.27163526
12320,0.10858853
12321,0.08087063
12322,0.12735665
12323,0.05419957
12324,0.039797947
12325,0.023517294
12326,0.12000966
12327,0.14585583
12328,0.08570918
12329,0.109803066
12330,0.02789281
12331,0.89647204
12332,0.94823164
12333,0.95715547
12334,0.11133696
12335,0.05218983
12336,0.36708742
12337,0.0149222
12338,0.30614692
12339,0.027471768
12340,0.008126786
12341,0.02192945
12342,0.057211645
12343,0.13036329
12344,0.05970553
12345,0.4389028
12346,0.7367721
12347,0.0965146
12348,0.142265
12349,0.11809041
12350,0.17153656
12351,0.07555398
12352,0.3733853
12353,0.11437463
12354,0.032796662
12355,0.092172004
12356,0.09933128
12357,0.10009602
12358,0.058360208
12359,0.01989617
12360,0.40553486
12361,0.3065415
12362,0.25649354
12363,0.078964755
12364,0.108512685
12365,0.07272349
12366,0.27654064
12367,0.029560179
12368,0.041247003
12369,0.06054903
12370,0.02353951
12371,0.055192374
12372,0.056112092
12373,0.40410155
12374,0.6584031
12375,0.41747966
12376,0.2864229
12377,0.13482383
12378,0.25473326
12379,0.2424673
12380,0.47635072
12381,0.07707688
12382,0.032107566
12383,0.036271676
12384,0.03445087
12385,0.15364327
12386,0.17795502
12387,0.23848027
12388,0.3199684
12389,0.2735193
12390,0.26612097
12391,0.87586117
12392,0.22024384
12393,0.020526867
12394,0.23991929
12395,0.23419869
12396,0.062254228
12397,0.18764746
12398,0.084480315
12399,0.048428226
12400,0.04915475
12401,0.054982923
12402,0.25660437
12403,0.4147978
12404,0.27386546
12405,0.55298126
12406,0.296372
12407,0.18395661
12408,0.158788
12409,0.36409613
12410,0.011706061
12411,0.17890412
12412,0.07859847
12413,0.051112294
12414,0.4501639
12415,0.26380157
12416,0.064218745
12417,0.5223443
12418,0.3838552
12419,0.083955534
12420,0.1160925
12421,0.08267103
12422,0.051033683
12423,0.009617765
12424,0.017736671
12425,0.033670355
12426,0.07438901
12427,0.11748144
12428,0.11192015
12429,0.15315944
12430,0.4171444
12431,0.80040985
12432,0.4374781
12433,0.40467158
12434,0.6217813
12435,0.11002647
12436,0.06515743
12437,0.08342039
12438,0.14365955
12439,0.18593653
12440,0.07239413
12441,0.026526103
12442,0.06906771
12443,0.15190303
12444,0.004263806
12445,0.048443906
12446,0.11415318
12447,0.022481354
12448,0.041573003
12449,0.021684624
12450,0.023304593
12451,0.0063730143
12452,0.014932363
12453,0.037051518
12454,0.09260608
12455,0.07674868
12456,0.09587867
12457,0.2470762
12458,0.27910262
12459,0.37273777
12460,0.6466018
12461,0.61052966
12462,0.42273718
12463,0.12102881
12464,0.043255765
12465,0.021282626
12466,0.054701373
12467,0.109046124
12468,0.016188582
12469,0.03277282
12470,0.6905753
12471,0.052674793
12472,0.06379115
12473,0.046428725
12474,0.09009001
12475,0.045589138
12476,0.05533811
12477,0.016938653
12478,0.041004494
12479,0.016257674
12480,0.016302653
12481,0.040144417
12482,0.10503865
12483,0.13930134
12484,0.5346945
12485,0.40229258
12486,0.17927724
12487,0.9594888
12488,0.40938073
12489,0.42737734
12490,0.11992848
12491,0.005946637
12492,0.040986933
12493,0.032520015
12494,0.03773185
12495,0.059958983
12496,0.05933808
12497,0.033388555
12498,0.065809265
12499,0.43856728
12500,0.21911256
12501,0.37810007
12502,0.028533373
12503,0.08812943
12504,0.12471699
12505,0.13796684
12506,0.16438423
12507,0.05045987
12508,0.0392248
12509,0.008108802
12510,0.05640326
12511,0.18003237
12512,0.7211393
12513,0.18737586
12514,0.42191067
12515,0.44646665
12516,0.39632428
12517,0.24689737
12518,0.07053433
12519,0.03105767
12520,0.02311443
12521,0.011540823
12522,0.058189068
12523,0.027705604
12524,0.13622494
12525,0.1199503
12526,0.09264191
12527,0.39002404
12528,0.03205722
12529,0.06721969
12530,0.369852
12531,0.045835417
12532,0.014627867
12533,0.0113788815
12534,0.012398356
12535,0.13520657
12536,0.16804205
12537,0.045995243
12538,0.27991834
12539,0.26223686
12540,0.08309489
12541,0.08744825
12542,0.033329323
12543,0.104727216
12544,0.08713871
12545,0.043485664
12546,0.13626535
12547,0.113313876
12548,0.044155173
12549,0.03385349
12550,0.0069292085
12551,0.24165116
12552,0.014844617
12553,0.0952107
12554,0.039797284
12555,0.04496223
12556,0.14749156
12557,0.04150401
12558,0.07047765
12559,0.011608223
12560,0.059183724
12561,0.24417835
12562,0.4160161
12563,0.44165224
12564,0.057025176
12565,0.020455556
12566,0.022340681
12567,0.04356905
12568,0.07432952
12569,0.1230061
12570,0.02955379
12571,0.01580811
12572,0.031073412
12573,0.02181877
12574,0.012621132
12575,0.08842021
12576,0.12065894
12577,0.41365305
12578,0.019414138
12579,0.019816274
12580,0.06762054
12581,0.08385711
12582,0.09490896
12583,0.39937785
12584,0.064870395
12585,0.013550033
12586,0.113835365
12587,0.0386152
12588,0.015030854
12589,0.082005054
12590,0.13257624
12591,0.051165305
12592,0.013002658
12593,0.01055994
12594,0.016391262
12595,0.009125829
12596,0.1888297
12597,0.014749616
12598,0.032921653
12599,0.15520611
12600,0.079442166
12601,0.053398177
12602,0.022566045
12603,0.034707047
12604,0.0758031
12605,0.3585925
12606,0.033169027
12607,0.0024027135
12608,0.0145048145
12609,0.031004485
12610,0.042218484
12611,0.06392358
12612,0.16862537
12613,0.07177616
12614,0.26176596
12615,0.10842015
12616,0.028685186
12617,0.015421801
12618,0.047512922
12619,0.05090081
12620,0.029035637
12621,0.2638558
12622,0.017143285
12623,0.12809123
12624,0.020871107
12625,0.123853065
12626,0.059487477
12627,0.012582085
12628,0.013033288
12629,0.38292912
12630,0.56576437
12631,0.12791818
12632,0.059108097
12633,0.081333436
12634,0.054824583
12635,0.030853238
12636,0.23129603
12637,0.08447578
12638,0.08371413
12639,0.85024554
12640,0.018375525
12641,0.0840148
12642,0.015580542
12643,0.09003288
12644,0.09485117
12645,0.018089438
12646,0.15549976
12647,0.42604318
12648,0.071020074
12649,0.14523673
12650,0.026759412
12651,0.02822197
12652,0.011355126
12653,0.025717374
12654,0.109516114
12655,0.036678214
12656,0.006192486
12657,0.028123798
12658,0.00448255
12659,0.06663811
12660,0.04436352
12661,0.020436026
12662,0.05623694
12663,0.017981678
12664,0.106725365
12665,0.043303605
12666,0.012296296
12667,0.036704395
12668,0.06769016
12669,0.107822716
12670,0.02469473
12671,0.060001213
12672,0.5923026
12673,0.07186222
12674,0.095395
12675,0.05194711
12676,0.038268954
12677,0.053765558
12678,0.06693632
12679,0.015576714
12680,0.019794699
12681,0.30109698
12682,0.027268019
12683,0.0039115306
12684,0.0049679065
12685,0.015261553
12686,0.057704467
12687,0.11271322
12688,0.011569783
12689,0.11611373
12690,0.043671798
12691,0.024300324
12692,0.045710154
12693,0.37802526
12694,0.0345808
12695,0.021363458
12696,0.019975204
12697,0.053613584
12698,0.039501965
12699,0.12784001
12700,0.07246019
12701,0.013588741
12702,0.016476601
12703,0.016084464
12704,0.06560395
12705,0.23133476
12706,0.091219455
12707,0.07674607
12708,0.073111795
12709,0.028072085
12710,0.04489004
12711,0.016668862
12712,0.24337913
12713,0.260719
12714,0.11069091
12715,0.0050177025
12716,0.010982773
12717,0.012241176
12718,0.04351094
12719,0.014417718
12720,0.011386556
12721,0.02021013
12722,0.012148935
12723,0.021398649
12724,0.009245787
12725,0.017661368
12726,0.013931626
12727,0.009226806
12728,0.022651197
12729,0.06071434
12730,0.061286047
12731,0.13781336
12732,0.003598937
12733,0.014028226
12734,0.008384818
12735,0.13488573
12736,0.15692616
12737,0.009272684
12738,0.018400861
12739,0.010125584
12740,0.02688708
12741,0.013187366
12742,0.011654828
12743,0.023736777
12744,0.022728669
12745,0.006562404
12746,0.014685922
12747,0.032806747
12748,0.0013372906
12749,0.008510545
12750,0.0067193303
12751,0.05668743
12752,0.02567879
12753,0.047285937
12754,0.055508763
12755,0.0132783055
12756,0.015501945
12757,0.010367346
12758,0.10422288
12759,0.031066233
12760,0.052815594
12761,0.009141114
12762,0.0024243188
12763,0.011073617
12764,0.027309405
12765,0.014295477
12766,0.013784451
12767,0.0831654
12768,0.011852076
12769,0.012958577
12770,0.15762478
12771,0.050757382
12772,0.05592898
12773,0.07938041
12774,0.07911174
12775,0.025836708
12776,0.012484868
12777,0.0049846782
12778,0.08109818
12779,0.014580733
12780,0.08444403
12781,0.007731231
12782,0.11915886
12783,0.018875876
12784,0.026173495
12785,0.02477863
12786,0.030760568
12787,0.028906649
12788,0.027586877
12789,0.012123552
12790,0.012926732
12791,0.029425658
12792,0.010406045
12793,0.027088083
12794,0.06301728
12795,0.029845167
12796,0.15052605
12797,0.018244699
12798,0.026516775
12799,0.004846105
12800,0.012798517
12801,0.021103736
12802,0.057444006
12803,0.020306502
12804,0.014160552
12805,0.02649659
12806,0.013783886
12807,0.034146324
12808,0.009548733
12809,0.03254445
12810,0.085356735
12811,0.14788465
12812,0.020392999
12813,0.07621719
12814,0.033496752
12815,0.04244576
12816,0.03364477
12817,0.05768178
12818,0.03484626
12819,0.03564286
12820,0.03728099
12821,0.03716955
12822,0.01781468
12823,0.09635339
12824,0.07808586
12825,0.035309408
12826,0.08017942
12827,0.040466238
12828,0.026478155
12829,0.057100184
12830,0.3708477
12831,0.39209476
12832,0.062432438
12833,0.013464399
12834,0.26232502
12835,0.04384665
12836,0.37227353
12837,0.10630579
12838,0.14005542
12839,0.083017714
12840,0.0636651
12841,0.1145601
12842,0.048831563
12843,0.5848502
12844,0.14387295
12845,0.05375485
12846,0.24315545
12847,0.047832824
12848,0.02784702
12849,0.044318262
12850,0.032697767
12851,0.017976793
12852,0.015526407
12853,0.038329817
12854,0.097862385
12855,0.11738475
12856,0.46560186
12857,0.4722112
12858,0.060406286
12859,0.02408649
12860,0.22876143
12861,0.14063813
12862,0.017790483
12863,0.060110755
12864,0.05025565
12865,0.050531898
12866,0.09808021
12867,0.43524367
12868,0.09535681
12869,0.28648698
12870,0.505559
12871,0.12378146
12872,0.46332544
12873,0.019066608
12874,0.06466202
12875,0.287097
12876,0.042873934
12877,0.049270276
12878,0.038795065
12879,0.029016033
12880,0.03588904
12881,0.09839595
12882,0.12411927
12883,0.074190505
12884,0.038346402
12885,0.034114357
12886,0.039904006
12887,0.30081818
12888,0.0527675
12889,0.031990528
12890,0.063271396
12891,0.06684357
12892,0.07155553
12893,0.053786688
12894,0.06550893
12895,0.09117317
12896,0.037573684
12897,0.08328882
12898,0.15862677
12899,0.07769547
12900,0.19788465
12901,0.0475199
12902,0.040624835
12903,0.02532733
12904,0.015025652
12905,0.015258121
12906,0.46127424
12907,0.15115987
12908,0.05818342
12909,0.44803706
12910,0.43954632
12911,0.08123897
12912,0.04350453
12913,0.017927498
12914,0.025112972
12915,0.01664101
12916,0.0050213737
12917,0.03883921
12918,0.07386914
12919,0.010795173
12920,0.09210395
12921,0.09205168
12922,0.09757951
12923,0.2506666
12924,0.43895838
12925,0.058794364
12926,0.054201983
12927,0.009857133
12928,0.011751276
12929,0.026317656
12930,0.041297667
12931,0.28605348
12932,0.018231325
12933,0.047946528
12934,0.0124582825
12935,0.012899568
12936,0.04587522
12937,0.13434629
12938,0.5203765
12939,0.04475672
12940,0.05100505
12941,0.017448753
12942,0.022466043
12943,0.055286776
12944,0.06782236
12945,0.011586724
12946,0.030041339
12947,0.012697553
12948,0.11684991
12949,0.166334
12950,0.09547445
12951,0.08257184
12952,0.062379967
12953,0.0373395
12954,0.040905446
12955,0.037056495
12956,0.045270067
12957,0.09489387
12958,0.07079113
12959,0.2497228
12960,0.019391514
12961,0.050928034
12962,0.03695964
12963,0.02535366
12964,0.015525057
12965,0.02744833
12966,0.039909173
12967,0.026784869
12968,0.08262829
12969,0.21750681
12970,0.27109516
12971,0.044400554
12972,0.04248908
12973,0.035048883
12974,0.105166115
12975,0.063552454
12976,0.01618958
12977,0.06440336
12978,0.030269485
12979,0.16040075
12980,0.03235111
12981,0.02975294
12982,0.039899603
12983,0.010725097
12984,0.07499408
12985,0.08310868
12986,0.2496668
12987,0.23252788
12988,0.25117278
12989,0.073820755
12990,0.05576021
12991,0.019146537
12992,0.058550294
12993,0.05023278
12994,0.01213366
12995,0.1025902
12996,0.05282209
12997,0.5633754
12998,0.12794754
12999,0.115256295
13000,0.059237782
13001,0.05088404
13002,0.021073485
13003,0.018714737
13004,0.07596029
13005,0.02764358
13006,0.022268722
13007,0.026600443
13008,0.101726584
13009,0.046892118
13010,0.0909644
13011,0.07557405
13012,0.123599954
13013,0.24062864
13014,0.39819404
13015,0.07876281
13016,0.031205779
13017,0.075691506
13018,0.015234944
13019,0.046444822
13020,0.02613506
13021,0.0074167983
13022,0.08127597
13023,0.05207862
13024,0.13482189
13025,0.057557534
13026,0.13042
13027,0.039955005
13028,0.061811663
13029,0.03719925
13030,0.018596128
13031,0.020869043
13032,0.1570687
13033,0.00993289
13034,0.03613044
13035,0.05949604
13036,0.037677523
13037,0.010957174
13038,0.01131993
13039,0.02593848
13040,0.04460374
13041,0.0693068
13042,0.0883184
13043,0.15841131
13044,0.12342311
13045,0.23374473
13046,0.258059
13047,0.15103462
13048,0.014101421
13049,0.10303237
13050,0.059741843
13051,0.010217621
13052,0.04350816
13053,0.09101618
13054,0.032455288
13055,0.02424051
13056,0.052193385
13057,0.044186246
13058,0.012091809
13059,0.058217462
13060,0.07817944
13061,0.036331497
13062,0.022012124
13063,0.03370257
13064,0.075853944
13065,0.019588603
13066,0.042267457
13067,0.08016511
13068,0.08066625
13069,0.26341194
13070,0.32798722
13071,0.12534824
13072,0.12792523
13073,0.073290534
13074,0.10351495
13075,0.08600094
13076,0.094030686
13077,0.058078036
13078,0.0124608725
13079,0.01780214
13080,0.39479378
13081,0.08466257
13082,0.080685064
13083,0.056156173
13084,0.098948404
13085,0.01780429
13086,0.027662596
13087,0.020162096
13088,0.022410661
13089,0.04874103
13090,0.20054367
13091,0.06944639
13092,0.054351896
13093,0.13191183
13094,0.5399732
13095,0.11509971
13096,0.016380543
13097,0.24034387
13098,0.07197744
13099,0.2464965
13100,0.19330616
13101,0.07364574
13102,0.019290617
13103,0.054326333
13104,0.09450804
13105,0.15580365
13106,0.046792716
13107,0.16599785
13108,0.096062444
13109,0.07119252
13110,0.020267654
13111,0.024000522
13112,0.06439244
13113,0.08467315
13114,0.017605264
13115,0.14402385
13116,0.18084678
13117,0.16019624
13118,0.11212057
13119,0.04167489
13120,0.11537225
13121,0.17407648
13122,0.25347388
13123,0.06386268
13124,0.008411731
13125,0.0652446
13126,0.022813985
13127,0.06685296
13128,0.51383305
13129,0.048238426
13130,0.053422622
13131,0.34297654
13132,0.16369557
13133,0.012295704
13134,0.049475737
13135,0.07530908
13136,0.25199834
13137,0.24800643
13138,0.11286076
13139,0.11328795
13140,0.1398141
13141,0.16441464
13142,0.17335172
13143,0.18403897
13144,0.38345253
13145,0.090315975
13146,0.020197347
13147,0.047962528
13148,0.09905863
13149,0.059317403
13150,0.2712176
13151,0.8286871
13152,0.006312724
13153,0.049435332
13154,0.38066515
13155,0.019098308
13156,0.052969947
13157,0.25602165
13158,0.018226251
13159,0.06915673
13160,0.095090516
13161,0.022863617
13162,0.06271905
13163,0.007815835
13164,0.49995098
13165,0.06851443
13166,0.112718806
13167,0.282678
13168,0.16579697
13169,0.25350064
13170,0.37465346
13171,0.4038404
13172,0.24805957
13173,0.10681951
13174,0.14023502
13175,0.8133422
13176,0.43172827
13177,0.42642656
13178,0.024180785
13179,0.21205354
13180,0.06382647
13181,0.019007467
13182,0.072380096
13183,0.011421859
13184,0.014133661
13185,0.035238843
13186,0.07666419
13187,0.12831466
13188,0.11666716
13189,0.1303524
13190,0.09337841
13191,0.25972918
13192,0.11690637
13193,0.031684235
13194,0.11441027
13195,0.26043606
13196,0.061881483
13197,0.95641166
13198,0.8438613
13199,0.5083138
13200,0.0045926264
13201,0.025130423
13202,0.016992392
13203,0.042767454
13204,0.41890347
13205,0.07427186
13206,0.055254705
13207,0.010134271
13208,0.072346635
13209,0.08451082
13210,0.07374519
13211,0.01696816
13212,0.40592298
13213,0.027493834
13214,0.040289585
13215,0.13874091
13216,0.11744958
13217,0.06807315
13218,0.056356754
13219,0.2333986
13220,0.37742278
13221,0.028916825
13222,0.22003213
13223,0.10578061
13224,0.10066359
13225,0.9542928
13226,0.98685706
13227,0.5363796
13228,0.016994186
13229,0.06001057
13230,0.024267757
13231,0.008985974
13232,0.41527253
13233,0.10029412
13234,0.25010794
13235,0.044643357
13236,0.07425627
13237,0.027210547
13238,0.08334037
13239,0.13535829
13240,0.17431685
13241,0.11491742
13242,0.5249542
13243,0.28912595
13244,0.26290023
13245,0.16505986
13246,0.11400475
13247,0.07244068
13248,0.117875054
13249,0.047441598
13250,0.037864592
13251,0.021856286
13252,0.12055164
13253,0.1432312
13254,0.070893764
13255,0.11130499
13256,0.02517317
13257,0.88051444
13258,1.0003569
13259,0.91269195
13260,0.10363856
13261,0.05123886
13262,0.23981957
13263,0.29503882
13264,0.025327055
13265,0.024679422
13266,0.020369546
13267,0.06524873
13268,0.12531336
13269,0.063757755
13270,0.4150129
13271,0.72204036
13272,0.09083671
13273,0.1151965
13274,0.11455894
13275,0.17224693
13276,0.07704934
13277,0.35654935
13278,0.11591351
13279,0.030114638
13280,0.096740365
13281,0.09138392
13282,0.106603734
13283,0.05493007
13284,0.022466244
13285,0.41730684
13286,0.39402977
13287,0.19213101
13288,0.06774995
13289,0.1076761
13290,0.081370726
13291,0.2716297
13292,0.03058131
13293,0.04260278
13294,0.058697183
13295,0.021707837
13296,0.022859525
13297,0.06138844
13298,0.054764148
13299,0.25851494
13300,0.5717882
13301,0.26863152
13302,0.2898353
13303,0.13137111
13304,0.18577607
13305,0.16027458
13306,0.55666083
13307,0.070102446
13308,0.030558078
13309,0.042950876
13310,0.03296423
13311,0.1582573
13312,0.173959
13313,0.23909636
13314,0.3012505
13315,0.28141063
13316,0.2727504
13317,0.9122377
13318,0.2174485
13319,0.01745808
13320,0.252717
13321,0.2419313
13322,0.01754555
13323,0.058649156
13324,0.19098705
13325,0.08883857
13326,0.047978245
13327,0.04782523
13328,0.057918224
13329,0.2545944
13330,0.4171481
13331,0.29817423
13332,0.55075693
13333,0.30139014
13334,0.171973
13335,0.23858602
13336,0.23375903
13337,0.013485071
13338,0.025220448
13339,0.15651222
13340,0.22338796
13341,0.05468584
13342,0.43246314
13343,0.25478885
13344,0.055459347
13345,0.5276519
13346,0.3796551
13347,0.08299702
13348,0.11569505
13349,0.07927995
13350,0.05327658
13351,0.012137933
13352,0.00991132
13353,0.01859786
13354,0.036952674
13355,0.0758049
13356,0.11996587
13357,0.11384806
13358,0.15850472
13359,0.42294732
13360,0.8149024
13361,0.43904683
13362,0.4055801
13363,0.57099646
13364,0.09373765
13365,0.06650365
13366,0.082654774
13367,0.13656257
13368,0.17637393
13369,0.071648456
13370,0.026486715
13371,0.07173102
13372,0.14577547
13373,0.002140063
13374,0.047338925
13375,0.108945765
13376,0.020608608
13377,0.03750989
13378,0.019006275
13379,0.023009565
13380,0.0050596762
13381,0.014281193
13382,0.033549193
13383,0.08901402
13384,0.07362171
13385,0.09575279
13386,0.237672
13387,0.2884595
13388,0.36641136
13389,0.7403331
13390,0.65961695
13391,0.40552387
13392,0.10959014
13393,0.048683185
13394,0.020186018
13395,0.056388833
13396,0.10690496
13397,0.01493541
13398,0.0318143
13399,0.718031
13400,0.052312624
13401,0.02133107
13402,0.066586696
13403,0.04551592
13404,0.2196977
13405,0.042709675
13406,0.056845415
13407,0.044684276
13408,0.01673235
13409,0.018103726
13410,0.03734241
13411,0.10813452
13412,0.13541557
13413,0.5671447
13414,0.38769636
13415,0.17819054
13416,0.76725405
13417,0.40778828
13418,0.40882254
13419,0.24029505
13420,0.040301364
13421,0.036107805
13422,0.03962144
13423,0.056717172
13424,0.052825756
13425,0.03854617
13426,0.06614379
13427,0.41788796
13428,0.21621576
13429,0.39534578
13430,0.023473294
13431,0.08831491
13432,0.12928224
13433,0.14837703
13434,0.17452036
13435,0.04419635
13436,0.03313051
13437,0.013634539
13438,0.051233426
13439,0.1702543
13440,0.703511
13441,0.42280105
13442,0.45750865
13443,0.3626577
13444,0.2806605
13445,0.2580661
13446,0.07763357
13447,0.028318882
13448,0.010728439
13449,0.06070204
13450,0.028582843
13451,0.11896539
13452,0.120014325
13453,0.10254649
13454,0.2717824
13455,0.032534245
13456,0.07560323
13457,0.010409623
13458,0.25799757
13459,0.052591983
13460,0.011243656
13461,0.12532218
13462,0.24981283
13463,0.038436644
13464,0.0040694783
13465,0.12851086
13466,0.18563463
13467,0.0850393
13468,0.087525815
13469,0.029189942
13470,0.09821119
13471,0.076259896
13472,0.040191032
13473,0.13451976
13474,0.116542965
13475,0.04407954
13476,0.009373774
13477,0.38772997
13478,0.011035752
13479,0.01452117
13480,0.087200984
13481,0.040049747
13482,0.043919317
13483,0.14843522
13484,0.041742414
13485,0.069384
13486,0.011701731
13487,0.06228893
13488,0.17421749
13489,0.41953495
13490,0.44165224
13491,0.0612051
13492,0.011292046
13493,0.018611869
13494,0.026008714
13495,0.0619639
13496,0.06666981
13497,0.12815733
13498,0.012935739
13499,0.029321272
13500,0.016474808
13501,0.029370349
13502,0.020087153
13503,0.0116319535
13504,0.09040277
13505,0.118505694
13506,0.41261593
13507,0.017173404
13508,0.020246446
13509,0.06309342
13510,0.0873618
13511,0.099764146
13512,0.43242273
13513,0.07145089
13514,0.011632784
13515,0.13544834
13516,0.037822697
13517,0.0785773
13518,0.13547508
13519,0.05432252
13520,0.00949556
13521,0.01692856
13522,0.009978874
13523,0.19060135
13524,0.02961399
13525,0.014218004
13526,0.033136144
13527,0.16034253
13528,0.07297479
13529,0.05258679
13530,0.021538027
13531,0.03658157
13532,0.07630525
13533,0.3995467
13534,0.031781122
13535,0.015981918
13536,0.030049723
13537,0.045231625
13538,0.0680435
13539,0.15739332
13540,0.063949846
13541,0.16819623
13542,0.11142193
13543,0.03193681
13544,0.016688399
13545,0.045741636
13546,0.055985667
13547,0.029287228
13548,0.27093223
13549,0.12298226
13550,0.022426601
13551,0.12016122
13552,0.060096227
13553,0.008847521
13554,0.0130468
13555,0.39948785
13556,0.56367326
13557,0.11803757
13558,0.047709808
13559,0.011523951
13560,0.09784737
13561,0.045769297
13562,0.038239077
13563,0.21522275
13564,0.07024884
13565,0.09754517
13566,0.90129364
13567,0.019110123
13568,0.0742984
13569,0.015274295
13570,0.07913332
13571,0.08952376
13572,0.018332127
13573,0.037878763
13574,0.15936919
13575,0.44220823
13576,0.06781397
13577,0.23703757
13578,0.02732417
13579,0.019384671
13580,0.030757925
13581,0.026158188
13582,0.106957845
13583,0.035920132
13584,0.028377444
13585,0.0686245
13586,0.04380235
13587,0.02654123
13588,0.020735677
13589,0.06903966
13590,0.01961964
13591,0.116957806
13592,0.044321276
13593,0.012648178
13594,0.03223416
13595,0.07402897
13596,0.095604256
13597,0.024335904
13598,0.0567496
13599,0.62291986
13600,0.0843748
13601,0.23458692
13602,0.037428997
13603,0.052475426
13604,0.06537737
13605,0.44685647
13606,0.026842505
13607,0.008608892
13608,0.0052436013
13609,0.01688268
13610,0.059346177
13611,0.09354812
13612,0.020519743
13613,0.115337305
13614,0.045194834
13615,0.02685946
13616,0.04289045
13617,0.35520402
13618,0.02927927
13619,0.021947175
13620,0.0064100916
13621,0.019517688
13622,0.05254243
13623,0.040982384
13624,0.1229324
13625,0.07600682
13626,0.015023609
13627,0.015304741
13628,0.014543481
13629,0.06088097
13630,0.13968758
13631,0.09164629
13632,0.08999709
13633,0.058598466
13634,0.026445113
13635,0.04865952
13636,0.015550441
13637,0.23271441
13638,0.2493236
13639,0.11710971
13640,0.04011974
13641,0.016009696
13642,0.01583697
13643,0.02326649
13644,0.011699497
13645,0.018053737
13646,0.006106641
13647,0.015470832
13648,0.016553441
13649,0.02163266
13650,0.05504445
13651,0.062369205
13652,0.12288296
13653,0.014051495
13654,0.24474964
13655,0.008679457
13656,0.267129
13657,0.011677721
13658,0.019111361
13659,0.029607473
13660,0.01578382
13661,0.011855543
13662,0.024024282
13663,0.025513154
13664,0.015428241
13665,0.0303033
13666,0.014513139
13667,0.010446957
13668,0.053946916
13669,0.024859564
13670,0.04287228
13671,0.058514416
13672,0.016631866
13673,0.018089741
13674,0.00636309
13675,0.098936014
13676,0.028763577
13677,0.054755572
13678,0.007055008
13679,0.005051249
13680,0.013011263
13681,0.0028745972
13682,0.028730828
13683,0.01665752
13684,0.071123146
13685,0.011845598
13686,0.16476756
13687,0.052545898
13688,0.07423068
13689,0.06620953
13690,0.014121654
13691,0.07820894
13692,0.025519904
13693,0.0116502475
13694,0.069777824
13695,0.015238085
13696,0.09280074
13697,0.12525682
13698,0.015773144
13699,0.032205846
13700,0.030578988
13701,0.027378278
13702,0.013208049
13703,0.014386162
13704,0.0068142912
13705,0.009863227
13706,0.03136526
13707,0.011119658
13708,0.02834916
13709,0.05098554
13710,0.031430934
13711,0.15128706
13712,0.012635887
13713,0.018459512
13714,0.02462473
13715,0.033444878
13716,0.0040037977
13717,0.019206692
13718,0.05515879
13719,0.018600274
13720,0.0131193185
13721,0.025877181
13722,0.01583766
13723,0.027626466
13724,0.009534757
13725,0.019171512
13726,0.0316417
13727,0.08577594
13728,0.13899218
13729,0.01872335
13730,0.07435191
13731,0.020105848
13732,0.036021985
13733,0.035832487
13734,0.026729213
13735,0.05331057
13736,0.027092874
13737,0.054008953
13738,0.054980885
13739,0.039716717
13740,0.019182429
13741,0.068729945
13742,0.03878977
13743,0.03187667
13744,0.029504266
13745,0.02998369
13746,0.093027234
13747,0.045231692
13748,0.045721088
13749,0.051046077
13750,0.15533924
13751,0.38590395
13752,0.018354153
13753,0.009600585
13754,0.27177867
13755,0.061064187
13756,0.20324259
13757,0.09584139
13758,0.14320025
13759,0.015680514
13760,0.011903959
13761,0.10654206
13762,0.053884197
13763,0.69389886
13764,0.107359886
13765,0.057640392
13766,0.2745026
13767,0.046189703
13768,0.03465161
13769,0.021464607
13770,0.054973654
13771,0.037619054
13772,0.014352762
13773,0.014424446
13774,0.045120947
13775,0.086877204
13776,0.11179902
13777,0.5151667
13778,0.43625176
13779,0.049378324
13780,0.12267086
13781,0.2595585
13782,0.018808484
13783,0.049488004
13784,0.046668064
13785,0.05905542
13786,0.08035413
13787,0.39764372
13788,0.13846083
13789,0.4082551
13790,0.50746894
13791,0.021209875
13792,0.470156
13793,0.054131057
13794,0.29870328
13795,0.04143125
13796,0.05458867
13797,0.040447533
13798,0.05962363
13799,0.033271044
13800,0.114720084
13801,0.1290462
13802,0.102710195
13803,0.02463941
13804,0.056318425
13805,0.31102493
13806,0.04933662
13807,0.038395118
13808,0.061401334
13809,0.06896284
13810,0.09044142
13811,0.034294378
13812,0.03922872
13813,0.04015381
13814,0.11182781
13815,0.038071137
13816,0.07723608
13817,0.15968823
13818,0.26973978
13819,0.042524606
13820,0.04480636
13821,0.027769944
13822,0.4440542
13823,0.119415775
13824,0.08247196
13825,0.27582705
13826,0.3149567
13827,0.083868064
13828,0.0424213
13829,0.02060206
13830,0.023816207
13831,0.006833881
13832,0.036956392
13833,0.008836869
13834,0.063714184
13835,0.10179463
13836,0.0680378
13837,0.11421755
13838,0.15066087
13839,0.43661004
13840,0.018730767
13841,0.053798903
13842,0.0526499
13843,0.01201041
13844,0.009681726
13845,0.030304745
13846,0.02347189
13847,0.03980093
13848,0.37077498
13849,0.020646593
13850,0.046163052
13851,0.060064342
13852,0.14823231
13853,0.5242599
13854,0.008359051
13855,0.045359574
13856,0.06458691
13857,0.02486514
13858,0.05103366
13859,0.05588109
13860,0.012808908
13861,0.0160918
13862,0.029311743
13863,0.11524851
13864,0.18163641
13865,0.09722281
13866,0.0728668
13867,0.07886768
13868,0.010175686
13869,0.036255345
13870,0.042608466
13871,0.032755148
13872,0.041690513
13873,0.10318986
13874,0.069718935
13875,0.22936143
13876,0.01705757
13877,0.050703607
13878,0.035503376
13879,0.020053333
13880,0.016167436
13881,0.02821506
13882,0.036289837
13883,0.057098493
13884,0.025516024
13885,0.07656803
13886,0.29343507
13887,0.2786216
13888,0.046055064
13889,0.04185469
13890,0.032801013
13891,0.105384715
13892,0.06844792
13893,0.015490031
13894,0.06514811
13895,0.029300405
13896,0.17332557
13897,0.03090294
13898,0.02138223
13899,0.03557084
13900,0.0060668397
13901,0.068544485
13902,0.07935227
13903,0.24876371
13904,0.23336281
13905,0.24116229
13906,0.076162435
13907,0.052235417
13908,0.018540567
13909,0.06276062
13910,0.049608503
13911,0.013514982
13912,0.11248656
13913,0.045310706
13914,0.5852958
13915,0.11831942
13916,0.116056375
13917,0.056571398
13918,0.0492978
13919,0.020894399
13920,0.017556304
13921,0.011700005
13922,0.0964707
13923,0.028437596
13924,0.021229932
13925,0.023033883
13926,0.08092753
13927,0.053265724
13928,0.086372934
13929,0.067186
13930,0.116309784
13931,0.23984328
13932,0.3869716
13933,0.079565145
13934,0.025151165
13935,0.091811806
13936,0.014917752
13937,0.041537464
13938,0.0071628448
13939,0.02527725
13940,0.08929291
13941,0.06192224
13942,0.13315088
13943,0.04757975
13944,0.10267876
13945,0.03698033
13946,0.06467605
13947,0.03649751
13948,0.018757017
13949,0.017634954
13950,0.13769108
13951,0.04023695
13952,0.0652603
13953,0.04009007
13954,0.010985993
13955,0.026796022
13956,0.045931164
13957,0.07127072
13958,0.087921485
13959,0.1581904
13960,0.13307591
13961,0.24980731
13962,0.23134047
13963,0.14935854
13964,0.014408065
13965,0.095684886
13966,0.058183666
13967,0.009703505
13968,0.038709227
13969,0.1042532
13970,0.032168686
13971,0.021455815
13972,0.05487436
13973,0.039820015
13974,0.057047877
13975,0.064842865
13976,0.03453966
13977,0.06361491
13978,0.024683166
13979,0.03022788
13980,0.01853118
13981,0.07472783
13982,0.017020462
13983,0.040383797
13984,0.09555807
13985,0.076064505
13986,0.17033465
13987,0.32780227
13988,0.11917518
13989,0.116558544
13990,0.07759986
13991,0.097217366
13992,0.08244732
13993,0.09348158
13994,0.05498651
13995,0.01185662
13996,0.022104846
13997,0.2831479
13998,0.072175436
13999,0.08315747
14000,0.05335305
14001,0.07421351
14002,0.018786961
14003,0.022675855
14004,0.052317973
14005,0.1777271
14006,0.06771053
14007,0.049036935
14008,0.13603427
14009,0.60313886
14010,0.102846146
14011,0.017426075
14012,0.25022087
14013,0.07039311
14014,0.24908182
14015,0.17841685
14016,0.07541301
14017,0.053716328
14018,0.10019741
14019,0.15634672
14020,0.04513224
14021,0.16403274
14022,0.09298351
14023,0.074447975
14024,0.015998365
14025,0.023050873
14026,0.058957238
14027,0.08178033
14028,0.01798316
14029,0.13861902
14030,0.16086687
14031,0.16794953
14032,0.10015915
14033,0.042756114
14034,0.11928907
14035,0.23292084
14036,0.252474
14037,0.057535928
14038,0.011718862
14039,0.05022468
14040,0.024637349
14041,0.011844981
14042,0.07432768
14043,0.56354874
14044,0.032416075
14045,0.05179562
14046,0.38235626
14047,0.23904738
14048,0.013971631
14049,0.02006429
14050,0.04495022
14051,0.06751511
14052,0.25702012
14053,0.25247827
14054,0.10858987
14055,0.10225259
14056,0.13158831
14057,0.17290841
14058,0.16290563
14059,0.20263675
14060,0.36528793
14061,0.0949789
14062,0.051881343
14063,0.09042314
14064,0.054481007
14065,0.2730904
14066,0.8980623
14067,0.005979914
14068,0.046945006
14069,0.39225435
14070,0.014235785
14071,0.045703016
14072,0.26014775
14073,0.05949358
14074,0.08918283
14075,0.022599626
14076,0.046998695
14077,0.45746425
14078,0.06487651
14079,0.098425716
14080,0.27453023
14081,0.24156308
14082,0.25155696
14083,0.38392058
14084,0.4148515
14085,0.02558189
14086,0.3811362
14087,0.23828666
14088,0.23340288
14089,0.8593287
14090,0.40430576
14091,0.42235306
14092,0.025049195
14093,0.2172524
14094,0.06010942
14095,0.028853104
14096,0.012899433
14097,0.06503226
14098,0.008239388
14099,0.013137045
14100,0.034471054
14101,0.07381704
14102,0.12622923
14103,0.11162242
14104,0.13426712
14105,0.09628557
14106,0.29566067
14107,0.10210038
14108,0.029325787
14109,0.09822406
14110,0.26179022
14111,0.019977903
14112,0.06036993
14113,0.95113957
14114,0.8985749
14115,0.55380595
14116,0.0053016874
14117,0.026263343
14118,0.014542984
14119,0.08379852
14120,0.43381244
14121,0.081766374
14122,0.058138687
14123,0.012054104
14124,0.068066955
14125,0.080228575
14126,0.06933895
14127,0.0141701475
14128,0.3871717
14129,0.022737779
14130,0.043413926
14131,0.13036229
14132,0.11290804
14133,0.064939395
14134,0.060326327
14135,0.2528584
14136,0.23691998
14137,0.02897463
14138,0.126682
14139,0.10566602
14140,0.09867951
14141,0.9258407
14142,0.9587052
14143,0.53526014
14144,0.0133272605
14145,0.061710086
14146,0.023092067
14147,0.008012806
14148,0.4501017
14149,0.085173726
14150,0.2565222
14151,0.039322354
14152,0.0915785
14153,0.023128733
14154,0.11433065
14155,0.13631634
14156,0.16560866
14157,0.11783254
14158,0.45540267
14159,0.41746238
14160,0.25719917
14161,0.17507629
14162,0.1135703
14163,0.07166997
14164,0.10881846
14165,0.04896641
14166,0.04474033
14167,0.017846746
14168,0.12508477
14169,0.14017916
14170,0.06875995
14171,0.105511144
14172,0.02477889
14173,0.98772436
14174,0.9915537
14175,1.0152152
14176,0.12858643
14177,0.049463347
14178,0.13210697
14179,0.39398715
14180,0.023551866
14181,0.018529197
14182,0.01863959
14183,0.058608636
14184,0.12782551
14185,0.060919203
14186,0.3800007
14187,0.8800309
14188,0.08382014
14189,0.13357678
14190,0.10257058
14191,0.17272623
14192,0.07271606
14193,0.39576334
14194,0.11942272
14195,0.032879837
14196,0.09170193
14197,0.10419028
14198,0.10448483
14199,0.04996241
14200,0.024006607
14201,0.3927368
14202,0.28679815
14203,0.1822038
14204,0.07403487
14205,0.10991972
14206,0.070449725
14207,0.26964772
14208,0.03313374
14209,0.037176438
14210,0.056842007
14211,0.0208555
14212,0.021189094
14213,0.052815277
14214,0.051274654
14215,0.39088094
14216,0.61194533
14217,0.28251278
14218,0.2733403
14219,0.12920152
14220,0.19138713
14221,0.2396808
14222,0.51755625
14223,0.06924176
14224,0.028827503
14225,0.04179537
14226,0.037572213
14227,0.23527004
14228,0.25071436
14229,0.13917099
14230,0.43098456
14231,0.26927635
14232,0.24900362
14233,0.9879899
14234,0.22258058
14235,0.01796531
14236,0.24517815
14237,0.23346448
14238,0.018320695
14239,0.06508247
14240,0.28961402
14241,0.0018878222
14242,0.078725345
14243,0.048560362
14244,0.047887854
14245,0.05297301
14246,0.18033956
14247,0.39342472
14248,0.2832643
14249,0.54127246
14250,0.38376445
14251,0.16330652
14252,0.23747295
14253,0.23396638
14254,0.026269117
14255,0.15868
14256,0.0802252
14257,0.052454256
14258,0.42648137
14259,0.2664563
14260,0.053298403
14261,0.5491752
14262,0.39399
14263,0.0061284327
14264,0.07480198
14265,0.13074432
14266,0.0803095
14267,0.05431067
14268,0.006242011
14269,0.016901456
14270,0.03294864
14271,0.070989415
14272,0.107859366
14273,0.12004457
14274,0.14485891
14275,0.4215885
14276,0.77041876
14277,0.42534578
14278,0.29144377
14279,0.5215774
14280,0.102483295
14281,0.019848432
14282,0.06330913
14283,0.06955294
14284,0.13450846
14285,0.17568937
14286,0.06588166
14287,0.027502019
14288,0.06649983
14289,0.15896054
14290,0.044950154
14291,0.110830225
14292,0.022956323
14293,0.038058907
14294,0.0065460624
14295,0.014977368
14296,0.035159025
14297,0.09692526
14298,0.07423645
14299,0.084608994
14300,0.26556623
14301,0.18389611
14302,0.402841
14303,0.70397246
14304,0.50511646
14305,0.4076768
14306,0.10775171
14307,0.027270678
14308,0.05408509
14309,0.10384118
14310,0.018050063
14311,0.029079828
14312,0.9489645
14313,0.048663404
14314,0.021157652
14315,0.06487743
14316,0.045947336
14317,0.09200801
14318,0.038569782
14319,0.050678402
14320,0.015670167
14321,0.044528164
14322,0.016489642
14323,0.017371938
14324,0.036997948
14325,0.100804694
14326,0.14041221
14327,0.45541462
14328,0.38148928
14329,0.16844
14330,0.9569132
14331,0.3919374
14332,0.458117
14333,0.24974222
14334,0.04616868
14335,0.028607652
14336,0.03429571
14337,0.05160231
14338,0.056708753
14339,0.06436152
14340,0.37419164
14341,0.09504956
14342,0.38776836
14343,0.023209933
14344,0.07871849
14345,0.12094759
14346,0.124227874
14347,0.24428637
14348,0.045452096
14349,0.032278925
14350,0.009287989
14351,0.05257882
14352,0.1638896
14353,0.83687437
14354,0.38986698
14355,0.46602684
14356,0.39007318
14357,0.35059705
14358,0.17101121
14359,0.104350075
14360,0.04395331
14361,0.02587059
14362,0.057772573
14363,0.029877078
14364,0.12440856
14365,0.13345806
14366,0.07296589
14367,0.27083293
14368,0.02770195
14369,0.07445227
14370,0.014295274
14371,0.24891086
14372,0.05642206
14373,0.011025204
14374,0.012054572
14375,0.13043973
14376,0.24866405
14377,0.045278147
14378,0.3894759
14379,0.26383722
14380,0.08127516
14381,0.103249066
14382,0.02890998
14383,0.09699669
14384,0.082442924
14385,0.0393612
14386,0.15612015
14387,0.12560454
14388,0.047390886
14389,0.010049355
14390,0.22228976
14391,0.013570367
14392,0.101437
14393,0.04287128
14394,0.15016307
14395,0.041124962
14396,0.06758161
14397,0.0068919337
14398,0.057097483
14399,0.1653847
14400,0.3803444
14401,0.43323684
14402,0.08066265
14403,0.019145656
14404,0.029989263
14405,0.058551915
14406,0.063626915
14407,0.123827204
14408,0.01493084
14409,0.03220973
14410,0.015069288
14411,0.031020582
14412,0.012881762
14413,0.034918863
14414,0.091150105
14415,0.112744875
14416,0.39330098
14417,0.015519766
14418,0.017339984
14419,0.062373802
14420,0.08230178
14421,0.10080404
14422,0.41967863
14423,0.08789284
14424,0.012565811
14425,0.23188706
14426,0.03276788
14427,0.0741053
14428,0.14136066
14429,0.044587485
14430,0.01636547
14431,0.27074212
14432,0.017216746
14433,0.03225092
14434,0.16411355
14435,0.07304252
14436,0.046916198
14437,0.024874076
14438,0.03264999
14439,0.08198604
14440,0.36406207
14441,0.030961147
14442,0.014092635
14443,0.04422655
14444,0.06637659
14445,0.24676156
14446,0.06309312
14447,0.1788596
14448,0.11970034
14449,0.03111344
14450,0.016196767
14451,0.04886938
14452,0.04417688
14453,0.030067297
14454,0.25749278
14455,0.02148868
14456,0.14008899
14457,0.11833121
14458,0.057012938
14459,0.009492338
14460,0.010399551
14461,0.37513468
14462,0.6051537
14463,0.23865902
14464,0.051940363
14465,0.015581153
14466,0.08233384
14467,0.054126326
14468,0.03317439
14469,0.09097885
14470,0.091164574
14471,0.09591903
14472,0.85067815
14473,0.064457156
14474,0.07444937
14475,0.07307011
14476,0.03539955
14477,0.13838822
14478,0.32042933
14479,0.063006625
14480,0.14820251
14481,0.027151572
14482,0.015866406
14483,0.025855254
14484,0.024805935
14485,0.10262602
14486,0.034545515
14487,0.02496158
14488,0.005452165
14489,0.06333993
14490,0.046611663
14491,0.027977051
14492,0.05305673
14493,0.017936567
14494,0.10373951
14495,0.06354502
14496,0.01589638
14497,0.033855833
14498,0.0729667
14499,0.094587915
14500,0.024560269
14501,0.024161875
14502,0.0571034
14503,0.7730592
14504,0.059162177
14505,0.114078894
14506,0.04628664
14507,0.03949737
14508,0.051875327
14509,0.05695437
14510,0.016337192
14511,0.025549406
14512,0.2791472
14513,0.03074079
14514,0.017397357
14515,0.051785544
14516,0.21885343
14517,0.017934175
14518,0.012763064
14519,0.10978651
14520,0.039868917
14521,0.022778388
14522,0.03861665
14523,0.3755459
14524,0.033872113
14525,0.0180467
14526,0.009592998
14527,0.043875307
14528,0.036018077
14529,0.11974977
14530,0.073484
14531,0.014530791
14532,0.014774656
14533,0.05734143
14534,0.1424546
14535,0.09583746
14536,0.07925763
14537,0.072137214
14538,0.028299255
14539,0.045252517
14540,0.075655915
14541,0.24336965
14542,0.12682465
14543,0.04173838
14544,0.017030975
14545,0.013370069
14546,0.018209836
14547,0.013046538
14548,0.019088566
14549,0.009393566
14550,0.014151675
14551,0.017862787
14552,0.022998521
14553,0.056777734
14554,0.061410747
14555,0.121057525
14556,0.013633717
14557,0.14013825
14558,0.008709851
14559,0.17495118
14560,0.0083819935
14561,0.021740356
14562,0.028572313
14563,0.013976091
14564,0.011987557
14565,0.021982998
14566,0.020525381
14567,0.006682914
14568,0.0191323
14569,0.014284407
14570,0.014453444
14571,0.016016375
14572,0.044084292
14573,0.0035443068
14574,0.029534588
14575,0.04608909
14576,0.054721117
14577,0.019238459
14578,0.010337849
14579,0.11868042
14580,0.02629693
14581,0.048261087
14582,0.011278795
14583,0.032319244
14584,0.012859383
14585,0.0146396
14586,0.11077193
14587,0.010216703
14588,0.1744584
14589,0.04853761
14590,0.062076803
14591,0.07476083
14592,0.084385745
14593,0.025103442
14594,0.009667304
14595,0.08226106
14596,0.016259918
14597,0.09319772
14598,0.008655233
14599,0.124215074
14600,0.026572088
14601,0.029640593
14602,0.03910239
14603,0.022169853
14604,0.02640676
14605,0.01515501
14606,0.00972145
14607,0.010513482
14608,0.030694755
14609,0.009195034
14610,0.010254728
14611,0.051289085
14612,0.062388103
14613,0.028061403
14614,0.16454227
14615,0.013915785
14616,0.017544733
14617,0.028852113
14618,0.036691047
14619,0.003616002
14620,0.018315982
14621,0.05335242
14622,0.021271683
14623,0.0142277125
14624,0.026036076
14625,0.019172035
14626,0.03143637
14627,0.010565355
14628,0.029893517
14629,0.10025157
14630,0.15741523
14631,0.08092826
14632,0.021488672
14633,0.029321242
14634,0.03630109
14635,0.031716198
14636,0.018277219
14637,0.054455824
14638,0.026150534
14639,0.038651112
14640,0.022117302
14641,0.243788
14642,0.056923572
14643,0.039501175
14644,0.032258034
14645,0.09043432
14646,0.034084868
14647,0.055314407
14648,0.038207244
14649,0.26150537
14650,0.35972682
14651,0.018034749
14652,0.033186525
14653,0.2805365
14654,0.046786256
14655,0.1961604
14656,0.25434253
14657,0.1562851
14658,0.060938198
14659,0.01844349
14660,0.0051188096
14661,0.050576814
14662,0.09269083
14663,0.6804602
14664,0.27338392
14665,0.036949184
14666,0.36615232
14667,0.049357824
14668,0.011483365
14669,0.030729573
14670,0.018403873
14671,0.052174818
14672,0.02835449
14673,0.01245369
14674,0.041248754
14675,0.09395915
14676,0.12878896
14677,0.47095862
14678,0.4722199
14679,0.056445755
14680,0.24591148
14681,0.14758678
14682,0.020983621
14683,0.05181542
14684,0.050309826
14685,0.054551795
14686,0.049899746
14687,0.40308374
14688,0.13054384
14689,0.16761443
14690,0.5224884
14691,0.09867597
14692,0.021124993
14693,0.51628226
14694,0.062053826
14695,0.28945878
14696,0.041755695
14697,0.038390968
14698,0.049428772
14699,0.03620129
14700,0.1163052
14701,0.15040332
14702,0.08577194
14703,0.054952517
14704,0.28891197
14705,0.050442167
14706,0.004670449
14707,0.036953416
14708,0.07147444
14709,0.066122524
14710,0.08579783
14711,0.032977164
14712,0.03863334
14713,0.044920735
14714,0.112585776
14715,0.033299554
14716,0.17130801
14717,0.25942335
14718,0.04371743
14719,0.038510207
14720,0.025473021
14721,0.009732625
14722,0.45908225
14723,0.14692216
14724,0.08847177
14725,0.44265637
14726,0.29962277
14727,0.08537926
14728,0.053083025
14729,0.023122704
14730,0.0050517158
14731,0.036524046
14732,0.008902406
14733,0.05767934
14734,0.09820176
14735,0.08298374
14736,0.09775363
14737,0.13949843
14738,0.42922854
14739,0.39293525
14740,0.05485494
14741,0.00897976
14742,0.029937377
14743,0.024089385
14744,0.04304707
14745,0.3704476
14746,0.014697751
14747,0.047826618
14748,0.05963582
14749,0.067967325
14750,0.14421323
14751,0.49239215
14752,0.051187813
14753,0.063438766
14754,0.02087846
14755,0.02528165
14756,0.052090332
14757,0.073553234
14758,0.011035777
14759,0.01829328
14760,0.026627062
14761,0.13053697
14762,0.17891379
14763,0.09685058
14764,0.0726854
14765,0.06105879
14766,0.008964176
14767,0.035301946
14768,0.040464047
14769,0.0357497
14770,0.0411526
14771,0.1010067
14772,0.06511465
14773,0.24854414
14774,0.018917108
14775,0.0453689
14776,0.038404394
14777,0.02138
14778,0.015454949
14779,0.027722534
14780,0.038421318
14781,0.021026803
14782,0.026627535
14783,0.08051768
14784,0.3000426
14785,0.2745272
14786,0.05175233
14787,0.040965606
14788,0.03235114
14789,0.10026553
14790,0.057686396
14791,0.01989164
14792,0.06646051
14793,0.017446013
14794,0.02808052
14795,0.1629398
14796,0.035151597
14797,0.028459484
14798,0.035771873
14799,0.0057066684
14800,0.07451312
14801,0.07271497
14802,0.24876371
14803,0.14900109
14804,0.23771891
14805,0.0746553
14806,0.056243453
14807,0.021634385
14808,0.05835228
14809,0.04750938
14810,0.008682837
14811,0.011484245
14812,0.114193276
14813,0.042712994
14814,0.4959829
14815,0.12231055
14816,0.024190772
14817,0.12057336
14818,0.055396825
14819,0.042546764
14820,0.017997667
14821,0.08179199
14822,0.009209913
14823,0.019512001
14824,0.028023925
14825,0.09012204
14826,0.045105703
14827,0.08441533
14828,0.06932319
14829,0.12708004
14830,0.23962805
14831,0.37690094
14832,0.070297964
14833,0.02697164
14834,0.08620995
14835,0.016358832
14836,0.044200566
14837,0.011514425
14838,0.028306887
14839,0.09024314
14840,0.062099896
14841,0.14349703
14842,0.051900946
14843,0.11370862
14844,0.03836171
14845,0.069914274
14846,0.03619452
14847,0.12489466
14848,0.03781815
14849,0.061270297
14850,0.034108102
14851,0.015103737
14852,0.011984023
14853,0.02338273
14854,0.045379177
14855,0.07022427
14856,0.08472744
14857,0.2454294
14858,0.12806553
14859,0.24795957
14860,0.13844419
14861,0.15138651
14862,0.017863963
14863,0.10326449
14864,0.0125051
14865,0.056536518
14866,0.040823076
14867,0.08849591
14868,0.03336177
14869,0.021120751
14870,0.050239027
14871,0.04347324
14872,0.057433598
14873,0.077308476
14874,0.036451407
14875,0.06380457
14876,0.021189189
14877,0.018011196
14878,0.07071499
14879,0.018896686
14880,0.039480153
14881,0.09342318
14882,0.07681898
14883,0.24613611
14884,0.33862728
14885,0.11338015
14886,0.11674437
14887,0.071542665
14888,0.09434137
14889,0.08419532
14890,0.090269975
14891,0.057042733
14892,0.024045102
14893,0.36443427
14894,0.07797596
14895,0.08218303
14896,0.06568792
14897,0.025195017
14898,0.01910389
14899,0.022939237
14900,0.047773276
14901,0.18501274
14902,0.058606137
14903,0.048392113
14904,0.1346339
14905,0.60889477
14906,0.106810145
14907,0.016700136
14908,0.27156654
14909,0.0719659
14910,0.24430434
14911,0.18726695
14912,0.07285622
14913,0.058609135
14914,0.09328535
14915,0.23725992
14916,0.04437702
14917,0.16028893
14918,0.09367106
14919,0.07331459
14920,0.016779447
14921,0.0160782
14922,0.056949377
14923,0.084285304
14924,0.015978348
14925,0.14111339
14926,0.15531018
14927,0.15437584
14928,0.0943966
14929,0.04324002
14930,0.13662642
14931,0.17477442
14932,0.24506402
14933,0.06444938
14934,0.051848818
14935,0.022288362
14936,0.010694358
14937,0.067379355
14938,0.50719315
14939,0.036577653
14940,0.070204064
14941,0.37932673
14942,0.251717
14943,0.014514381
14944,0.020041943
14945,0.012613138
14946,0.042170085
14947,0.06608881
14948,0.25373307
14949,0.25126132
14950,0.11810223
14951,0.10082963
14952,0.24893123
14953,0.17276122
14954,0.15631059
14955,0.18667373
14956,0.3795189
14957,0.10387249
14958,0.048056107
14959,0.09489725
14960,0.056928575
14961,0.28753978
14962,0.88998926
14963,0.006988832
14964,0.045167543
14965,0.38483918
14966,0.015035452
14967,0.04678627
14968,0.26777858
14969,0.01896419
14970,0.014045709
14971,0.054827463
14972,0.09217696
14973,0.02344536
14974,0.07122289
14975,0.4951128
14976,0.063543305
14977,0.088028304
14978,0.27918503
14979,0.15334201
14980,0.25028545
14981,0.37438634
14982,0.40421182
14983,0.029115217
14984,0.25610182
14985,0.112921655
14986,0.11078416
14987,0.91636515
14988,0.28461638
14989,0.28917652
14990,0.02418216
14991,0.22479841
14992,0.05553116
14993,0.021285662
14994,0.01214769
14995,0.06435161
14996,0.008400336
14997,0.012819789
14998,0.048953965
14999,0.07199962
15000,0.13311698
15001,0.111505434
15002,0.13397671
15003,0.09054715
15004,0.24898468
15005,0.1002512
15006,0.033014424
15007,0.09508666
15008,0.25909373
15009,0.02180179
15010,0.056198977
15011,0.9941401
15012,0.8690327
15013,0.54815805
15014,0.027000984
15015,0.018295584
15016,0.07503446
15017,0.41751012
15018,0.076142415
15019,0.0668277
15020,0.004776838
15021,0.010415852
15022,0.06852367
15023,0.07793106
15024,0.07179213
15025,0.017393708
15026,0.4135581
15027,0.024840374
15028,0.038036343
15029,0.12974913
15030,0.111211866
15031,0.06643113
15032,0.046994545
15033,0.24661845
15034,0.25410277
15035,0.02660066
15036,0.22897412
15037,0.10498113
15038,0.09738944
15039,0.97977936
15040,0.89061964
15041,0.5295805
15042,0.014062365
15043,0.2309205
15044,0.021699002
15045,0.0071240454
15046,0.2943633
15047,0.08575276
15048,0.37717363
15049,0.040118262
15050,0.093193494
15051,0.02373457
15052,0.10612863
15053,0.12995116
15054,0.17604372
15055,0.11463701
15056,0.46649632
15057,0.43176916
15058,0.24498278
15059,0.1678946
15060,0.10865349
15061,0.07403695
15062,0.11529708
15063,0.04670726
15064,0.037264854
15065,0.02011993
15066,0.14331469
15067,0.1302941
15068,0.075690135
15069,0.10372357
15070,0.026520316
15071,0.89276326
15072,0.9923059
15073,1.0260419
15074,0.12441323
15075,0.04975357
15076,0.21105777
15077,0.40548366
15078,0.023515623
15079,0.02151555
15080,0.018813824
15081,0.06092852
15082,0.118762426
15083,0.062212206
15084,0.39433816
15085,0.8774328
15086,0.08796749
15087,0.13841538
15088,0.11811132
15089,0.26321736
15090,0.07785796
15091,0.38572285
15092,0.24856086
15093,0.034124997
15094,0.09650446
15095,0.09096168
15096,0.10103802
15097,0.054586895
15098,0.023530276
15099,0.2815475
15100,0.3033294
15101,0.17317244
15102,0.0796212
15103,0.021440541
15104,0.12721771
15105,0.07184362
15106,0.27003148
15107,0.0358331
15108,0.03771153
15109,0.06144014
15110,0.017097808
15111,0.027978526
15112,0.048656087
15113,0.048284125
15114,0.38244495
15115,0.5731722
15116,0.37310764
15117,0.18603891
15118,0.13314521
15119,0.1908606
15120,0.24233319
15121,0.5025408
15122,0.06819576
15123,0.036999878
15124,0.032347254
15125,0.16022061
15126,0.25599378
15127,0.14776847
15128,0.31247914
15129,0.28298822
15130,0.2547558
15131,0.95409995
15132,0.11049984
15133,0.01813099
15134,0.24057718
15135,0.2435304
15136,0.062885284
15137,0.4263281
15138,0.08307368
15139,0.0437297
15140,0.04148313
15141,0.056218885
15142,0.17885306
15143,0.40082175
15144,0.27873766
15145,0.5010431
15146,0.28876227
15147,0.16060232
15148,0.23153265
15149,0.2399793
15150,0.01610069
15151,0.15874961
15152,0.08277045
15153,0.056756414
15154,0.4351473
15155,0.25867513
15156,0.060284283
15157,0.53407985
15158,0.36970845
15159,0.004727771
15160,0.08117437
15161,0.14049831
15162,0.070360765
15163,0.053322867
15164,0.010700949
15165,0.009456949
15166,0.034006905
15167,0.06635362
15168,0.114799865
15169,0.11912298
15170,0.14766173
15171,0.40150833
15172,0.7700505
15173,0.41311637
15174,0.39116707
15175,0.5735639
15176,0.099595934
15177,0.019661509
15178,0.06382841
15179,0.0750298
15180,0.14773332
15181,0.17574345
15182,0.07205378
15183,0.026634926
15184,0.069945015
15185,0.24920395
15186,0.04950968
15187,0.11209448
15188,0.023290245
15189,0.017193742
15190,0.03789024
15191,0.020559039
15192,0.020516058
15193,0.011560794
15194,0.04248408
15195,0.09573265
15196,0.07222598
15197,0.07642313
15198,0.24743211
15199,0.19386521
15200,0.38271847
15201,0.7485787
15202,0.58785933
15203,0.2889366
15204,0.109109245
15205,0.04528974
15206,0.01834239
15207,0.055429053
15208,0.10891678
15209,0.015880315
15210,0.034419313
15211,0.92790776
15212,0.052588053
15213,0.018436553
15214,0.22527671
15215,0.051784575
15216,0.088220686
15217,0.039471854
15218,0.04852368
15219,0.018922495
15220,0.042338405
15221,0.015692357
15222,0.01639857
15223,0.03613173
15224,0.09498768
15225,0.14453883
15226,0.45541462
15227,0.38514403
15228,0.24352685
15229,0.9571279
15230,0.37682283
15231,0.453423
15232,0.25705886
15233,0.039832197
15234,0.03492455
15235,0.029500302
15236,0.061959818
15237,0.052428685
15238,0.033094306
15239,0.06242961
15240,0.43248716
15241,0.09769338
15242,0.3840867
15243,0.029469592
15244,0.08514597
15245,0.12779765
15246,0.13779557
15247,0.16552415
15248,0.04773878
15249,0.03389083
15250,0.049403027
15251,0.16798441
15252,0.8372235
15253,0.38465288
15254,0.4253789
15255,0.41192856
15256,0.26232684
15257,0.23909043
15258,0.0987264
15259,0.022904694
15260,0.021485314
15261,0.04733502
15262,0.113405034
15263,0.14193812
15264,0.06667106
15265,0.19008684
15266,0.07028796
15267,0.01250308
15268,0.25934073
15269,0.05045381
15270,0.009653364
15271,0.012899599
15272,0.1281263
15273,0.24745809
15274,0.04484167
15275,0.004356879
15276,0.27344286
15277,0.26383722
15278,0.07960076
15279,0.09390519
15280,0.033317838
15281,0.09779011
15282,0.08601331
15283,0.03876212
15284,0.12350278
15285,0.12293179
15286,0.042829704
15287,0.009196998
15288,0.22776133
15289,0.0129709495
15290,0.10682509
15291,0.042843442
15292,0.1686368
15293,0.044678424
15294,0.067518264
15295,0.052455526
15296,0.17084353
15297,0.3685394
15298,0.45639303
15299,0.07687879
15300,0.018405488
15301,0.019264417
15302,0.027658766
15303,0.059313394
15304,0.0167525
15305,0.068147436
15306,0.14031267
15307,0.016950121
15308,0.03203086
15309,0.015079046
15310,0.02905032
15311,0.018426625
15312,0.012726062
15313,0.08467612
15314,0.112744875
15315,0.39807484
15316,0.015349981
15317,0.019672366
15318,0.06541695
15319,0.085572146
15320,0.10378159
15321,0.39658955
15322,0.084905684
15323,0.013623738
15324,0.010198403
15325,0.12667395
15326,0.04289012
15327,0.083742976
15328,0.12265568
15329,0.053183477
15330,0.010866173
15331,0.012937552
15332,0.01884384
15333,0.010735105
15334,0.2813766
15335,0.015179907
15336,0.032370456
15337,0.15237786
15338,0.07400492
15339,0.05032034
15340,0.018842103
15341,0.03327322
15342,0.07645796
15343,0.39709604
15344,0.028894108
15345,0.019312587
15346,0.02919751
15347,0.04342503
15348,0.0667838
15349,0.24855442
15350,0.069287196
15351,0.1913202
15352,0.11441206
15353,0.028365022
15354,0.054555018
15355,0.049844686
15356,0.028099185
15357,0.20417553
15358,0.015474386
15359,0.018911531
15360,0.1435124
15361,0.02113438
15362,0.11639912
15363,0.06147843
15364,0.012750494
15365,0.40223873
15366,0.56952536
15367,0.2405809
15368,0.04393148
15369,0.015501838
15370,0.08357273
15371,0.048047397
15372,0.039319098
15373,0.22273284
15374,0.07987971
15375,0.08446563
15376,0.89945525
15377,0.018072674
15378,0.07384589
15379,0.014714002
15380,0.07618918
15381,0.06882352
15382,0.017650845
15383,0.0420511
15384,0.14311887
15385,0.32958677
15386,0.0742784
15387,0.16358237
15388,0.02852826
15389,0.025976872
15390,0.098701894
15391,0.03375811
15392,0.028260091
15393,0.0014748838
15394,0.058456466
15395,0.04442819
15396,0.02418039
15397,0.059964884
15398,0.016331054
15399,0.116200686
15400,0.042867262
15401,0.017859073
15402,0.028693758
15403,0.07100883
15404,0.10448103
15405,0.020757526
15406,0.024706654
15407,0.052402865
15408,0.8003968
15409,0.06482947
15410,0.10642532
15411,0.040690202
15412,0.03993458
15413,0.05306405
15414,0.05588389
15415,0.014084291
15416,0.019783067
15417,0.39233273
15418,0.025082892
15419,0.0028056002
15420,0.011892195
15421,0.049516626
15422,0.10208909
15423,0.022970248
15424,0.108194426
15425,0.038700014
15426,0.024029467
15427,0.039337732
15428,0.37127262
15429,0.021504443
15430,0.021501085
15431,0.005952662
15432,0.021962319
15433,0.042720202
15434,0.040888816
15435,0.10556675
15436,0.06940606
15437,0.014219516
15438,0.018570412
15439,0.0582142
15440,0.1506747
15441,0.09225355
15442,0.07009125
15443,0.07809854
15444,0.026661169
15445,0.042893976
15446,0.230486
15447,0.24605581
15448,0.14398089
15449,0.008710061
15450,0.012907897
15451,0.037895255
15452,0.018345973
15453,0.013434349
15454,0.017460084
15455,0.015106114
15456,0.019490095
15457,0.0069376924
15458,0.016050916
15459,0.017529683
15460,0.009722618
15461,0.022023194
15462,0.044722058
15463,0.06005099
15464,0.11474002
15465,0.008493816
15466,0.14176354
15467,0.008385125
15468,0.37035677
15469,0.01928653
15470,0.029291227
15471,0.007682931
15472,0.02170013
15473,0.02104416
15474,0.013520643
15475,0.035666663
15476,0.014394371
15477,0.014844009
15478,0.04992223
15479,0.030261524
15480,0.043322876
15481,0.053036917
15482,0.014196453
15483,0.009988695
15484,0.007083025
15485,0.098827004
15486,0.0299594
15487,0.048060406
15488,0.004679162
15489,0.011840988
15490,0.034220263
15491,0.012542184
15492,0.11077193
15493,0.013819975
15494,0.0118249655
15495,0.25356013
15496,0.068131894
15497,0.05794616
15498,0.06523306
15499,0.088881426
15500,0.023383759
15501,0.010156754
15502,0.07689331
15503,0.01614188
15504,0.09847022
15505,0.00406561
15506,0.13067645
15507,0.016134221
15508,0.03017129
15509,0.03518418
15510,0.025935441
15511,0.0045996765
15512,0.013986509
15513,0.014101549
15514,0.0113113625
15515,0.033729233
15516,0.010355257
15517,0.010303097
15518,0.05571155
15519,0.057266288
15520,0.033419073
15521,0.15445326
15522,0.01914307
15523,0.028356528
15524,0.017331712
15525,0.05090467
15526,0.02051246
15527,0.015653152
15528,0.031838883
15529,0.016911263
15530,0.03517216
15531,0.010962655
15532,0.03137081
15533,0.09565669
15534,0.2484577
15535,0.08492587
15536,0.021060007
15537,0.020890005
15538,0.053999368
15539,0.06852266
15540,0.041785907
15541,0.03925633
15542,0.036538504
15543,0.083440766
15544,0.054026183
15545,0.029266732
15546,0.085961096
15547,0.015929438
15548,0.21500726
15549,0.06394522
15550,0.39794782
15551,0.38729852
15552,0.05768378
15553,0.26456985
15554,0.047363926
15555,0.35171923
15556,0.103251144
15557,0.14238675
15558,0.048124064
15559,0.017237792
15560,0.076006465
15561,0.011884405
15562,0.044995654
15563,0.24890779
15564,0.04301451
15565,0.6703315
15566,0.12900263
15567,0.04894395
15568,0.27299267
15569,0.051108405
15570,0.02974804
15571,0.024816593
15572,0.059297528
15573,0.030192697
15574,0.01711022
15575,0.010831145
15576,0.0985029
15577,0.5166477
15578,0.44982535
15579,0.053338517
15580,0.12146959
15581,0.15959066
15582,0.024952814
15583,0.0482717
15584,0.04740006
15585,0.047173437
15586,0.09129647
15587,0.41449952
15588,0.108988814
15589,0.15977323
15590,0.5318249
15591,0.11434874
15592,0.020921102
15593,0.5198651
15594,0.016865801
15595,0.05934366
15596,0.28972837
15597,0.039384622
15598,0.052353416
15599,0.039368793
15600,0.04527771
15601,0.108139135
15602,0.11728307
15603,0.103862144
15604,0.038533974
15605,0.051128436
15606,0.37471703
15607,0.045973163
15608,0.039292853
15609,0.05980893
15610,0.058465578
15611,0.0897294
15612,0.03349038
15613,0.038957182
15614,0.00674878
15615,0.053469837
15616,0.11709013
15617,0.03324209
15618,0.070324235
15619,0.17062451
15620,0.06417278
15621,0.26249048
15622,0.04190081
15623,0.034201875
15624,0.04549853
15625,0.02558886
15626,0.014604102
15627,0.44339663
15628,0.13808946
15629,0.09078194
15630,0.2818355
15631,0.41465065
15632,0.085306935
15633,0.042556617
15634,0.01647502
15635,0.021477245
15636,0.018593509
15637,0.0067012394
15638,0.03868435
15639,0.010617205
15640,0.100707375
15641,0.07188832
15642,0.103714816
15643,0.25243542
15644,0.4110071
15645,0.009238714
15646,0.019675707
15647,0.22038393
15648,0.052818373
15649,0.008075288
15650,0.021177012
15651,0.03492612
15652,0.28379315
15653,0.019028831
15654,0.046050847
15655,0.011898476
15656,0.08011075
15657,0.24802709
15658,0.49344295
15659,0.04496272
15660,0.07068902
15661,0.01896939
15662,0.021375895
15663,0.0644117
15664,0.052887775
15665,0.011701691
15666,0.028575657
15667,0.0135589065
15668,0.12207091
15669,0.17170829
15670,0.10341345
15671,0.07805126
15672,0.0711621
15673,0.044084847
15674,0.041393414
15675,0.03362616
15676,0.047876984
15677,0.097390026
15678,0.068336405
15679,0.11991888
15680,0.017858377
15681,0.046945654
15682,0.03634766
15683,0.019715486
15684,0.016942034
15685,0.026549838
15686,0.0383069
15687,0.027213356
15688,0.07724444
15689,0.28367883
15690,0.2636277
15691,0.04767129
15692,0.043707516
15693,0.03362824
15694,0.104905516
15695,0.057036854
15696,0.019403093
15697,0.06152938
15698,0.0120345475
15699,0.030828236
15700,0.16192351
15701,0.031286415
15702,0.026677424
15703,0.037427243
15704,0.21594754
15705,0.078678265
15706,0.24731407
15707,0.23453607
15708,0.13378507
15709,0.07408095
15710,0.05027596
15711,0.019744687
15712,0.058263317
15713,0.04911041
15714,0.009743622
15715,0.23398829
15716,0.039794188
15717,0.5629422
15718,0.11111138
15719,0.11790623
15720,0.05711181
15721,0.05237377
15722,0.020568457
15723,0.07627952
15724,0.02087979
15725,0.021727188
15726,0.023071783
15727,0.09006374
15728,0.04599019
15729,0.08471492
15730,0.07082825
15731,0.12028308
15732,0.24491262
15733,0.38954964
15734,0.06635084
15735,0.027066331
15736,0.08185059
15737,0.017878091
15738,0.03970015
15739,0.025248861
15740,0.08696283
15741,0.060149852
15742,0.118347906
15743,0.04757975
15744,0.114657715
15745,0.042593986
15746,0.06617829
15747,0.035347506
15748,0.01860953
15749,0.13294607
15750,0.012920629
15751,0.034034748
15752,0.057134375
15753,0.03458512
15754,0.010230773
15755,0.028137015
15756,0.04566169
15757,0.07009295
15758,0.08759996
15759,0.14152639
15760,0.12709668
15761,0.39139768
15762,0.12193821
15763,0.15952879
15764,0.015404624
15765,0.094466954
15766,0.011304601
15767,0.06138157
15768,0.038013082
15769,0.098536104
15770,0.037534766
15771,0.024583114
15772,0.048934553
15773,0.04385321
15774,0.05303388
15775,0.07094462
15776,0.039059374
15777,0.06032783
15778,0.035277266
15779,0.075217076
15780,0.017646367
15781,0.038985863
15782,0.09624976
15783,0.0758808
15784,0.16150731
15785,0.49182585
15786,0.11731903
15787,0.11324573
15788,0.070314236
15789,0.09966117
15790,0.080478795
15791,0.09616511
15792,0.05315491
15793,0.009646008
15794,0.01850716
15795,0.3775565
15796,0.07224563
15797,0.08688753
15798,0.054252155
15799,0.091997415
15800,0.025485614
15801,0.018177683
15802,0.022024024
15803,0.04415989
15804,0.17495817
15805,0.061599854
15806,0.048248585
15807,0.13391106
15808,0.6179365
15809,0.11356142
15810,0.017344857
15811,0.36272258
15812,0.06951564
15813,0.25604728
15814,0.1833005
15815,0.07317451
15816,0.04847146
15817,0.025514556
15818,0.09461327
15819,0.17505112
15820,0.053612594
15821,0.1558361
15822,0.10183174
15823,0.07028134
15824,0.01763407
15825,0.010998326
15826,0.020203989
15827,0.02350564
15828,0.06296086
15829,0.08579837
15830,0.018748427
15831,0.13724922
15832,0.16558243
15833,0.16804712
15834,0.09231858
15835,0.041278012
15836,0.11655713
15837,0.17493448
15838,0.24784693
15839,0.058883283
15840,0.046392795
15841,0.02102297
15842,0.22276112
15843,0.5032211
15844,0.04080991
15845,0.054312278
15846,0.37415233
15847,0.18169533
15848,0.012915659
15849,0.067204244
15850,0.24814884
15851,0.2540627
15852,0.0074798777
15853,0.11043185
15854,0.100227416
15855,0.2522932
15856,0.157852
15857,0.16389754
15858,0.19223471
15859,0.3680125
15860,0.10405601
15861,0.04762695
15862,0.098242626
15863,0.061902486
15864,0.27637872
15865,0.92133725
15866,0.004727097
15867,0.04589473
15868,0.39107442
15869,0.04859129
15870,0.25918707
15871,0.017696472
15872,0.014777789
15873,0.05418379
15874,0.086818814
15875,0.023092
15876,0.054352194
15877,0.0065202867
15878,0.481291
15879,0.05991238
15880,0.093655914
15881,0.18659763
15882,0.15615053
15883,0.20142145
15884,0.37689728
15885,0.41077164
15886,0.0302363
15887,0.25584325
15888,0.24148774
15889,0.11202147
15890,0.8334453
15891,0.40211874
15892,0.31442603
15893,0.023739427
15894,0.20958796
15895,0.0571946
15896,0.019090509
15897,0.009405823
15898,0.070979096
15899,0.011622731
15900,0.04649667
15901,0.07211156
15902,0.12746263
15903,0.119541116
15904,0.12858266
15905,0.08929417
15906,0.2555512
15907,0.11590111
15908,0.03255549
15909,0.09384393
15910,0.3861474
15911,0.01947864
15912,0.06262467
15913,0.99120814
15914,0.872336
15915,0.5694636
15916,0.027038775
15917,0.019217037
15918,0.07649404
15919,0.38648874
15920,0.0742368
15921,0.065427154
15922,0.067347676
15923,0.08068056
15924,0.06598129
15925,0.015169309
15926,0.39777902
15927,0.02547863
15928,0.037749674
15929,0.1247044
15930,0.116836555
15931,0.06195576
15932,0.056314293
15933,0.38519433
15934,0.3544935
15935,0.024223473
15936,0.10755624
15937,0.1080939
15938,0.09954569
15939,1.0062889
15940,0.9758347
15941,0.5634758
15942,0.012416402
15943,0.05526457
15944,0.02384808
15945,0.4435273
15946,0.09040973
15947,0.38809752
15948,0.040439837
15949,0.08752478
15950,0.025528116
15951,0.099184565
15952,0.14160217
15953,0.16815785
15954,0.15002608
15955,0.44439358
15956,0.43109593
15957,0.25509974
15958,0.16267613
15959,0.10655158
15960,0.071947835
15961,0.11853686
15962,0.05030825
15963,0.035697713
15964,0.018039789
15965,0.11901676
15966,0.13389404
15967,0.05960218
15968,0.11016152
15969,0.025826879
15970,0.8312192
15971,1.0384841
15972,0.9889232
15973,0.13165091
15974,0.051813945
15975,0.22667022
15976,0.3957202
15977,0.023997486
15978,0.01961824
15979,0.018457146
15980,0.05650177
15981,0.12902825
15982,0.056696072
15983,0.39040205
15984,0.9228558
15985,0.0828479
15986,0.13357684
15987,0.12508902
15988,0.1710976
15989,0.07737235
15990,0.37380865
15991,0.2757767
15992,0.030952223
15993,0.10586593
15994,0.09707813
15995,0.10129581
15996,0.056245413
15997,0.36138406
15998,0.20040928
15999,0.18756166
16000,0.073075
16001,0.024253488
16002,0.10974938
16003,0.2307826
16004,0.28250363
16005,0.033987414
16006,0.04116284
16007,0.048256107
16008,0.020153075
16009,0.020472331
16010,0.050785407
16011,0.05823659
16012,0.26624128
16013,0.63862866
16014,0.274456
16015,0.28768706
16016,0.13307533
16017,0.19285987
16018,0.24933454
16019,0.49383104
16020,0.0746739
16021,0.029348914
16022,0.035767715
16023,0.034154188
16024,0.15186821
16025,0.2650261
16026,0.1411546
16027,0.31247914
16028,0.26656845
16029,0.17339477
16030,0.9347205
16031,0.10502412
16032,0.019175975
16033,0.2435976
16034,0.23372409
16035,0.059866957
16036,0.17474656
16037,0.08241435
16038,0.050053842
16039,0.0446448
16040,0.055123065
16041,0.1769684
16042,0.36652976
16043,0.2819403
16044,0.50865513
16045,0.29306206
16046,0.1631243
16047,0.1517876
16048,0.23508042
16049,0.15105072
16050,0.08037662
16051,0.05438334
16052,0.43725315
16053,0.26380044
16054,0.05751823
16055,0.017860046
16056,0.5296014
16057,0.3786469
16058,0.07307585
16059,0.12134529
16060,0.078880034
16061,0.051749162
16062,0.009726503
16063,0.008834553
16064,0.015368427
16065,0.034319084
16066,0.072689034
16067,0.114367515
16068,0.120587476
16069,0.15559563
16070,0.3772948
16071,0.78202695
16072,0.39512718
16073,0.4057649
16074,0.5576456
16075,0.101042934
16076,0.019855319
16077,0.06412633
16078,0.07085065
16079,0.13967462
16080,0.25628844
16081,0.0750962
16082,0.026517995
16083,0.06948592
16084,0.14748873
16085,0.019375945
16086,0.041648295
16087,0.1054412
16088,0.018210752
16089,0.03899539
16090,0.021508634
16091,0.014189743
16092,0.042951666
16093,0.09506432
16094,0.072781205
16095,0.08506247
16096,0.24781354
16097,0.18964563
16098,0.3602413
16099,0.6931499
16100,0.6338916
16101,0.39469087
16102,0.11501104
16103,0.047313012
16104,0.022364145
16105,0.055745028
16106,0.109294966
16107,0.98304254
16108,0.062439073
16109,0.01753082
16110,0.06959203
16111,0.047883507
16112,0.09603832
16113,0.043196462
16114,0.050977092
16115,0.016303131
16116,0.042941973
16117,0.017705213
16118,0.016352767
16119,0.035180297
16120,0.10208199
16121,0.12956287
16122,0.50366914
16123,0.38480452
16124,0.25106594
16125,1.0280434
16126,0.40563828
16127,0.43864176
16128,0.24597375
16129,0.039249822
16130,0.03761459
16131,0.04046999
16132,0.054819964
16133,0.051376395
16134,0.07082496
16135,0.41116273
16136,0.22813368
16137,0.38724387
16138,0.031425502
16139,0.0845977
16140,0.112709604
16141,0.13473508
16142,0.165256
16143,0.04378268
16144,0.03584005
16145,0.052165654
16146,0.17757973
16147,0.8492648
16148,0.3754739
16149,0.40262434
16150,0.24992998
16151,0.37163833
16152,0.24778359
16153,0.09658643
16154,0.029575422
16155,0.0113847805
16156,0.024541657
16157,0.012159016
16158,0.053424876
16159,0.027968213
16160,0.12942581
16161,0.14213844
16162,0.07084924
16163,0.19656599
16164,0.066908464
16165,0.011979196
16166,0.36469692
16167,0.05000146
16168,0.011804129
16169,0.012963415
16170,0.13253845
16171,0.2437404
16172,0.03948286
16173,0.005321211
16174,0.34637377
16175,0.19957247
16176,0.08231557
16177,0.10874594
16178,0.028896578
16179,0.09082384
16180,0.08879551
16181,0.03535046
16182,0.13169532
16183,0.12519549
16184,0.04799424
16185,0.028936688
16186,0.009383939
16187,0.22655554
16188,0.011786515
16189,0.008486584
16190,0.10862666
16191,0.03259127
16192,0.042473495
16193,0.1573484
16194,0.040993873
16195,0.059276175
16196,0.008692803
16197,0.05573733
16198,0.17295916
16199,0.37193143
16200,0.48417738
16201,0.0711756
16202,0.029263621
16203,0.057655927
16204,0.016052403
16205,0.06521584
16206,0.12792492
16207,0.015281538
16208,0.05816725
16209,0.013907517
16210,0.032196324
16211,0.019054724
16212,0.013691461
16213,0.026664587
16214,0.08447648
16215,0.122631334
16216,0.40739587
16217,0.017621774
16218,0.02193656
16219,0.05620537
16220,0.08342938
16221,0.09309448
16222,0.38920736
16223,0.10089673
16224,0.012284912
16225,0.11804583
16226,0.03674
16227,0.0157109
16228,0.07514964
16229,0.12837684
16230,0.05190713
16231,0.009636992
16232,0.020213597
16233,0.1898968
16234,0.018378165
16235,0.030494502
16236,0.155009
16237,0.067507066
16238,0.050975595
16239,0.021686748
16240,0.033464596
16241,0.078154914
16242,0.39352784
16243,0.030634526
16244,0.01753994
16245,0.030431211
16246,0.04562795
16247,0.063616216
16248,0.17805158
16249,0.07276624
16250,0.24504295
16251,0.11478951
16252,0.03353756
16253,0.016436517
16254,0.048857827
16255,0.044111375
16256,0.026452279
16257,0.25535986
16258,0.11061968
16259,0.016913434
16260,0.11750857
16261,0.057291806
16262,0.010889733
16263,0.39352044
16264,0.46924728
16265,0.118304975
16266,0.04725452
16267,0.01500488
16268,0.07893551
16269,0.051044997
16270,0.07987389
16271,0.08777532
16272,0.08493472
16273,0.8917318
16274,0.01759443
16275,0.056281354
16276,0.017736718
16277,0.073335394
16278,0.07712403
16279,0.046366878
16280,0.15212442
16281,0.32508776
16282,0.068810165
16283,0.1531818
16284,0.026436072
16285,0.039342538
16286,0.09690648
16287,0.03638155
16288,0.025200402
16289,0.0036734857
16290,0.05982854
16291,0.044579282
16292,0.026921278
16293,0.01838137
16294,0.046381496
16295,0.013375157
16296,0.019330462
16297,0.116864346
16298,0.0349984
16299,0.042946473
16300,0.017148321
16301,0.036658436
16302,0.06404967
16303,0.099319406
16304,0.053532142
16305,0.8267095
16306,0.05005812
16307,0.10310325
16308,0.036972795
16309,0.055341717
16310,0.058618225
16311,0.014282557
16312,0.43788356
16313,0.025879081
16314,0.019281259
16315,0.008611938
16316,0.054496996
16317,0.118394375
16318,0.016408823
16319,0.11688207
16320,0.040867448
16321,0.038052015
16322,0.3750195
16323,0.022363594
16324,0.022919938
16325,0.009694683
16326,0.020760508
16327,0.016025908
16328,0.047035906
16329,0.010492259
16330,0.0405621
16331,0.1354558
16332,0.071002305
16333,0.014594078
16334,0.01554297
16335,0.05805187
16336,0.23637967
16337,0.095986694
16338,0.07387993
16339,0.0679622
16340,0.02954876
16341,0.04952203
16342,0.23398666
16343,0.24673976
16344,0.21735653
16345,0.006302813
16346,0.01221866
16347,0.0186532
16348,0.0136364205
16349,0.022058038
16350,0.011270265
16351,0.018709246
16352,0.006596859
16353,0.014961679
16354,0.014867827
16355,0.012594012
16356,0.024013441
16357,0.04375856
16358,0.060516838
16359,0.1308853
16360,0.006438046
16361,0.1366927
16362,0.0086327195
16363,0.26532698
16364,0.010380726
16365,0.010024604
16366,0.009319424
16367,0.027367035
16368,0.013205869
16369,0.013026846
16370,0.01911946
16371,0.022771318
16372,0.015239524
16373,0.008493765
16374,0.056175467
16375,0.02681412
16376,0.044891313
16377,0.05596567
16378,0.015074463
16379,0.00516517
16380,0.01477419
16381,0.010272217
16382,0.11550543
16383,0.029817326
16384,0.048396494
16385,0.012777409
16386,0.028526813
16387,0.10233962
16388,0.0117627205
16389,0.18015724
16390,0.062391292
16391,0.061535448
16392,0.06939416
16393,0.018033732
16394,0.06606949
16395,0.024045793
16396,0.010070099
16397,0.07989023
16398,0.01593474
16399,0.08651663
16400,0.0059766015
16401,0.13749012
16402,0.019333478
16403,0.025751317
16404,0.03338838
16405,0.028340207
16406,0.008517387
16407,0.013000806
16408,0.011864818
16409,0.012518267
16410,0.032796137
16411,0.009342715
16412,0.03925984
16413,0.0633794
16414,0.008036847
16415,0.14988834
16416,0.01758107
16417,0.026761808
16418,0.013368797
16419,0.019824833
16420,0.051554356
16421,0.019128745
16422,0.014568677
16423,0.028136713
16424,0.018172894
16425,0.029632067
16426,0.011416945
16427,0.09937868
16428,0.16578175
16429,0.07537331
16430,0.021906145
16431,0.03822002
16432,0.031476535
16433,0.0199565
16434,0.07099316
16435,0.041280285
16436,0.031212496
16437,0.027143458
16438,0.0991768
16439,0.037564352
16440,0.031967256
16441,0.091057494
16442,0.05971772
16443,0.087426916
16444,0.05506729
16445,0.16549982
16446,0.23313452
16447,0.01599764
16448,0.03655696
16449,0.2833037
16450,0.030890651
16451,0.3129174
16452,0.09473223
16453,0.24564359
16454,0.04840043
16455,0.018153826
16456,0.06263917
16457,0.012071003
16458,0.03952154
16459,0.013080784
16460,0.082192965
16461,0.047118668
16462,0.67515755
16463,0.2438962
16464,0.13714446
16465,0.056435242
16466,0.028421529
16467,0.017336369
16468,0.029248515
16469,0.10303454
16470,0.11047904
16471,0.29651484
16472,0.51876086
16473,0.026486952
16474,0.107174024
16475,0.1465917
16476,0.017428702
16477,0.046484884
16478,0.04527964
16479,0.051436257
16480,0.011691594
16481,0.09013101
16482,0.41230398
16483,0.11267306
16484,0.16154389
16485,0.5171768
16486,0.09374685
16487,0.025044067
16488,0.48129508
16489,0.061536375
16490,0.30315
16491,0.04324266
16492,0.050446417
16493,0.039368793
16494,0.036890455
16495,0.116625555
16496,0.116906054
16497,0.10745728
16498,0.033669025
16499,0.035128497
16500,0.061911013
16501,0.37254855
16502,0.04556187
16503,0.03636212
16504,0.059294473
16505,0.05981449
16506,0.080698654
16507,0.030866252
16508,0.10998157
16509,0.0582241
16510,0.26992154
16511,0.2779993
16512,0.036444303
16513,0.042915944
16514,0.025989326
16515,0.017362874
16516,0.43531415
16517,0.14572097
16518,0.07942018
16519,0.28376234
16520,0.42319906
16521,0.08692229
16522,0.046920408
16523,0.020269245
16524,0.022778872
16525,0.019856006
16526,0.04587441
16527,0.011285
16528,0.006561849
16529,0.011193462
16530,0.09507096
16531,0.0830201
16532,0.2558391
16533,0.442244
16534,0.017404089
16535,0.22132239
16536,0.057258636
16537,0.009954484
16538,0.036823016
16539,0.2834184
16540,0.019076278
16541,0.050591186
16542,0.013351423
16543,0.07388283
16544,0.028587865
16545,0.3552891
16546,0.49557492
16547,0.069655284
16548,0.024851292
16549,0.053173065
16550,0.068084136
16551,0.018838476
16552,0.025921028
16553,0.10243773
16554,0.1755644
16555,0.08923617
16556,0.07430707
16557,0.057953164
16558,0.039691813
16559,0.040477023
16560,0.036237538
16561,0.042514663
16562,0.08031639
16563,0.06891689
16564,0.25500357
16565,0.016972642
16566,0.045191824
16567,0.035345137
16568,0.02331069
16569,0.016681204
16570,0.024458194
16571,0.04807655
16572,0.021530814
16573,0.022375584
16574,0.08047227
16575,0.20157701
16576,0.29683906
16577,0.04564072
16578,0.048279706
16579,0.036164593
16580,0.10242993
16581,0.056933094
16582,0.017882295
16583,0.06613948
16584,0.027779028
16585,0.16383852
16586,0.032773614
16587,0.029711986
16588,0.032739244
16589,0.22909996
16590,0.074661985
16591,0.24655366
16592,0.23815249
16593,0.2430078
16594,0.07086514
16595,0.05149977
16596,0.019967657
16597,0.056584477
16598,0.056482982
16599,0.11484465
16600,0.04613808
16601,0.50573456
16602,0.119388536
16603,0.024538843
16604,0.12052364
16605,0.055982362
16606,0.050166257
16607,0.019925319
16608,0.011905708
16609,0.01232138
16610,0.07963394
16611,0.029666323
16612,0.021402614
16613,0.024425773
16614,0.08727809
16615,0.051535036
16616,0.08543864
16617,0.068691425
16618,0.12430801
16619,0.24426557
16620,0.3730984
16621,0.0757587
16622,0.025885265
16623,0.083326116
16624,0.016437214
16625,0.03531293
16626,0.02667545
16627,0.009631319
16628,0.080411404
16629,0.06758431
16630,0.12953337
16631,0.054827157
16632,0.11464306
16633,0.04130349
16634,0.06798927
16635,0.032503966
16636,0.1409108
16637,0.011344594
16638,0.03675663
16639,0.06535863
16640,0.03854229
16641,0.011754863
16642,0.027011203
16643,0.047018018
16644,0.07678693
16645,0.08820352
16646,0.14827448
16647,0.12766598
16648,0.24121961
16649,0.12525702
16650,0.15341526
16651,0.01686824
16652,0.09688578
16653,0.058000453
16654,0.01063644
16655,0.03658104
16656,0.10309878
16657,0.03392699
16658,0.019767903
16659,0.05338671
16660,0.03749288
16661,0.051778413
16662,0.080341645
16663,0.037907947
16664,0.0604078
16665,0.021233521
16666,0.0280948
16667,0.08280835
16668,0.017778547
16669,0.03928597
16670,0.10355288
16671,0.07736183
16672,0.16525976
16673,0.45764887
16674,0.12168086
16675,0.12293113
16676,0.06891448
16677,0.09993952
16678,0.079016395
16679,0.096665636
16680,0.0573324
16681,0.019446727
16682,0.26406565
16683,0.07182097
16684,0.087843314
16685,0.05795204
16686,0.08781178
16687,0.025299523
16688,0.02849162
16689,0.019762583
16690,0.020706141
16691,0.045963682
16692,0.1883382
16693,0.07100855
16694,0.05417767
16695,0.12907887
16696,0.67535955
16697,0.10563134
16698,0.016159419
16699,0.25231087
16700,0.06655298
16701,0.25119454
16702,0.18896332
16703,0.07461599
16704,0.017180704
16705,0.05521208
16706,0.026936235
16707,0.09724777
16708,0.23999983
16709,0.045643236
16710,0.22793753
16711,0.09770575
16712,0.06999401
16713,0.01484082
16714,0.018595217
16715,0.022612046
16716,0.060036276
16717,0.081561096
16718,0.016835412
16719,0.13666998
16720,0.17565715
16721,0.25465417
16722,0.101396546
16723,0.047131665
16724,0.12006683
16725,0.18736994
16726,0.3965777
16727,0.06249663
16728,0.05555708
16729,0.020672232
16730,0.06346204
16731,0.48743993
16732,0.038153715
16733,0.048475474
16734,0.35890183
16735,0.15735278
16736,0.01284966
16737,0.019975096
16738,0.007269307
16739,0.04855515
16740,0.06902596
16741,0.2609955
16742,0.25571316
16743,0.011602328
16744,0.11390535
16745,0.102466516
16746,0.24335259
16747,0.15609588
16748,0.16059917
16749,0.25430718
16750,0.37111294
16751,0.08668298
16752,0.048152737
16753,0.09953058
16754,0.053623
16755,0.18409377
16756,0.89204603
16757,0.007032135
16758,0.047243353
16759,0.37911594
16760,0.04678627
16761,0.27115208
16762,0.056136753
16763,0.091564864
16764,0.022454439
16765,0.05669025
16766,0.0030030538
16767,0.48643774
16768,0.057935804
16769,0.08479509
16770,0.20433868
16771,0.1519197
16772,0.19561031
16773,0.39641768
16774,0.39821985
16775,0.026028967
16776,0.2568044
16777,0.1176699
16778,0.2383057
16779,0.8981334
16780,0.2975161
16781,0.29968277
16782,0.024473658
16783,0.22079322
16784,0.061408766
16785,0.030919565
16786,0.011616012
16787,0.069081075
16788,0.008645804
16789,0.011955997
16790,0.040529963
16791,0.07354991
16792,0.12959231
16793,0.1168534
16794,0.13248871
16795,0.099362545
16796,0.28807396
16797,0.10962075
16798,0.11903901
16799,0.25459275
16800,0.019562632
16801,0.058351897
16802,0.99590653
16803,0.90099376
16804,0.51537603
16805,0.022608293
16806,0.019090323
16807,0.07177647
16808,0.41748065
16809,0.06989859
16810,0.018222041
16811,0.06814477
16812,0.007374463
16813,0.06622667
16814,0.077842295
16815,0.077174835
16816,0.014557572
16817,0.41494364
16818,0.022819243
16819,0.042372536
16820,0.13208604
16821,0.12147438
16822,0.06192216
16823,0.047096934
16824,0.2507396
16825,0.39400527
16826,0.027853204
16827,0.122060455
16828,0.10276086
16829,0.22516657
16830,0.97473496
16831,0.9156932
16832,0.57115895
16833,0.016037958
16834,0.0635367
16835,0.023410195
16836,0.412452
16837,0.09040354
16838,0.25518855
16839,0.0458134
16840,0.095025204
16841,0.02510515
16842,0.09831303
16843,0.13580461
16844,0.16963564
16845,0.12507652
16846,0.4393848
16847,0.43187827
16848,0.25822905
16849,0.17144945
16850,0.110922456
16851,0.06987896
16852,0.2593729
16853,0.05544947
16854,0.040736932
16855,0.018620707
16856,0.12221533
16857,0.122729324
16858,0.07431796
16859,0.10171151
16860,0.026570123
16861,0.8674715
16862,0.9892354
16863,1.0009081
16864,0.12465496
16865,0.0398721
16866,0.22847274
16867,0.29682314
16868,0.026588798
16869,0.019274177
16870,0.018148663
16871,0.058371842
16872,0.12646784
16873,0.063972294
16874,0.41818172
16875,0.8774465
16876,0.08184867
16877,0.1315373
16878,0.13894893
16879,0.18305185
16880,0.073551066
16881,0.37028924
16882,0.22852683
16883,0.032964475
16884,0.10817755
16885,0.10093813
16886,0.10583205
16887,0.05859072
16888,0.02442987
16889,0.2763755
16890,0.2939691
16891,0.16949745
16892,0.07985601
16893,0.023301847
16894,0.109385155
16895,0.06382739
16896,0.27125007
16897,0.030715337
16898,0.03954509
16899,0.05304743
16900,0.01925526
16901,0.021458147
16902,0.04837365
16903,0.04901621
16904,0.44376442
16905,0.61256754
16906,0.28691086
16907,0.27807006
16908,0.12431885
16909,0.18175854
16910,0.23839194
16911,0.5707814
16912,0.07161505
16913,0.04234674
16914,0.03976591
16915,0.13577808
16916,0.2628966
16917,0.12674735
16918,0.29501277
16919,0.27634397
16920,0.2594456
16921,0.8686507
16922,0.21478674
16923,0.018083164
16924,0.13875696
16925,0.24035336
16926,0.018781755
16927,0.061980426
16928,0.19969933
16929,0.07899296
16930,0.04382385
16931,0.047266897
16932,0.053893533
16933,0.17456126
16934,0.37950608
16935,0.28588974
16936,0.5159381
16937,0.2866244
16938,0.16309418
16939,0.14051321
16940,0.37846765
16941,0.020920923
16942,0.15188852
16943,0.07123571
16944,0.050716665
16945,0.44682497
16946,0.2631008
16947,0.056599785
16948,0.014614156
16949,0.5702931
16950,0.3694956
16951,0.07011116
16952,0.113415964
16953,0.08431589
16954,0.052742973
16955,0.0104983905
16956,0.037924647
16957,0.06960669
16958,0.106141225
16959,0.12616481
16960,0.14481199
16961,0.39078277
16962,0.7309304
16963,0.43945956
16964,0.36061385
16965,0.6129845
16966,0.10459749
16967,0.06442889
16968,0.07449752
16969,0.23071946
16970,0.1901958
16971,0.07048155
16972,0.0255499
16973,0.0674986
16974,0.15020336
16975,0.019841392
16976,0.04494058
16977,0.11609688
16978,0.021263579
16979,0.036688983
16980,0.021068636
16981,0.013375297
16982,0.037935022
16983,0.0982222
16984,0.074996635
16985,0.095088355
16986,0.25242373
16987,0.27184057
16988,0.3833966
16989,0.6828645
16990,0.6015504
16991,0.28140494
16992,0.11168852
16993,0.0398042
16994,0.022176262
16995,0.05266275
16996,0.10446227
16997,0.016315384
16998,0.009813258
16999,0.025720408
17000,0.9629
17001,0.049989548
17002,0.016842412
17003,0.06529026
17004,0.043541264
17005,0.10092335
17006,0.037072107
17007,0.050767835
17008,0.0159648
17009,0.04424368
17010,0.015991706
17011,0.016469743
17012,0.032530367
17013,0.101890236
17014,0.1328423
17015,0.49853137
17016,0.39759454
17017,0.24605286
17018,0.9626056
17019,0.402062
17020,0.42798144
17021,0.26665667
17022,0.042698838
17023,0.03324028
17024,0.03170745
17025,0.053627234
17026,0.05523567
17027,0.03888927
17028,0.06018861
17029,0.38535705
17030,0.22770178
17031,0.39609128
17032,0.029598368
17033,0.08644537
17034,0.14073706
17035,0.13427451
17036,0.18691877
17037,0.056775633
17038,0.040116414
17039,0.009246987
17040,0.049202614
17041,0.1682621
17042,0.81297606
17043,0.37302852
17044,0.46222743
17045,0.25157484
17046,0.37102047
17047,0.16872305
17048,0.095237434
17049,0.03433142
17050,0.01212127
17051,0.023510734
17052,0.034452222
17053,0.12499138
17054,0.1322374
17055,0.063848324
17056,0.2793945
17057,0.06627044
17058,0.011332333
17059,0.38870123
17060,0.057470467
17061,0.013357952
17062,0.13258749
17063,0.24545763
17064,0.041001562
17065,0.0048121987
17066,0.3678179
17067,0.18227184
17068,0.08117048
17069,0.10351673
17070,0.027956903
17071,0.08894267
17072,0.08870161
17073,0.03895281
17074,0.12652837
17075,0.12424932
17076,0.04236564
17077,0.010477026
17078,0.23967057
17079,0.009881824
17080,0.103197716
17081,0.04093972
17082,0.14044566
17083,0.04564715
17084,0.060367446
17085,0.009484844
17086,0.058613226
17087,0.17603575
17088,0.3732675
17089,0.4396857
17090,0.0822341
17091,0.031233381
17092,0.0527372
17093,0.012707196
17094,0.072206475
17095,0.13147148
17096,0.01009355
17097,0.023111748
17098,0.017635338
17099,0.03325765
17100,0.010557688
17101,0.03096509
17102,0.090336144
17103,0.116586
17104,0.35646835
17105,0.017410493
17106,0.019056454
17107,0.060315818
17108,0.08127117
17109,0.09864074
17110,0.41436794
17111,0.08786599
17112,0.012088245
17113,0.12135787
17114,0.04085648
17115,0.07894599
17116,0.13099414
17117,0.051499594
17118,0.017714722
17119,0.19382647
17120,0.012326762
17121,0.015743054
17122,0.02965412
17123,0.15503164
17124,0.07349237
17125,0.05097899
17126,0.024874076
17127,0.034993373
17128,0.066408776
17129,0.29551092
17130,0.03155018
17131,0.018687414
17132,0.031431973
17133,0.043609917
17134,0.06947987
17135,0.18923391
17136,0.06984382
17137,0.24972486
17138,0.10507072
17139,0.032145288
17140,0.016720511
17141,0.04712594
17142,0.04660147
17143,0.02900757
17144,0.26604518
17145,0.12696533
17146,0.019530397
17147,0.11444636
17148,0.058789257
17149,0.013650155
17150,0.40217936
17151,0.5926544
17152,0.23442878
17153,0.047664274
17154,0.016838955
17155,0.09247431
17156,0.050381646
17157,0.08076245
17158,0.08292137
17159,0.08277901
17160,0.8859481
17161,0.019491874
17162,0.072022
17163,0.08377579
17164,0.0816084
17165,0.020050507
17166,0.040577114
17167,0.15370953
17168,0.4421236
17169,0.077975474
17170,0.16412856
17171,0.028708184
17172,0.03195317
17173,0.025336606
17174,0.09671546
17175,0.034825284
17176,0.027467646
17177,0.0036440194
17178,0.06014247
17179,0.042756356
17180,0.022808842
17181,0.057736136
17182,0.015678097
17183,0.016692283
17184,0.13010524
17185,0.04096194
17186,0.040529706
17187,0.016467048
17188,0.033013254
17189,0.07389971
17190,0.10107731
17191,0.022345405
17192,0.05754265
17193,0.7838009
17194,0.061764725
17195,0.108927086
17196,0.048275042
17197,0.03644283
17198,0.049857005
17199,0.06329486
17200,0.014211474
17201,0.019955697
17202,0.29296473
17203,0.029799437
17204,0.0031081913
17205,0.0024886536
17206,0.005156881
17207,0.016937515
17208,0.011019263
17209,0.049054164
17210,0.1070447
17211,0.018567417
17212,0.012543999
17213,0.11646689
17214,0.03880945
17215,0.028065631
17216,0.04003044
17217,0.39112595
17218,0.021239478
17219,0.008406681
17220,0.021035993
17221,0.044138014
17222,0.008190589
17223,0.03678654
17224,0.13433854
17225,0.07063382
17226,0.014534053
17227,0.017335298
17228,0.06019368
17229,0.15220395
17230,0.093806274
17231,0.07879359
17232,0.073875554
17233,0.025120862
17234,0.043089606
17235,0.0154646505
17236,0.22864632
17237,0.24870172
17238,0.12763387
17239,0.0072849942
17240,0.009165849
17241,0.037425254
17242,0.013532498
17243,0.0138196545
17244,0.018516852
17245,0.014324419
17246,0.020821769
17247,0.017503776
17248,0.015044426
17249,0.013226977
17250,0.019530319
17251,0.047248308
17252,0.05751047
17253,0.12148735
17254,0.0048513426
17255,0.14002477
17256,0.009213961
17257,0.18485889
17258,0.012958562
17259,0.029258823
17260,0.014187094
17261,0.010974203
17262,0.021650603
17263,0.021653874
17264,0.015940264
17265,0.03258242
17266,0.013623849
17267,0.008368614
17268,0.054740537
17269,0.027448462
17270,0.043160174
17271,0.05262837
17272,0.017335476
17273,0.013885158
17274,0.010019641
17275,0.10849299
17276,0.030642956
17277,0.050888263
17278,0.0041606124
17279,0.011141373
17280,0.03187078
17281,0.102075495
17282,0.0021808243
17283,0.010183142
17284,0.16226178
17285,0.057399992
17286,0.06461443
17287,0.067505635
17288,0.016027166
17289,0.08353951
17290,0.023884708
17291,0.010105014
17292,0.0038638248
17293,0.07817577
17294,0.079643905
17295,0.0078101424
17296,0.12875214
17297,0.019564038
17298,0.028559042
17299,0.038197435
17300,0.030196503
17301,0.024339875
17302,0.013407815
17303,0.011549146
17304,0.009948123
17305,0.03363098
17306,0.010428267
17307,0.04717855
17308,0.058763854
17309,0.0039575584
17310,0.23946004
17311,0.01799297
17312,0.027775723
17313,0.013482678
17314,0.004426945
17315,0.017521042
17316,0.04990322
17317,0.019377246
17318,0.015389538
17319,0.029470865
17320,0.014723852
17321,0.031055968
17322,0.0176634
17323,0.030849455
17324,0.104229435
17325,0.17621633
17326,0.07483368
17327,0.024132581
17328,0.030438134
17329,0.012351672
17330,0.05408365
17331,0.19684705
17332,0.031161057
17333,0.015902894
17334,0.0880749
17335,0.038339037
17336,0.028607452
17337,0.121548444
17338,0.053616475
17339,0.064042576
17340,0.14751896
17341,0.3702319
17342,0.019307595
17343,0.032984857
17344,0.023755882
17345,0.25898382
17346,0.045422405
17347,0.2910688
17348,0.086757846
17349,0.13574126
17350,0.047847748
17351,0.017989453
17352,0.013234297
17353,0.011671335
17354,0.0136605315
17355,0.34353337
17356,0.043588907
17357,0.62178236
17358,0.25512585
17359,0.049182277
17360,0.2516614
17361,0.028532803
17362,0.0514509
17363,0.034524135
17364,0.0138441855
17365,0.009192136
17366,0.0851056
17367,0.27204612
17368,0.44892314
17369,0.45683044
17370,0.116124146
17371,0.26469395
17372,0.053477842
17373,0.05206129
17374,0.051302373
17375,0.009849688
17376,0.08322804
17377,0.033340774
17378,0.40724257
17379,0.13116223
17380,0.2839069
17381,0.4755199
17382,0.09721653
17383,0.021842962
17384,0.5177778
17385,0.06378443
17386,0.29805532
17387,0.049033273
17388,0.054000348
17389,0.036164198
17390,0.054472707
17391,0.03308062
17392,0.095574215
17393,0.10428669
17394,0.095840216
17395,0.031169994
17396,0.042384174
17397,0.04870472
17398,0.39276937
17399,0.046700597
17400,0.037301864
17401,0.07041662
17402,0.064358875
17403,0.07644179
17404,0.03564707
17405,0.042541347
17406,0.04092272
17407,0.10358816
17408,0.032846306
17409,0.06854836
17410,0.17354198
17411,0.26956522
17412,0.040416855
17413,0.04596279
17414,0.023477899
17415,0.013931038
17416,0.013562004
17417,0.4697999
17418,0.14332305
17419,0.076401696
17420,0.4041533
17421,0.29424292
17422,0.008834527
17423,0.10431223
17424,0.048348144
17425,0.01898297
17426,0.020634282
17427,0.016086537
17428,0.006147208
17429,0.03681904
17430,0.0017319582
17431,0.055728093
17432,0.089825496
17433,0.09676978
17434,0.09303751
17435,0.26280105
17436,0.41498262
17437,0.018482262
17438,0.21058135
17439,0.052744944
17440,0.009205928
17441,0.028145447
17442,0.021827966
17443,0.033595864
17444,0.29393247
17445,0.044992436
17446,0.010443056
17447,0.04791636
17448,0.056957673
17449,0.22629939
17450,0.5469384
17451,0.053192373
17452,0.057619322
17453,0.022354787
17454,0.053526595
17455,0.059352033
17456,0.017767206
17457,0.027417604
17458,0.011283243
17459,0.14211574
17460,0.1802101
17461,0.09313329
17462,0.07495865
17463,0.0704202
17464,0.009730098
17465,0.044501834
17466,0.039243307
17467,0.032206535
17468,0.11265247
17469,0.06862256
17470,0.22187778
17471,0.015501347
17472,0.04545186
17473,0.03467913
17474,0.017509634
17475,0.013066348
17476,0.023873482
17477,0.039659668
17478,0.02177563
17479,0.021667136
17480,0.06420845
17481,0.219035
17482,0.26759717
17483,0.04296598
17484,0.041838106
17485,0.034839332
17486,0.107189745
17487,0.076411985
17488,0.013228816
17489,0.07158214
17490,0.014193675
17491,0.030265909
17492,0.1768969
17493,0.031878497
17494,0.025231125
17495,0.035063393
17496,0.07395108
17497,0.076089524
17498,0.23415446
17499,0.23850098
17500,0.24302253
17501,0.070332125
17502,0.049353756
17503,0.016845526
17504,0.06300891
17505,0.049503997
17506,0.009964974
17507,0.1377317
17508,0.048473623
17509,0.5057159
17510,0.11659062
17511,0.022405757
17512,0.11601564
17513,0.05278025
17514,0.052261006
17515,0.017181098
17516,0.097444564
17517,0.016459381
17518,0.023105545
17519,0.096248835
17520,0.044712692
17521,0.08749822
17522,0.06759673
17523,0.1270631
17524,0.23397478
17525,0.2987583
17526,0.07113187
17527,0.026955115
17528,0.076682515
17529,0.014921506
17530,0.039982438
17531,0.07531347
17532,0.0633116
17533,0.12119073
17534,0.04675465
17535,0.103456594
17536,0.03880205
17537,0.05922735
17538,0.03636294
17539,0.018603366
17540,0.1408985
17541,0.009184469
17542,0.033970755
17543,0.06964464
17544,0.03666617
17545,0.01317613
17546,0.02665626
17547,0.04405573
17548,0.0690924
17549,0.08871102
17550,0.1458282
17551,0.11411896
17552,0.23670034
17553,0.23308
17554,0.15486494
17555,0.011292647
17556,0.10038849
17557,0.05748288
17558,0.038858227
17559,0.086061984
17560,0.03461523
17561,0.044582978
17562,0.010917052
17563,0.049915303
17564,0.07680781
17565,0.03502801
17566,0.06061371
17567,0.0041331295
17568,0.023287693
17569,0.03107387
17570,0.09101168
17571,0.015759856
17572,0.04111962
17573,0.122935005
17574,0.08148828
17575,0.1519631
17576,0.34252104
17577,0.1227258
17578,0.12740014
17579,0.07253809
17580,0.09317546
17581,0.07463558
17582,0.09592618
17583,0.05466732
17584,0.010576012
17585,0.017469492
17586,0.2792792
17587,0.09160299
17588,0.08635919
17589,0.061342083
17590,0.08209209
17591,0.027730525
17592,0.01732811
17593,0.02105259
17594,0.044108912
17595,0.18494368
17596,0.07052072
17597,0.04969974
17598,0.13163465
17599,0.5893967
17600,0.101913735
17601,0.015738774
17602,0.36778915
17603,0.06974239
17604,0.24736
17605,0.19621243
17606,0.069053136
17607,0.018965818
17608,0.05280663
17609,0.11259046
17610,0.15849388
17611,0.047205452
17612,0.25399438
17613,0.09763658
17614,0.07484504
17615,0.012087223
17616,0.017598819
17617,0.023687495
17618,0.06486166
17619,0.080615
17620,0.015834128
17621,0.13467656
17622,0.15530936
17623,0.16613717
17624,0.101636305
17625,0.039226003
17626,0.12507282
17627,0.23787892
17628,0.36957547
17629,0.0629521
17630,0.057046335
17631,0.025287494
17632,0.009134764
17633,0.059734207
17634,0.5273194
17635,0.048582233
17636,0.39224303
17637,0.23948133
17638,0.014893182
17639,0.01060511
17640,0.011269483
17641,0.0439904
17642,0.069751084
17643,0.24079537
17644,0.25757685
17645,0.112838306
17646,0.0979988
17647,0.14408672
17648,0.16032436
17649,0.157536
17650,0.19512175
17651,0.38429382
17652,0.09630321
17653,0.047117595
17654,0.09487415
17655,0.052227177
17656,0.2830394
17657,0.8918808
17658,0.042222884
17659,0.3899078
17660,0.05216172
17661,0.27140218
17662,0.014352927
17663,0.057673585
17664,0.098275945
17665,0.017897395
17666,0.05758146
17667,0.0045397403
17668,0.47324377
17669,0.062241353
17670,0.09981538
17671,0.2625729
17672,0.15287255
17673,0.21087119
17674,0.37315184
17675,0.4174318
17676,0.16469796
17677,0.23157233
17678,0.23509128
17679,0.9565701
17680,0.30666482
17681,0.42611352
17682,0.023073502
17683,0.20689158
17684,0.071016036
17685,0.026389614
17686,0.018839307
17687,0.010346077
17688,0.06599929
17689,0.011401189
17690,0.046844754
17691,0.077953756
17692,0.11892102
17693,0.1173237
17694,0.13014363
17695,0.096843444
17696,0.2481433
17697,0.23129688
17698,0.100864835
17699,0.4101683
17700,0.016570872
17701,0.05518727
17702,0.968403
17703,0.92724407
17704,0.54259306
17705,0.0047845365
17706,0.02371817
17707,0.016552908
17708,0.07298363
17709,0.4253508
17710,0.08169886
17711,0.018725803
17712,0.06614001
17713,0.01075437
17714,0.06651272
17715,0.077295266
17716,0.06611145
17717,0.013118692
17718,0.39818436
17719,0.01971457
17720,0.042223666
17721,0.23960948
17722,0.11954488
17723,0.06373527
17724,0.053709272
17725,0.2599101
17726,0.38586584
17727,0.027402703
17728,0.11035966
17729,0.10644104
17730,0.10501102
17731,0.93527764
17732,0.9935142
17733,0.5358221
17734,0.014291887
17735,0.065139525
17736,0.018992992
17737,0.31115314
17738,0.08577349
17739,0.24559599
17740,0.089905545
17741,0.023211638
17742,0.12128828
17743,0.13202615
17744,0.16910054
17745,0.13792485
17746,0.4666382
17747,0.46199897
17748,0.25748405
17749,0.15180607
17750,0.10754014
17751,0.06932118
17752,0.119912215
17753,0.054812882
17754,0.03676116
17755,0.12652715
17756,0.13157798
17757,0.056290913
17758,0.10976162
17759,0.025252694
17760,0.821642
17761,1.0213182
17762,0.974518
17763,0.14647686
17764,0.045036264
17765,0.23585388
17766,0.2995487
17767,0.019719586
17768,0.01959873
17769,0.055985972
17770,0.123692624
17771,0.063733295
17772,0.40251118
17773,0.9666486
17774,0.07711437
17775,0.1277733
17776,0.103552885
17777,0.17391065
17778,0.07767273
17779,0.3793323
17780,0.11720638
17781,0.028597156
17782,0.08693812
17783,0.095970266
17784,0.10186136
17785,0.057785887
17786,0.024970064
17787,0.29223058
17788,0.3935301
17789,0.16947606
17790,0.075883076
17791,0.113588914
17792,0.07504949
17793,0.2728751
17794,0.028762432
17795,0.037925284
17796,0.055118438
17797,0.01724335
17798,0.023216836
17799,0.04954265
17800,0.050270475
17801,0.40152302
17802,0.7807884
17803,0.27006665
17804,0.2785432
17805,0.13455632
17806,0.18398218
17807,0.17404482
17808,0.6056301
17809,0.06894709
17810,0.030196313
17811,0.03183826
17812,0.03686141
17813,0.15337133
17814,0.16577265
17815,0.15924709
17816,0.44875687
17817,0.28071296
17818,0.25192854
17819,0.93206173
17820,0.1201317
17821,0.015296041
17822,0.1522316
17823,0.23761924
17824,0.020863738
17825,0.06303899
17826,0.17114739
17827,0.07663716
17828,0.043068822
17829,0.04582085
17830,0.04835234
17831,0.26080796
17832,0.40740836
17833,0.2823279
17834,0.508766
17835,0.4105578
17836,0.16338171
17837,0.14462097
17838,0.23843169
17839,0.023225818
17840,0.15699968
17841,0.07202147
17842,0.050483894
17843,0.44451937
17844,0.26586714
17845,0.06120683
17846,0.014079507
17847,0.5089124
17848,0.40090486
17849,0.07820206
17850,0.11767877
17851,0.085402705
17852,0.056439422
17853,0.0075148325
17854,0.03364804
17855,0.06949079
17856,0.11513351
17857,0.11667334
17858,0.15163863
17859,0.40422422
17860,0.74727845
17861,0.40609622
17862,0.39348814
17863,0.60389835
17864,0.095204145
17865,0.06704004
17866,0.060729753
17867,0.12488088
17868,0.17778867
17869,0.063972265
17870,0.024641214
17871,0.08270763
17872,0.13274324
17873,0.015749976
17874,0.04564988
17875,0.10137204
17876,0.020809794
17877,0.014238929
17878,0.01672132
17879,0.013297967
17880,0.033249103
17881,0.086871766
17882,0.07407936
17883,0.08657047
17884,0.24114583
17885,0.18761343
17886,0.3894923
17887,0.71889466
17888,0.6345106
17889,0.2815187
17890,0.10923257
17891,0.04145427
17892,0.020856243
17893,0.049732473
17894,0.10877365
17895,0.013857305
17896,0.0070598214
17897,0.028156472
17898,0.97891206
17899,0.051410522
17900,0.018079493
17901,0.064455576
17902,0.050787948
17903,0.0920693
17904,0.038285557
17905,0.051520754
17906,0.015730193
17907,0.041850585
17908,0.013318243
17909,0.018204994
17910,0.03497409
17911,0.09512882
17912,0.13052946
17913,0.5352212
17914,0.39964685
17915,0.2562729
17916,0.99000216
17917,0.39160845
17918,0.46463832
17919,0.25291917
17920,0.04065009
17921,0.029644437
17922,0.032100443
17923,0.05959299
17924,0.058868628
17925,0.031667594
17926,0.06493022
17927,0.42638975
17928,0.22368997
17929,0.38045496
17930,0.028344363
17931,0.08870736
17932,0.12112549
17933,0.12367618
17934,0.15318961
17935,0.044936925
17936,0.0323262
17937,0.045963198
17938,0.16528153
17939,0.92032826
17940,0.39591196
17941,0.481691
17942,0.45546788
17943,0.25600833
17944,0.2290055
17945,0.11019632
17946,0.04544089
17947,0.022107093
17948,0.009919417
17949,0.05901538
17950,0.030618396
17951,0.137408
17952,0.123021625
17953,0.0648153
17954,0.1798576
17955,0.024827948
17956,0.070953965
17957,0.013590293
17958,0.4110318
17959,0.051115908
17960,0.011460908
17961,0.011842532
17962,0.12410724
17963,0.23604727
17964,0.038178895
17965,0.0063787582
17966,0.23213299
17967,0.27060974
17968,0.07862737
17969,0.09077901
17970,0.03094795
17971,0.08954676
17972,0.084116265
17973,0.043610252
17974,0.12443282
17975,0.11691077
17976,0.04483099
17977,0.028527273
17978,0.12014103
17979,0.09382652
17980,0.041148126
17981,0.1407019
17982,0.04191709
17983,0.06408548
17984,0.0072839884
17985,0.05983837
17986,0.19799939
17987,0.37912437
17988,0.4374739
17989,0.115653634
17990,0.014730285
17991,0.029863747
17992,0.057119038
17993,0.011739338
17994,0.06732278
17995,0.16037056
17996,0.012567043
17997,0.025046313
17998,0.014712291
17999,0.01625685
18000,0.0122637255
18001,0.026040396
18002,0.09400144
18003,0.10902397
18004,0.42305014
18005,0.015418046
18006,0.01839817
18007,0.23269735
18008,0.08106802
18009,0.09225947
18010,0.40013933
18011,0.12124148
18012,0.010859462
18013,0.1242984
18014,0.03506431
18015,0.075523145
18016,0.1282216
18017,0.015988018
18018,0.18891975
18019,0.028313585
18020,0.15291059
18021,0.06793354
18022,0.053925022
18023,0.01671748
18024,0.033394285
18025,0.072652616
18026,0.3092226
18027,0.031269263
18028,0.018677944
18029,0.033665597
18030,0.04158091
18031,0.0660221
18032,0.17355962
18033,0.061686818
18034,0.25343576
18035,0.09028547
18036,0.02738279
18037,0.013571495
18038,0.04721636
18039,0.048460096
18040,0.032531343
18041,0.27557656
18042,0.1555984
18043,0.019305432
18044,0.11662209
18045,0.056456238
18046,0.00982567
18047,0.013557919
18048,0.39862624
18049,0.5019028
18050,0.24140105
18051,0.0528068
18052,0.08699941
18053,0.046491284
18054,0.042124897
18055,0.088393286
18056,0.10213948
18057,0.089601845
18058,0.91237307
18059,0.06912066
18060,0.013899556
18061,0.07108297
18062,0.07989118
18063,0.014920674
18064,0.039449397
18065,0.14056431
18066,0.47314787
18067,0.06620384
18068,0.23729965
18069,0.02676485
18070,0.040198896
18071,0.022364743
18072,0.09872551
18073,0.034483653
18074,0.028464863
18075,0.0037887788
18076,0.057045273
18077,0.05064301
18078,0.027770355
18079,0.01605767
18080,0.065992326
18081,0.016263623
18082,0.1393923
18083,0.034483552
18084,0.046488423
18085,0.015122811
18086,0.03356496
18087,0.08073743
18088,0.097049996
18089,0.019353608
18090,0.0502778
18091,0.932096
18092,0.06126802
18093,0.21786065
18094,0.04854875
18095,0.03400847
18096,0.048131816
18097,0.060977552
18098,0.015034732
18099,0.29815874
18100,0.027095279
18101,0.004820366
18102,0.016567297
18103,0.056213733
18104,0.10852015
18105,0.017063247
18106,0.10973919
18107,0.04098333
18108,0.023901857
18109,0.038397055
18110,0.3743846
18111,0.030485308
18112,0.019629374
18113,0.006632752
18114,0.019648558
18115,0.01132568
18116,0.047377285
18117,0.031820484
18118,0.13331753
18119,0.07198408
18120,0.014805437
18121,0.060459092
18122,0.16422434
18123,0.093576364
18124,0.078114346
18125,0.06470528
18126,0.03166551
18127,0.058953814
18128,0.23443003
18129,0.25331482
18130,0.1216612
18131,0.006321802
18132,0.04194157
18133,0.012386468
18134,0.012512144
18135,0.016392177
18136,0.012078211
18137,0.019399753
18138,0.016135918
18139,0.02726555
18140,0.051270377
18141,0.05414595
18142,0.12824386
18143,0.004437694
18144,0.13081823
18145,0.006891759
18146,0.17364645
18147,0.025184875
18148,0.009997414
18149,0.007862008
18150,0.015683789
18151,0.023100115
18152,0.011838718
18153,0.037741076
18154,0.0066225263
18155,0.07477981
18156,0.031717174
18157,0.046428457
18158,0.017414039
18159,0.057822403
18160,0.015275164
18161,0.008764433
18162,0.007125715
18163,0.009355011
18164,0.0998899
18165,0.026498849
18166,0.046940837
18167,0.003981738
18168,0.03010677
18169,0.015812512
18170,0.10229116
18171,0.26270795
18172,0.05486242
18173,0.069532946
18174,0.0704457
18175,0.06775046
18176,0.023495715
18177,0.007831348
18178,0.09519819
18179,0.10323075
18180,0.005173168
18181,0.14400782
18182,0.015844712
18183,0.028231237
18184,0.036250416
18185,0.03854106
18186,0.027003078
18187,0.029800598
18188,0.0055587613
18189,0.009125436
18190,0.0137564335
18191,0.0069517456
18192,0.03336404
18193,0.0092616165
18194,0.004568215
18195,0.070969604
18196,0.068951726
18197,0.005811618
18198,0.0021995988
18199,0.24801204
18200,0.016992962
18201,0.025205195
18202,0.016704228
18203,0.036638357
18204,0.0021278367
18205,0.009253938
18206,0.015128982
18207,0.049879637
18208,0.019818757
18209,0.011987257
18210,0.028674608
18211,0.034662217
18212,0.01016946
18213,0.011713053
18214,0.033205733
18215,0.14146541
18216,0.20005023
18217,0.019769365
18218,0.0918881
18219,0.02051401
18220,0.010919297
18221,0.031664576
18222,0.024088943
18223,0.21345495
18224,0.034369364
18225,0.023886947
18226,0.092544615
18227,0.029764196
18228,0.026638268
18229,0.11613508
18230,0.03195028
18231,0.046077162
18232,0.03718123
18233,0.36914852
18234,0.34623897
18235,0.034508478
18236,0.15824403
18237,0.053559706
18238,0.2892903
18239,0.082471155
18240,0.1363238
18241,0.014287209
18242,0.054808803
18243,0.058677554
18244,0.013428242
18245,0.24185172
18246,0.048107497
18247,0.5987943
18248,0.2566058
18249,0.041843742
18250,0.12272151
18251,0.044515524
18252,0.010214212
18253,0.03379666
18254,0.020743955
18255,0.052942228
18256,0.03716142
18257,0.014880916
18258,0.013347919
18259,0.09642666
18260,0.2521619
18261,0.5007669
18262,0.41624525
18263,0.07152802
18264,0.26661855
18265,0.019480286
18266,0.0698512
18267,0.05402248
18268,0.054865066
18269,0.07380655
18270,0.40931234
18271,0.1494856
18272,0.14874537
18273,0.5141919
18274,0.09645886
18275,0.026305411
18276,0.4959303
18277,0.06645359
18278,0.5090691
18279,0.055206973
18280,0.04814622
18281,0.03779215
18282,0.057663172
18283,0.09889535
18284,0.23391572
18285,0.093405955
18286,0.028230485
18287,0.03240454
18288,0.04129569
18289,0.30511338
18290,0.050621253
18291,0.036195815
18292,0.06549786
18293,0.06695017
18294,0.08088486
18295,0.038676366
18296,0.041391402
18297,0.104429066
18298,0.06940096
18299,0.16236213
18300,0.28637028
18301,0.03870762
18302,0.04001338
18303,0.028032014
18304,0.013735034
18305,0.44804886
18306,0.121668234
18307,0.07874353
18308,0.2935064
18309,0.3007528
18310,0.07406436
18311,0.051860563
18312,0.015504587
18313,0.0216679
18314,0.01300698
18315,0.0071141496
18316,0.0054714405
18317,0.057728373
18318,0.012398101
18319,0.100538656
18320,0.09400798
18321,0.09534888
18322,0.13911164
18323,0.42064226
18324,0.016476871
18325,0.24088292
18326,0.05398414
18327,0.006195127
18328,0.028010493
18329,0.023345651
18330,0.18555908
18331,0.048616026
18332,0.009906552
18333,0.035276968
18334,0.051403407
18335,0.026487235
18336,0.14001021
18337,0.51114786
18338,0.056958854
18339,0.06823752
18340,0.018625194
18341,0.022173297
18342,0.057635494
18343,0.06913277
18344,0.009147347
18345,0.03091547
18346,0.010406013
18347,0.12683834
18348,0.1687721
18349,0.101796366
18350,0.09599019
18351,0.06474351
18352,0.03877072
18353,0.03746388
18354,0.031033328
18355,0.04048166
18356,0.10280557
18357,0.068471916
18358,0.22107448
18359,0.016139483
18360,0.045834266
18361,0.03338867
18362,0.019460192
18363,0.015429778
18364,0.025578393
18365,0.041264236
18366,0.022539495
18367,0.06552703
18368,0.21151076
18369,0.379773
18370,0.044345267
18371,0.0432136
18372,0.03213244
18373,0.10817483
18374,0.061495654
18375,0.013165399
18376,0.06109355
18377,0.16715863
18378,0.031149412
18379,0.021435214
18380,0.032727685
18381,0.0041768593
18382,0.21366228
18383,0.077813886
18384,0.24078377
18385,0.24800585
18386,0.24877231
18387,0.07200982
18388,0.04668027
18389,0.019409196
18390,0.054671887
18391,0.04926099
18392,0.009532125
18393,0.13396575
18394,0.04916392
18395,0.55784327
18396,0.11728588
18397,0.019472972
18398,0.115928344
18399,0.057725903
18400,0.047644377
18401,0.01817054
18402,0.08129012
18403,0.03030841
18404,0.01867042
18405,0.024122164
18406,0.08786975
18407,0.0508225
18408,0.22238643
18409,0.07076973
18410,0.11859831
18411,0.242633
18412,0.38002968
18413,0.08277931
18414,0.025927419
18415,0.09055621
18416,0.015427799
18417,0.040215615
18418,0.0075393035
18419,0.026869545
18420,0.006618807
18421,0.079054765
18422,0.060799226
18423,0.12248773
18424,0.05026929
18425,0.104436494
18426,0.039282776
18427,0.056156408
18428,0.038538862
18429,0.13016231
18430,0.034046218
18431,0.06864733
18432,0.03622588
18433,0.026251798
18434,0.043928213
18435,0.07528747
18436,0.08713125
18437,0.14058065
18438,0.12125669
18439,0.24856758
18440,0.14362605
18441,0.16490409
18442,0.012718596
18443,0.101767674
18444,0.012065507
18445,0.057105858
18446,0.008487786
18447,0.043411456
18448,0.09584912
18449,0.01787327
18450,0.048256543
18451,0.044421934
18452,0.011435639
18453,0.056578297
18454,0.074618824
18455,0.03331529
18456,0.060411345
18457,0.024475276
18458,0.091101326
18459,0.016180415
18460,0.038577557
18461,0.13881499
18462,0.07179808
18463,0.17194645
18464,0.3138233
18465,0.124013774
18466,0.13139774
18467,0.06880609
18468,0.09648725
18469,0.079359695
18470,0.091561615
18471,0.057091378
18472,0.008200111
18473,0.0172776
18474,0.19436488
18475,0.07394089
18476,0.08686089
18477,0.05559165
18478,0.079251654
18479,0.021203352
18480,0.01832226
18481,0.021081928
18482,0.045677666
18483,0.19530839
18484,0.0681616
18485,0.050183047
18486,0.12643835
18487,0.6311437
18488,0.110516325
18489,0.016381215
18490,0.38456795
18491,0.06886054
18492,0.24467936
18493,0.1882394
18494,0.071688116
18495,0.01881726
18496,0.054451223
18497,0.056404676
18498,0.03462229
18499,0.10650888
18500,0.1534312
18501,0.055377465
18502,0.23664784
18503,0.086088285
18504,0.06770598
18505,0.013098493
18506,0.018024063
18507,0.021602225
18508,0.06331414
18509,0.0787389
18510,0.015062722
18511,0.1321712
18512,0.15648533
18513,0.25405154
18514,0.10432302
18515,0.03795096
18516,0.12181726
18517,0.17779146
18518,0.39545453
18519,0.071485974
18520,0.056508433
18521,0.022500074
18522,0.008591708
18523,0.06847384
18524,0.49237934
18525,0.039569046
18526,0.06477679
18527,0.3788069
18528,0.1780483
18529,0.017084116
18530,0.010090322
18531,0.008298372
18532,0.048662663
18533,0.07115454
18534,0.24343091
18535,0.24736606
18536,0.10970289
18537,0.09587428
18538,0.146098
18539,0.16379794
18540,0.15278816
18541,0.18160786
18542,0.37834367
18543,0.09310625
18544,0.018099848
18545,0.05109499
18546,0.09752434
18547,0.058091413
18548,0.3776747
18549,0.90162235
18550,0.0027083661
18551,0.040417735
18552,0.3971459
18553,0.048319284
18554,0.38013354
18555,0.057088908
18556,0.09443239
18557,0.019818095
18558,0.056742664
18559,0.50493157
18560,0.06369638
18561,0.08494136
18562,0.26548514
18563,0.15282053
18564,0.2512859
18565,0.3796962
18566,0.40888238
18567,0.02507038
18568,0.2529232
18569,0.23617807
18570,0.119798504
18571,0.8398593
18572,0.30310094
18573,0.42611352
18574,0.028167231
18575,0.10627594
18576,0.07737269
18577,0.026389614
18578,0.019281287
18579,0.008656853
18580,0.011958648
18581,0.068707235
18582,0.0066268984
18583,0.011141555
18584,0.029053077
18585,0.22881761
18586,0.12776016
18587,0.11722039
18588,0.13701792
18589,0.095595285
18590,0.24895848
18591,0.22941747
18592,0.027088422
18593,0.10192818
18594,0.26313472
18595,0.066261284
18596,0.95140284
18597,0.8921846
18598,0.5348828
18599,0.026228964
18600,0.0726968
18601,0.40040436
18602,0.07936679
18603,0.014884833
18604,0.07033505
18605,0.009929793
18606,0.07367121
18607,0.074056596
18608,0.07065639
18609,0.018018354
18610,0.40318304
18611,0.020117592
18612,0.04281192
18613,0.13027674
18614,0.112357646
18615,0.06355309
18616,0.04774178
18617,0.24293436
18618,0.37039217
18619,0.02461312
18620,0.11063847
18621,0.09506891
18622,0.23039983
18623,1.0337116
18624,0.8209653
18625,0.5577268
18626,0.016130323
18627,0.057503175
18628,0.018894166
18629,0.32918498
18630,0.08903963
18631,0.2594987
18632,0.08004071
18633,0.02068356
18634,0.109878935
18635,0.15480147
18636,0.16080919
18637,0.14813143
18638,0.44652218
18639,0.4428087
18640,0.2524307
18641,0.16798313
18642,0.102297015
18643,0.067923486
18644,0.1132368
18645,0.047850065
18646,0.03344012
18647,0.117993236
18648,0.1557065
18649,0.060461894
18650,0.1080781
18651,0.025142645
18652,0.8249828
18653,1.0293459
18654,1.0188061
18655,0.14071229
18656,0.042193286
18657,0.1425044
18658,0.36922267
18659,0.020533793
18660,0.018381799
18661,0.018247858
18662,0.05929392
18663,0.12539612
18664,0.05701464
18665,0.4151102
18666,0.9677233
18667,0.07604398
18668,0.12181459
18669,0.12519531
18670,0.17448093
18671,0.07774174
18672,0.37261876
18673,0.22942065
18674,0.032523572
18675,0.09193278
18676,0.090191506
18677,0.09409347
18678,0.051352736
18679,0.02480863
18680,0.28288445
18681,0.30219337
18682,0.16278216
18683,0.0778695
18684,0.02234778
18685,0.10846316
18686,0.06982822
18687,0.26935232
18688,0.029372325
18689,0.034845933
18690,0.058768697
18691,0.015918646
18692,0.021051891
18693,0.0541
18694,0.04869441
18695,0.4172246
18696,0.58397955
18697,0.2783137
18698,0.19300267
18699,0.13716021
18700,0.18725319
18701,0.15856135
18702,0.53618723
18703,0.06651164
18704,0.029515812
18705,0.03750057
18706,0.032900434
18707,0.14871146
18708,0.1817423
18709,0.15176296
18710,0.41827193
18711,0.2626641
18712,0.2502933
18713,0.9494637
18714,0.10082874
18715,0.013834326
18716,0.14826095
18717,0.24329285
18718,0.019152518
18719,0.066844374
18720,0.43582618
18721,0.07672921
18722,0.041544396
18723,0.044639755
18724,0.052535992
18725,0.2560908
18726,0.4006278
18727,0.38498247
18728,0.5525746
18729,0.40822014
18730,0.16517173
18731,0.14709215
18732,0.35903773
18733,0.1708178
18734,0.07854738
18735,0.05236132
18736,0.45273244
18737,0.26066953
18738,0.05115729
18739,0.012039194
18740,0.51634574
18741,0.3005905
18742,0.00556705
18743,0.077705964
18744,0.114321746
18745,0.08158056
18746,0.0486984
18747,0.010288154
18748,0.009065591
18749,0.018132746
18750,0.034519497
18751,0.069998935
18752,0.10783051
18753,0.120705985
18754,0.14392258
18755,0.39715913
18756,0.7591873
18757,0.40022856
18758,0.37676528
18759,0.61126924
18760,0.096353106
18761,0.015326796
18762,0.06283162
18763,0.07347702
18764,0.13983262
18765,0.18478352
18766,0.068441324
18767,0.024109297
18768,0.070702165
18769,0.14189051
18770,0.016280051
18771,0.001240852
18772,0.051720586
18773,0.10393559
18774,0.021805115
18775,0.015478152
18776,0.037561636
18777,0.016489025
18778,0.009490396
18779,0.033013657
18780,0.08465019
18781,0.071730174
18782,0.08076044
18783,0.39522383
18784,0.1828493
18785,0.38879618
18786,0.730742
18787,0.57534784
18788,0.28516278
18789,0.10252319
18790,0.04412797
18791,0.01780596
18792,0.050928194
18793,0.1049567
18794,0.014238381
18795,0.0076255924
18796,0.02667979
18797,0.98865527
18798,0.049882308
18799,0.015785933
18800,0.07400329
18801,0.04945434
18802,0.091733605
18803,0.03879786
18804,0.049788017
18805,0.04258995
18806,0.015034876
18807,0.0178785
18808,0.035025205
18809,0.094833404
18810,0.14208557
18811,0.5731342
18812,0.39565066
18813,0.24851719
18814,0.9992519
18815,0.39335614
18816,0.3996619
18817,0.26114553
18818,0.007849297
18819,0.037761196
18820,0.032568395
18821,0.040242456
18822,0.053930115
18823,0.051971618
18824,0.016521877
18825,0.034678932
18826,0.07154391
18827,0.39968103
18828,0.08869556
18829,0.37112582
18830,0.026408324
18831,0.0930021
18832,0.123129494
18833,0.12561187
18834,0.15510415
18835,0.042229548
18836,0.03339702
18837,0.04581967
18838,0.1578818
18839,0.921132
18840,0.41795906
18841,0.48676515
18842,0.25940073
18843,0.37946215
18844,0.16840805
18845,0.10033136
18846,0.035780154
18847,0.008558458
18848,0.055933207
18849,0.026923442
18850,0.1175612
18851,0.13561888
18852,0.06690502
18853,0.26521572
18854,0.02828289
18855,0.068526976
18856,0.011084466
18857,0.25055757
18858,0.050288484
18859,0.013324732
18860,0.013079834
18861,0.1212258
18862,0.250118
18863,0.041199196
18864,0.00587488
18865,0.38032657
18866,0.26372388
18867,0.0787335
18868,0.09765873
18869,0.029158685
18870,0.09523041
18871,0.082927644
18872,0.049605366
18873,0.118366
18874,0.11160677
18875,0.03898562
18876,0.012676301
18877,0.22652811
18878,0.0864991
18879,0.040398765
18880,0.14482442
18881,0.042603593
18882,0.06351209
18883,0.00882453
18884,0.056971792
18885,0.18186928
18886,0.40653536
18887,0.48066142
18888,0.11099955
18889,0.01591892
18890,0.027384574
18891,0.058496285
18892,0.06510687
18893,0.1320217
18894,0.012372275
18895,0.032451827
18896,0.014137634
18897,0.019590124
18898,0.009370443
18899,0.030787544
18900,0.08652215
18901,0.11456548
18902,0.38470232
18903,0.014259616
18904,0.017633907
18905,0.23437744
18906,0.081566714
18907,0.09149206
18908,0.41741294
18909,0.120033346
18910,0.012314319
18911,0.009666356
18912,0.23212644
18913,0.036486976
18914,0.01678033
18915,0.08046153
18916,0.14273301
18917,0.049219612
18918,0.015200239
18919,0.18960892
18920,0.015339041
18921,0.03201379
18922,0.14687856
18923,0.07550772
18924,0.047645804
18925,0.03405635
18926,0.07266004
18927,0.3017896
18928,0.029410886
18929,0.015399205
18930,0.029799616
18931,0.041086607
18932,0.065568976
18933,0.18570156
18934,0.066197395
18935,0.24847983
18936,0.10203054
18937,0.029883107
18938,0.012814705
18939,0.04807934
18940,0.046425782
18941,0.028214118
18942,0.26875845
18943,0.14362031
18944,0.017335445
18945,0.11165843
18946,0.061956145
18947,0.009892231
18948,0.38870573
18949,0.6213113
18950,0.13014711
18951,0.047082476
18952,0.01149716
18953,0.08028991
18954,0.054339267
18955,0.033250067
18956,0.088438466
18957,0.083629765
18958,0.08645324
18959,0.889944
18960,0.0693286
18961,0.014220825
18962,0.06912696
18963,0.08100691
18964,0.015699875
18965,0.14999719
18966,0.32800072
18967,0.07093181
18968,0.14696917
18969,0.040012073
18970,0.023547273
18971,0.10004907
18972,0.034748096
18973,0.027093194
18974,0.007087894
18975,0.06266661
18976,0.050793406
18977,0.029144267
18978,0.01779918
18979,0.058506604
18980,0.016728925
18981,0.14251171
18982,0.04091659
18983,0.030926382
18984,0.080497175
18985,0.10262525
18986,0.023161134
18987,0.051935893
18988,0.9255059
18989,0.053255793
18990,0.09589637
18991,0.05281682
18992,0.035962272
18993,0.0475282
18994,0.061282896
18995,0.015724933
18996,0.017243067
18997,0.3823238
18998,0.027533533
18999,0.004372775
19000,0.0014336837
19001,0.0045154095
19002,0.013751234
19003,0.010525993
19004,0.058351815
19005,0.10670621
19006,0.018964704
19007,0.008829095
19008,0.11086867
19009,0.044131946
19010,0.0062214336
19011,0.039836545
19012,0.27178776
19013,0.019993646
19014,0.0029853883
19015,0.02054112
19016,0.012761296
19017,0.049147245
19018,0.007308004
19019,0.03946756
19020,0.0043969606
19021,0.1255808
19022,0.06668539
19023,0.0046868613
19024,0.014580441
19025,0.014865312
19026,0.013204588
19027,0.06531538
19028,0.1631874
19029,0.10020209
19030,0.079147294
19031,0.06855563
19032,0.03139143
19033,0.051455475
19034,0.23186524
19035,0.23986389
19036,0.25442806
19037,0.0058174767
19038,0.03448788
19039,0.015103783
19040,0.013253231
19041,0.015234788
19042,0.012820852
19043,0.01874145
19044,0.011317553
19045,0.016868297
19046,0.016665481
19047,0.009263964
19048,0.024559788
19049,0.060099404
19050,0.060566876
19051,0.12522753
19052,0.00451778
19053,0.010187396
19054,0.13538967
19055,0.008060522
19056,0.27017137
19057,0.012320289
19058,0.028148482
19059,0.013311843
19060,0.009606387
19061,0.018129354
19062,0.019966729
19063,0.014628641
19064,0.033213533
19065,0.012438136
19066,0.075213276
19067,0.030213172
19068,0.045333255
19069,0.01294261
19070,0.054036643
19071,0.016715864
19072,0.013948808
19073,0.008463883
19074,0.10426872
19075,0.02501966
19076,0.047323942
19077,0.028933221
19078,0.008310263
19079,0.017010031
19080,0.11892362
19081,0.0143352365
19082,0.011263896
19083,0.011978714
19084,0.26609585
19085,0.06328514
19086,0.06336429
19087,0.07634714
19088,0.014350982
19089,0.06669228
19090,0.025051525
19091,0.009772976
19092,0.094666034
19093,0.015403889
19094,0.09845718
19095,0.15971632
19096,0.016867215
19097,0.0357604
19098,0.038174618
19099,0.026866836
19100,0.02848184
19101,0.010336628
19102,0.006867078
19103,0.00782182
19104,0.03093502
19105,0.010989911
19106,0.012024324
19107,0.0572926
19108,0.06497241
19109,0.19442797
19110,0.026632795
19111,0.0020448049
19112,0.01657969
19113,0.05045872
19114,0.020999782
19115,0.027746558
19116,0.014759938
19117,0.033822447
19118,0.011713053
19119,0.150092
19120,0.1771397
19121,0.094493
19122,0.021293236
19123,0.01273303
19124,0.035728026
19125,0.024003303
19126,0.058213398
19127,0.048271313
19128,0.035351567
19129,0.027740793
19130,0.03484
19131,0.09691367
19132,0.045248497
19133,0.0046767164
19134,0.10889806
19135,0.05253379
19136,0.054460574
19137,0.14655271
19138,0.352273
19139,0.24225569
19140,0.042662177
19141,0.20243031
19142,0.10276247
19143,0.2639142
19144,0.05214946
19145,0.07360767
19146,0.058375
19147,0.013126009
19148,0.11789932
19149,0.050188914
19150,0.6065024
19151,0.2462156
19152,0.008971201
19153,0.11092146
19154,0.02868178
19155,0.04917165
19156,0.036349453
19157,0.015473134
19158,0.011297191
19159,0.09542193
19160,0.25793064
19161,0.29358107
19162,0.4697886
19163,0.067270234
19164,0.11599208
19165,0.124027826
19166,0.017997276
19167,0.054243993
19168,0.050541483
19169,0.059344217
19170,0.09490423
19171,0.035046354
19172,0.39871112
19173,0.14135505
19174,0.15207282
19175,0.46176517
19176,0.019853106
19177,0.47101185
19178,0.012716843
19179,0.07241852
19180,0.492026
19181,0.055547066
19182,0.050073072
19183,0.04251534
19184,0.055541165
19185,0.10992361
19186,0.12518412
19187,0.09064585
19188,0.032827992
19189,0.031421166
19190,0.05380127
19191,0.30479473
19192,0.049197357
19193,0.03393966
19194,0.059568383
19195,0.06136912
19196,0.09417728
19197,0.033063445
19198,0.12186242
19199,0.068224356
19200,0.16923642
19201,0.1761642
19202,0.054675743
19203,0.04370271
19204,0.011718389
19205,0.012117024
19206,0.45273826
19207,0.14169823
19208,0.086279914
19209,0.40100777
19210,0.4376999
19211,0.10331266
19212,0.0423646
19213,0.011626904
19214,0.016665658
19215,0.015231996
19216,0.0056805196
19217,0.035263095
19218,0.010808718
19219,0.09582301
19220,0.090028435
19221,0.112496324
19222,0.16372223
19223,0.41864136
19224,0.018526629
19225,0.22358553
19226,0.05065529
19227,0.0069038603
19228,0.028238993
19229,0.02297068
19230,0.031513203
19231,0.26713696
19232,0.01695155
19233,0.03957125
19234,0.06711344
19235,0.05632919
19236,0.028800003
19237,0.24209161
19238,0.49724865
19239,0.060133144
19240,0.059671383
19241,0.022067588
19242,0.023146244
19243,0.054154642
19244,0.06200926
19245,0.032895226
19246,0.12636183
19247,0.1762004
19248,0.092776395
19249,0.07734998
19250,0.05993264
19251,0.038023107
19252,0.034244888
19253,0.034217626
19254,0.04380963
19255,0.12665632
19256,0.06833654
19257,0.25019816
19258,0.013936515
19259,0.047609035
19260,0.03473036
19261,0.017347487
19262,0.014560146
19263,0.022835428
19264,0.038885973
19265,0.021894205
19266,0.06424599
19267,0.23059586
19268,0.3935548
19269,0.04355643
19270,0.04257329
19271,0.031597484
19272,0.10906685
19273,0.070409276
19274,0.012947135
19275,0.06670328
19276,0.029583475
19277,0.17066936
19278,0.03213373
19279,0.02385022
19280,0.034403812
19281,0.008621047
19282,0.23091654
19283,0.071241945
19284,0.24616976
19285,0.2507351
19286,0.2458085
19287,0.07847888
19288,0.049632587
19289,0.018792868
19290,0.05783414
19291,0.050513174
19292,0.009574552
19293,0.13037486
19294,0.048167072
19295,0.4779057
19296,0.1211922
19297,0.019757941
19298,0.112128094
19299,0.058078084
19300,0.022752026
19301,0.009554286
19302,0.096777685
19303,0.033865087
19304,0.012829924
19305,0.01768029
19306,0.020892894
19307,0.08363323
19308,0.05032225
19309,0.20656927
19310,0.071691
19311,0.123430446
19312,0.23510641
19313,0.3787853
19314,0.0750641
19315,0.025528194
19316,0.07753424
19317,0.01749384
19318,0.036191966
19319,0.0058150794
19320,0.028538004
19321,0.006504596
19322,0.07697416
19323,0.06307181
19324,0.12784538
19325,0.049337223
19326,0.0939738
19327,0.040056333
19328,0.058603812
19329,0.03531984
19330,0.1410258
19331,0.008450711
19332,0.06218746
19333,0.036496133
19334,0.011494308
19335,0.027767502
19336,0.043193426
19337,0.073140964
19338,0.08418038
19339,0.14596504
19340,0.12150434
19341,0.24910024
19342,0.14371222
19343,0.1612507
19344,0.013238774
19345,0.0993887
19346,0.054805595
19347,0.040505715
19348,0.083987124
19349,0.022007642
19350,0.05169541
19351,0.041318357
19352,0.05603573
19353,0.076168135
19354,0.032940306
19355,0.06356127
19356,0.029200712
19357,0.030438866
19358,0.092112824
19359,0.0146623235
19360,0.04137118
19361,0.14034046
19362,0.071523175
19363,0.16102564
19364,0.33670104
19365,0.117766395
19366,0.2588317
19367,0.07066676
19368,0.09808675
19369,0.07937361
19370,0.09160552
19371,0.058809843
19372,0.013146518
19373,0.022964222
19374,0.27999857
19375,0.07470933
19376,0.07339099
19377,0.054989513
19378,0.07488476
19379,0.020664603
19380,0.022040693
19381,0.049199145
19382,0.31565937
19383,0.073531024
19384,0.046012923
19385,0.12338366
19386,0.6191104
19387,0.09846137
19388,0.017385295
19389,0.35221416
19390,0.070480846
19391,0.2414304
19392,0.19961819
19393,0.068160556
19394,0.021113941
19395,0.050256547
19396,0.031842332
19397,0.103342205
19398,0.15400356
19399,0.045925487
19400,0.16805668
19401,0.09542137
19402,0.0694523
19403,0.017883938
19404,0.018904671
19405,0.062606044
19406,0.078136235
19407,0.014902909
19408,0.14005977
19409,0.16626231
19410,0.16893065
19411,0.102596395
19412,0.037933014
19413,0.11944339
19414,0.18242612
19415,0.35634744
19416,0.069568925
19417,0.011026308
19418,0.049602456
19419,0.02023482
19420,0.007082418
19421,0.06536462
19422,0.46077806
19423,0.04196133
19424,0.0512659
19425,0.36491874
19426,0.23873954
19427,0.010661552
19428,0.009396582
19429,0.04330607
19430,0.073099755
19431,0.24054328
19432,0.38298637
19433,0.11206482
19434,0.10464745
19435,0.257525
19436,0.15895969
19437,0.16259402
19438,0.25463715
19439,0.36869636
19440,0.098149106
19441,0.048804086
19442,0.08647988
19443,0.055663764
19444,0.28663486
19445,0.863573
19446,0.043327767
19447,0.31170708
19448,0.044461608
19449,0.19891478
19450,0.057088908
19451,0.09659113
19452,0.018646419
19453,0.057418406
19454,0.0038588403
19455,0.48722047
19456,0.2558323
19457,0.0935514
19458,0.26491636
19459,0.16283444
19460,0.26135957
19461,0.38687104
19462,0.37836653
19463,0.028182808
19464,0.17323169
19465,0.22121958
19466,0.116867624
19467,0.9474345
19468,0.43746656
19469,0.40678558
19470,0.024405511
19471,0.2030325
19472,0.08210633
19473,0.020620769
19474,0.008150548
19475,0.065992504
19476,0.013419224
19477,0.033713274
19478,0.077474326
19479,0.12373416
19480,0.112019345
19481,0.120646104
19482,0.09459032
19483,0.3740475
19484,0.3725212
19485,0.028556751
19486,0.112511836
19487,0.42240378
19488,0.019181196
19489,0.05943143
19490,0.9635856
19491,0.89472413
19492,0.5402571
19493,0.00307212
19494,0.013039676
19495,0.07035122
19496,0.43408847
19497,0.088168696
19498,0.015056683
19499,0.058952425
19500,0.006548332
19501,0.010587138
19502,0.06371681
19503,0.07560493
19504,0.068989694
19505,0.011338581
19506,0.41582572
19507,0.017038355
19508,0.040544566
19509,0.12587976
19510,0.11433928
19511,0.06301495
19512,0.049678702
19513,0.45222467
19514,0.3676349
19515,0.025359897
19516,0.11447458
19517,0.09790932
19518,0.10146895
19519,0.96374
19520,0.8494696
19521,0.57207423
19522,0.05465587
19523,0.02169264
19524,0.0063168667
19525,0.31112432
19526,0.079933845
19527,0.18398502
19528,0.04038578
19529,0.093411624
19530,0.02253071
19531,0.108603016
19532,0.13066259
19533,0.16661803
19534,0.1433818
19535,0.46883965
19536,0.446043
19537,0.30072346
19538,0.16969308
19539,0.10361563
19540,0.06812974
19541,0.11761821
19542,0.051268686
19543,0.040202778
19544,0.02282073
19545,0.1255486
19546,0.15384527
19547,0.06294808
19548,0.10244563
19549,0.024771474
19550,0.86679417
19551,1.0030129
19552,0.9498072
19553,0.13358387
19554,0.042193286
19555,0.23537052
19556,0.0124982605
19557,0.42530087
19558,0.020413905
19559,0.018479884
19560,0.018170713
19561,0.057374716
19562,0.120583996
19563,0.060233682
19564,0.40769604
19565,0.98236984
19566,0.07493985
19567,0.12506844
19568,0.11369085
19569,0.1683547
19570,0.0727042
19571,0.38503605
19572,0.23219219
19573,0.031660132
19574,0.09188353
19575,0.10332914
19576,0.10186136
19577,0.053537946
19578,0.025983267
19579,0.2757723
19580,0.28601876
19581,0.17648076
19582,0.076798335
19583,0.10714691
19584,0.077047825
19585,0.26217017
19586,0.02894973
19587,0.037442483
19588,0.056491617
19589,0.017849283
19590,0.022045564
19591,0.050705224
19592,0.05398082
19593,0.39510077
19594,0.58002186
19595,0.27268392
19596,0.18556947
19597,0.13705315
19598,0.20589311
19599,0.15622337
19600,0.60449785
19601,0.07026369
19602,0.027215764
19603,0.038684454
19604,0.03072101
19605,0.15132324
19606,0.14778058
19607,0.2441335
19608,0.46788326
19609,0.37266353
19610,0.16284554
19611,0.8361155
19612,0.13425708
19613,0.014464242
19614,0.15573707
19615,0.24230437
19616,0.016605193
19617,0.06462683
19618,0.28693813
19619,0.07403239
19620,0.042376462
19621,0.04355814
19622,0.053196773
19623,0.25779265
19624,0.40292072
19625,0.28336984
19626,0.5048736
19627,0.3940299
19628,0.16004638
19629,0.14941475
19630,0.35468084
19631,0.020729283
19632,0.15910235
19633,0.08515675
19634,0.047440246
19635,0.44242415
19636,0.27682438
19637,0.05129646
19638,0.4838457
19639,0.40630558
19640,0.07416972
19641,0.12118216
19642,0.0726235
19643,0.04663225
19644,0.008976585
19645,0.015224406
19646,0.037750952
19647,0.06641406
19648,0.11871708
19649,0.117964365
19650,0.13616465
19651,0.38941413
19652,0.7662067
19653,0.4032378
19654,0.39408582
19655,0.60502136
19656,0.09601749
19657,0.07023394
19658,0.063961856
19659,0.13673286
19660,0.25308463
19661,0.0643933
19662,0.02450773
19663,0.070624396
19664,0.13964312
19665,0.01914055
19666,0.0008698954
19667,0.05011988
19668,0.09795053
19669,0.019561568
19670,0.013478459
19671,0.03541752
19672,0.018801745
19673,0.012635463
19674,0.035375502
19675,0.0885863
19676,0.075542934
19677,0.08644981
19678,0.25530294
19679,0.17489848
19680,0.35351855
19681,0.6607638
19682,0.6602764
19683,0.28757337
19684,0.101918496
19685,0.046228293
19686,0.021013228
19687,0.05150088
19688,0.11702499
19689,0.01318714
19690,0.0054182517
19691,1.0080495
19692,0.053250372
19693,0.015015441
19694,0.061678756
19695,0.043266874
19696,0.09635958
19697,0.042349357
19698,0.052267034
19699,0.04008849
19700,0.01789733
19701,0.017138135
19702,0.036947247
19703,0.10123474
19704,0.13458265
19705,0.5400378
19706,0.40121973
19707,0.24253778
19708,0.97481054
19709,0.395484
19710,0.43681288
19711,0.24368055
19712,0.03967351
19713,0.031666715
19714,0.03716921
19715,0.050843302
19716,0.05176058
19717,0.035341494
19718,0.06575984
19719,0.42195764
19720,0.09722292
19721,0.4113874
19722,0.03171164
19723,0.09524613
19724,0.12380048
19725,0.14288017
19726,0.18530414
19727,0.046402797
19728,0.03269486
19729,0.009775272
19730,0.047034305
19731,0.15946832
19732,0.8999922
19733,0.4280066
19734,0.5049006
19735,0.3914211
19736,0.2679763
19737,0.17058988
19738,0.110097855
19739,0.03542562
19740,0.024698975
19741,0.01136253
19742,0.057377968
19743,0.029000375
19744,0.119797334
19745,0.12893817
19746,0.07385425
19747,0.2793547
19748,0.02851329
19749,0.06810833
19750,0.25471517
19751,0.05084654
19752,0.010849016
19753,0.0137599865
19754,0.12285749
19755,0.23518088
19756,0.037948247
19757,0.004110214
19758,0.23639315
19759,0.260515
19760,0.08055913
19761,0.090644576
19762,0.027477473
19763,0.09233609
19764,0.08834444
19765,0.038002063
19766,0.1245403
19767,0.11377121
19768,0.04212222
19769,0.024917474
19770,0.22963542
19771,0.013271555
19772,0.087710485
19773,0.043198057
19774,0.14588875
19775,0.041030496
19776,0.06671727
19777,0.0080511635
19778,0.059267197
19779,0.19799939
19780,0.4007948
19781,0.49104273
19782,0.11428588
19783,0.01538884
19784,0.028202698
19785,0.05163972
19786,0.014772259
19787,0.06337391
19788,0.12897803
19789,0.012548597
19790,0.026287945
19791,0.014490614
19792,0.016680678
19793,0.011564273
19794,0.027064493
19795,0.085931666
19796,0.10512813
19797,0.39646554
19798,0.012585692
19799,0.018652778
19800,0.062430896
19801,0.07681591
19802,0.09571958
19803,0.413497
19804,0.11480049
19805,0.12709789
19806,0.038297325
19807,0.076141275
19808,0.13763018
19809,0.052836657
19810,0.014222432
19811,0.008707569
19812,0.27482793
19813,0.013435783
19814,0.029766265
19815,0.153502
19816,0.075520545
19817,0.047454067
19818,0.017900063
19819,0.031177653
19820,0.063312955
19821,0.2948603
19822,0.03012519
19823,0.016202888
19824,0.03141371
19825,0.04107666
19826,0.06029465
19827,0.17857559
19828,0.065140836
19829,0.25425735
19830,0.09712227
19831,0.027555237
19832,0.049353983
19833,0.049114138
19834,0.03169901
19835,0.2513048
19836,0.14892893
19837,0.01838819
19838,0.10919021
19839,0.0565005
19840,0.010244467
19841,0.011030243
19842,0.37259656
19843,0.5432845
19844,0.23044722
19845,0.053921778
19846,0.08754687
19847,0.051176775
19848,0.034468364
19849,0.092090406
19850,0.09379668
19851,0.10408442
19852,0.8703577
19853,0.015053133
19854,0.06757575
19855,0.011776894
19856,0.084155224
19857,0.07717962
19858,0.01680611
19859,0.037564475
19860,0.13684738
19861,0.32695705
19862,0.068743095
19863,0.14759275
19864,0.024876112
19865,0.031447537
19866,0.01126439
19867,0.022342928
19868,0.09762531
19869,0.03422594
19870,0.02549588
19871,0.0038833434
19872,0.057754856
19873,0.049794465
19874,0.02617982
19875,0.01594943
19876,0.058541045
19877,0.015829766
19878,0.13143593
19879,0.04395685
19880,0.029337114
19881,0.07164025
19882,0.105821535
19883,0.02109117
19884,0.051049788
19885,0.8611607
19886,0.058493003
19887,0.11789634
19888,0.045905344
19889,0.03368467
19890,0.049581207
19891,0.06100786
19892,0.013396434
19893,0.017195208
19894,0.30451998
19895,0.02694639
19896,0.004985093
19897,0.015400509
19898,0.009804551
19899,0.05122066
19900,0.1023014
19901,0.020928646
19902,0.009658828
19903,0.11828941
19904,0.03869947
19905,0.020289036
19906,0.0027826915
19907,0.04034351
19908,0.39027077
19909,0.03032817
19910,0.0014334578
19911,0.019095393
19912,0.011409701
19913,0.04675313
19914,0.031551532
19915,0.12603642
19916,0.07494438
19917,0.014969726
19918,0.013987479
19919,0.059867427
19920,0.24490674
19921,0.09940333
19922,0.083230816
19923,0.067472585
19924,0.030939467
19925,0.05659917
19926,0.015224859
19927,0.23399301
19928,0.16853999
19929,0.3235926
19930,0.0060855234
19931,0.010176442
19932,0.015562436
19933,0.012010851
19934,0.016148958
19935,0.012014896
19936,0.018525219
19937,0.0070758243
19938,0.016907677
19939,0.013761164
19940,0.020436138
19941,0.056585036
19942,0.057729732
19943,0.14030012
19944,0.13607499
19945,0.26801735
19946,0.026995528
19947,0.010753099
19948,0.019217413
19949,0.02139291
19950,0.0066676848
19951,0.014326975
19952,0.030233135
19953,0.013021229
19954,0.022035912
19955,0.0067099365
19956,0.008373943
19957,0.05677348
19958,0.027038792
19959,0.04575161
19960,0.012561016
19961,0.053102694
19962,0.01432808
19963,0.011108081
19964,0.007928834
19965,0.11971295
19966,0.027455447
19967,0.046496265
19968,0.010101525
19969,0.03113457
19970,0.013327357
19971,0.015201183
19972,0.10737753
19973,0.011425054
19974,0.2601171
19975,0.054444645
19976,0.06555027
19977,0.06896716
19978,0.06730692
19979,0.020130662
19980,0.009414484
19981,0.103569664
19982,0.014635196
19983,0.097266
19984,0.14681895
19985,0.014798507
19986,0.028441971
19987,0.036304127
19988,0.039193135
19989,0.025265925
19990,0.012535283
19991,0.006696078
19992,0.012045062
19993,0.013119234
19994,0.0063414467
19995,0.034625355
19996,0.010011178
19997,0.067528255
19998,0.06553103
19999,0.17006578
20000,0.018167464
20001,0.004486375
20002,0.01173608
20003,0.01472091
20004,0.04950923
20005,0.020466836
20006,0.011935499
20007,0.027894797
20008,0.03187963
20009,0.010534213
20010,0.031275917
20011,0.14862409
20012,0.18852803
20013,0.008738213
20014,0.09033685
20015,0.019833343
20016,0.034703102
20017,0.040549617
20018,0.02867786
20019,0.015325361
20020,0.047048632
20021,0.039467435
20022,0.09863394
20023,0.034918647
20024,0.03226043
20025,0.12883066
20026,0.033881094
20027,0.028529754
20028,0.054019846
20029,0.15615408
20030,0.23335199
20031,0.2524381
20032,0.37512356
20033,0.08267296
20034,0.24712953
20035,0.050919138
20036,0.0484263
20037,0.043389034
20038,0.012973321
20039,0.1089716
20040,0.05056297
20041,0.62458295
20042,0.12986925
20043,0.04218193
20044,0.11577399
20045,0.04143921
20046,0.008848493
20047,0.05453889
20048,0.041163966
20049,0.015797248
20050,0.094081394
20051,0.11888823
20052,0.52702147
20053,0.48187125
20054,0.040159896
20055,0.1257651
20056,0.26584607
20057,0.018765226
20058,0.05326456
20059,0.056826428
20060,0.057214264
20061,0.09217678
20062,0.40148458
20063,0.15043594
20064,0.16217215
20065,0.46542475
20066,0.45594865
20067,0.061669845
20068,0.3055749
20069,0.05065441
20070,0.05911191
20071,0.03636544
20072,0.053886004
20073,0.0945774
20074,0.10771415
20075,0.03169742
20076,0.029989751
20077,0.056314018
20078,0.39235002
20079,0.053852372
20080,0.038767293
20081,0.066722356
20082,0.059836455
20083,0.08238811
20084,0.033481035
20085,0.111746944
20086,0.033733223
20087,0.07197319
20088,0.27051556
20089,0.17404167
20090,0.042259593
20091,0.0372121
20092,0.014152293
20093,0.014924337
20094,0.01450578
20095,0.46501452
20096,0.14832082
20097,0.08162871
20098,0.28024536
20099,0.45005944
20100,0.0062853396
20101,0.09647173
20102,0.042896684
20103,0.009758874
20104,0.014112411
20105,0.0139257815
20106,0.040724374
20107,0.010128235
20108,0.0911253
20109,0.08552713
20110,0.0913914
20111,0.2602285
20112,0.44405693
20113,0.21122229
20114,0.058464583
20115,0.008346517
20116,0.023174116
20117,0.033553448
20118,0.27609608
20119,0.043254487
20120,0.06427098
20121,0.06685366
20122,0.2314301
20123,0.32708618
20124,0.062341638
20125,0.06639461
20126,0.018781127
20127,0.021787139
20128,0.057506513
20129,0.06784395
20130,0.02806822
20131,0.13404937
20132,0.166508
20133,0.09647731
20134,0.08294691
20135,0.06395012
20136,0.04211193
20137,0.03523811
20138,0.03246965
20139,0.039240044
20140,0.08709248
20141,0.06481976
20142,0.22079606
20143,0.016011447
20144,0.049630407
20145,0.03523287
20146,0.017300442
20147,0.01563475
20148,0.024488447
20149,0.036829554
20150,0.020309338
20151,0.062413976
20152,0.18821031
20153,0.27102557
20154,0.04734397
20155,0.040249113
20156,0.031372417
20157,0.09567113
20158,0.06756812
20159,0.05856444
20160,0.02827973
20161,0.17463079
20162,0.032260016
20163,0.025339931
20164,0.037212353
20165,0.0046365326
20166,0.07335933
20167,0.0772438
20168,0.23268944
20169,0.232309
20170,0.2520721
20171,0.07490698
20172,0.047318142
20173,0.018084373
20174,0.049947694
20175,0.050795574
20176,0.010347664
20177,0.13117692
20178,0.04643141
20179,0.5134076
20180,0.11667219
20181,0.01979983
20182,0.112228304
20183,0.054102667
20184,0.04838855
20185,0.018090095
20186,0.017103456
20187,0.0108945435
20188,0.09130984
20189,0.017853871
20190,0.02095314
20191,0.087997794
20192,0.047290634
20193,0.089270025
20194,0.068882264
20195,0.121682
20196,0.3752327
20197,0.37567496
20198,0.24012016
20199,0.025924744
20200,0.07933568
20201,0.016721519
20202,0.03917518
20203,0.025929019
20204,0.008144811
20205,0.075348906
20206,0.06245361
20207,0.12294296
20208,0.05391226
20209,0.09803021
20210,0.037822228
20211,0.064257875
20212,0.03609977
20213,0.016319474
20214,0.021305263
20215,0.1440441
20216,0.009705791
20217,0.031769548
20218,0.06373955
20219,0.03301343
20220,0.012716703
20221,0.026412122
20222,0.043193426
20223,0.072907425
20224,0.08885276
20225,0.14252903
20226,0.112018846
20227,0.18790624
20228,0.2465954
20229,0.26932374
20230,0.013524394
20231,0.10050315
20232,0.05625833
20233,0.0105507625
20234,0.03676984
20235,0.08082085
20236,0.04912645
20237,0.039135806
20238,0.057459977
20239,0.07762524
20240,0.030418277
20241,0.072754115
20242,0.022923615
20243,0.030106934
20244,0.08802559
20245,0.018171351
20246,0.04580941
20247,0.12990643
20248,0.081644475
20249,0.1597733
20250,0.3308563
20251,0.11604913
20252,0.2321695
20253,0.068854496
20254,0.09697844
20255,0.08054967
20256,0.090368785
20257,0.058969792
20258,0.018405756
20259,0.28241366
20260,0.07925984
20261,0.07930492
20262,0.056340765
20263,0.07583618
20264,0.01889944
20265,0.018308993
20266,0.021797271
20267,0.046020925
20268,0.3085305
20269,0.074419744
20270,0.052872874
20271,0.12715526
20272,0.5890343
20273,0.1097584
20274,0.016489023
20275,0.37875903
20276,0.068033986
20277,0.24392976
20278,0.18096521
20279,0.072686054
20280,0.007822682
20281,0.01882183
20282,0.0519869
20283,0.04222451
20284,0.1075657
20285,0.16604209
20286,0.044850335
20287,0.22905731
20288,0.09884329
20289,0.0046412176
20290,0.07093956
20291,0.016983414
20292,0.05834622
20293,0.08384814
20294,0.023497052
20295,0.14360978
20296,0.15468106
20297,0.25432822
20298,0.097513855
20299,0.040194202
20300,0.12700738
20301,0.2466658
20302,0.3716168
20303,0.06443957
20304,0.05779214
20305,0.022231877
20306,0.010624548
20307,0.06394996
20308,0.44961187
20309,0.036996335
20310,0.07117847
20311,0.39084712
20312,0.23771326
20313,0.008486684
20314,0.014327753
20315,0.011120172
20316,0.0474
20317,0.06608698
20318,0.25821665
20319,0.4020117
20320,0.10600721
20321,0.09492615
20322,0.24893445
20323,0.16099106
20324,0.15448698
20325,0.25869498
20326,0.37265104
20327,0.080532305
20328,0.047445074
20329,0.07896272
20330,0.06407723
20331,0.28652942
20332,0.9163662
20333,0.005592687
20334,0.050024133
20335,0.3055218
20336,0.04951592
20337,0.2113286
20338,0.014404632
20339,0.056963928
20340,0.08940007
20341,0.017331583
20342,0.063026614
20343,0.47824025
20344,0.23291534
20345,0.0938846
20346,0.19273807
20347,0.1499755
20348,0.2412549
20349,0.39123526
20350,0.384732
20351,0.02980988
20352,0.17116456
20353,0.23412798
20354,0.117602736
20355,0.94877356
20356,0.41574574
20357,0.41442287
20358,0.002820456
20359,0.022153374
20360,0.20706157
20361,0.06124162
20362,0.029610062
20363,0.016961308
20364,0.06653731
20365,0.004026779
20366,0.0077833184
20367,0.012817599
20368,0.033713274
20369,0.074196
20370,0.10722133
20371,0.11148464
20372,0.12818004
20373,0.09865587
20374,0.4322834
20375,0.2435548
20376,0.029985327
20377,0.10385738
20378,0.20644994
20379,0.017657239
20380,0.06702386
20381,1.0275477
20382,0.9473902
20383,0.5803206
20384,0.022299785
20385,0.06999005
20386,0.42567202
20387,0.08838737
20388,0.017917264
20389,0.06505904
20390,0.00745064
20391,0.06268263
20392,0.07734596
20393,0.062576465
20394,0.015162734
20395,0.3898938
20396,0.016195748
20397,0.040935446
20398,0.1343591
20399,0.11265193
20400,0.06319723
20401,0.05226456
20402,0.43395242
20403,0.33003753
20404,0.026110526
20405,0.11625783
20406,0.10315885
20407,0.10437895
20408,0.98267186
20409,0.80093515
20410,0.5743942
20411,0.014645512
20412,0.074592315
20413,0.02568939
20414,0.41242617
20415,0.0815256
20416,0.25847703
20417,0.035752192
20418,0.089180976
20419,0.021509564
20420,0.11305049
20421,0.1568146
20422,0.16560327
20423,0.14167504
20424,0.47029418
20425,0.42403343
20426,0.2555823
20427,0.15243219
20428,0.11296451
20429,0.06902979
20430,0.115549065
20431,0.05550978
20432,0.03490128
20433,0.13723707
20434,0.15116721
20435,0.06577354
20436,0.21960868
20437,0.025896983
20438,0.9177354
20439,1.0123564
20440,1.0019068
20441,0.1419849
20442,0.04059639
20443,0.2307323
20444,0.011277477
20445,0.42383212
20446,0.025860507
20447,0.019988716
20448,0.017366152
20449,0.057485055
20450,0.12686348
20451,0.060380343
20452,0.39092192
20453,0.9870477
20454,0.08384593
20455,0.12796244
20456,0.1206949
20457,0.2602002
20458,0.07195439
20459,0.3959202
20460,0.25575712
20461,0.030397227
20462,0.08708992
20463,0.095301695
20464,0.10496146
20465,0.053667527
20466,0.021882253
20467,0.2992891
20468,0.28523594
20469,0.16701761
20470,0.07785475
20471,0.022940703
20472,0.102800965
20473,0.07192988
20474,0.1906388
20475,0.027881766
20476,0.03581888
20477,0.05764328
20478,0.019903459
20479,0.020174969
20480,0.052485038
20481,0.04681772
20482,0.409464
20483,0.61877996
20484,0.38350007
20485,0.26438543
20486,0.11911173
20487,0.18280742
20488,0.16220771
20489,0.4925485
20490,0.06191581
20491,0.037596297
20492,0.031661317
20493,0.16442671
20494,0.17150939
20495,0.1501718
20496,0.31441942
20497,0.37733608
20498,0.15952027
20499,0.91825736
20500,0.110225305
20501,0.016081572
20502,0.13624269
20503,0.24858184
20504,0.022008149
20505,0.06574541
20506,0.29102448
20507,0.07515431
20508,0.037466686
20509,0.043182164
20510,0.053269044
20511,0.17220005
20512,0.42971152
20513,0.29419622
20514,0.551267
20515,0.30736014
20516,0.1708263
20517,0.13892776
20518,0.36161825
20519,0.23021136
20520,0.081676126
20521,0.049110956
20522,0.43885374
20523,0.20146625
20524,0.053291496
20525,0.5435123
20526,0.27111953
20527,0.0048480444
20528,0.07751993
20529,0.11826408
20530,0.08607065
20531,0.04184962
20532,0.015828812
20533,0.035793163
20534,0.068311624
20535,0.107088424
20536,0.11331766
20537,0.14714096
20538,0.3976775
20539,0.74716854
20540,0.40335646
20541,0.3858579
20542,0.525948
20543,0.09998185
20544,0.0676443
20545,0.06312051
20546,0.12420334
20547,0.20181398
20548,0.062153287
20549,0.027837358
20550,0.07911018
20551,0.14222212
20552,0.019634917
20553,0.0030032557
20554,0.04886973
20555,0.104395226
20556,0.019575013
20557,0.03933321
20558,0.012010315
20559,0.032942146
20560,0.088020034
20561,0.07309211
20562,0.089048594
20563,0.38496995
20564,0.2636812
20565,0.365699
20566,0.6381196
20567,0.5764028
20568,0.2790689
20569,0.10880623
20570,0.04495391
20571,0.01760533
20572,0.053059567
20573,0.10861132
20574,0.013283199
20575,0.008271761
20576,0.033253472
20577,0.9625597
20578,0.05407628
20579,0.014255098
20580,0.06724876
20581,0.047493298
20582,0.09194744
20583,0.041316025
20584,0.05186726
20585,0.0139272725
20586,0.041452654
20587,0.01692529
20588,0.015369982
20589,0.03176773
20590,0.096085764
20591,0.13468201
20592,0.5554155
20593,0.3856237
20594,0.3100046
20595,0.9774848
20596,0.39249295
20597,0.43959913
20598,0.24432781
20599,0.028582128
20600,0.03552123
20601,0.057385683
20602,0.059704665
20603,0.015349935
20604,0.03411852
20605,0.061141014
20606,0.41621163
20607,0.089654975
20608,0.3864483
20609,0.027962092
20610,0.086878985
20611,0.119157486
20612,0.13129137
20613,0.15979576
20614,0.044267166
20615,0.009145659
20616,0.045902476
20617,0.1644857
20618,0.9353366
20619,0.40218145
20620,0.44532552
20621,0.25218967
20622,0.37000898
20623,0.16603705
20624,0.10047252
20625,0.041817755
20626,0.0099057825
20627,0.05754622
20628,0.032981664
20629,0.116314374
20630,0.12463644
20631,0.068874426
20632,0.37919462
20633,0.025186135
20634,0.075688794
20635,0.0096250065
20636,0.37426797
20637,0.05018426
20638,0.009967098
20639,0.010905435
20640,0.12486893
20641,0.38669628
20642,0.038188662
20643,0.0028149178
20644,0.24300139
20645,0.2584016
20646,0.07838549
20647,0.09524341
20648,0.029099308
20649,0.0913078
20650,0.08227249
20651,0.045588225
20652,0.14090686
20653,0.11055339
20654,0.041655444
20655,0.024919773
20656,0.009038074
20657,0.12188614
20658,0.013830061
20659,0.095175885
20660,0.0061479965
20661,0.038394276
20662,0.14644311
20663,0.03960439
20664,0.065717906
20665,0.006447007
20666,0.05868957
20667,0.17602807
20668,0.37875292
20669,0.4605057
20670,0.104235075
20671,0.011112708
20672,0.029521268
20673,0.053918358
20674,0.016905425
20675,0.07106397
20676,0.13701913
20677,0.014007887
20678,0.029732954
20679,0.012511137
20680,0.028210208
20681,0.01510523
20682,0.02656566
20683,0.093489744
20684,0.113610335
20685,0.38490605
20686,0.016106505
20687,0.014993143
20688,0.2246813
20689,0.08477852
20690,0.10240979
20691,0.40483293
20692,0.116639145
20693,0.012268636
20694,0.15113227
20695,0.034407753
20696,0.013029761
20697,0.07810973
20698,0.12808411
20699,0.050740533
20700,0.01315274
20701,0.011184305
20702,0.27677453
20703,0.018277928
20704,0.017229533
20705,0.028887337
20706,0.15121682
20707,0.07014735
20708,0.049513537
20709,0.01705752
20710,0.02863325
20711,0.07507746
20712,0.29541063
20713,0.028040992
20714,0.0051817973
20715,0.014962036
20716,0.030533778
20717,0.045190983
20718,0.07187605
20719,0.2558349
20720,0.06255527
20721,0.25102815
20722,0.09077779
20723,0.03232886
20724,0.013956669
20725,0.05000103
20726,0.047554065
20727,0.032613933
20728,0.17981656
20729,0.015938498
20730,0.15786289
20731,0.01645898
20732,0.1091824
20733,0.059158232
20734,0.013803521
20735,0.38678524
20736,0.53188825
20737,0.12192653
20738,0.03805051
20739,0.013996654
20740,0.08275007
20741,0.051651616
20742,0.035723034
20743,0.09732807
20744,0.07809721
20745,0.08630256
20746,0.85509783
20747,0.014930091
20748,0.06805827
20749,0.06947609
20750,0.07506113
20751,0.017386626
20752,0.0384907
20753,0.14308847
20754,0.46024737
20755,0.07681143
20756,0.14621061
20757,0.024692785
20758,0.05070775
20759,0.010170707
20760,0.024909217
20761,0.09646946
20762,0.033719964
20763,0.024598131
20764,0.060364112
20765,0.043886364
20766,0.02668129
20767,0.055591356
20768,0.012199705
20769,0.01431977
20770,0.13510711
20771,0.037944164
20772,0.03761105
20773,0.014872219
20774,0.028002799
20775,0.07017802
20776,0.10667019
20777,0.022810314
20778,0.053619996
20779,0.9374364
20780,0.05729321
20781,0.097089246
20782,0.038714167
20783,0.04571342
20784,0.060562056
20785,0.015763862
20786,0.017796064
20787,0.42023602
20788,0.026813108
20789,0.0046133474
20790,0.015591548
20791,0.058599744
20792,0.11405543
20793,0.01908138
20794,0.008367782
20795,0.112773195
20796,0.043751966
20797,0.029526047
20798,0.03842657
20799,0.39068183
20800,0.028837403
20801,0.018691635
20802,0.018632265
20803,0.011724865
20804,0.05020369
20805,0.03458152
20806,0.13205633
20807,0.0715004
20808,0.014287912
20809,0.014868984
20810,0.0068592364
20811,0.05808885
20812,0.23540826
20813,0.09911269
20814,0.08018356
20815,0.07046629
20816,0.03133461
20817,0.050583612
20818,0.01650612
20819,0.22843087
20820,0.24249315
20821,0.35345623
20822,0.009550694
20823,0.013254653
20824,0.011134491
20825,0.010096403
20826,0.020961307
20827,0.008649137
20828,0.010641731
20829,0.016427707
20830,0.0127957715
20831,0.007808462
20832,0.02392714
20833,0.05090576
20834,0.060100857
20835,0.12576593
20836,0.01694077
20837,0.13330016
20838,0.008041326
20839,0.27750537
20840,0.007894149
20841,0.009232115
20842,0.025721828
20843,0.012989003
20844,0.016642414
20845,0.019583968
20846,0.014361842
20847,0.03156632
20848,0.068816386
20849,0.030589914
20850,0.047016
20851,0.05996163
20852,0.013630934
20853,0.009510599
20854,0.01631438
20855,0.0062363707
20856,0.09918699
20857,0.025754213
20858,0.049519278
20859,0.00742685
20860,0.033190623
20861,0.013816603
20862,0.111383386
20863,0.011322705
20864,0.012277653
20865,0.3721028
20866,0.0562131
20867,0.07351642
20868,0.058520738
20869,0.02312539
20870,0.010060239
20871,0.099032275
20872,0.018573044
20873,0.09874299
20874,0.14851137
20875,0.015348722
20876,0.029250426
20877,0.044815626
20878,0.038790267
20879,0.027667997
20880,0.028130045
20881,0.009696776
20882,0.007931853
20883,0.033250403
20884,0.0090966495
20885,0.05908891
20886,0.064672515
20887,0.031924676
20888,0.008294575
20889,0.1784863
20890,0.019194871
20891,0.027319254
20892,0.035155613
20893,0.009914104
20894,0.01652032
20895,0.0507471
20896,0.022728572
20897,0.013444006
20898,0.029350927
20899,0.03299681
20900,0.030685233
20901,0.14735357
20902,0.18435092
20903,0.020004751
20904,0.08766349
20905,0.02085621
20906,0.01614469
20907,0.05260292
20908,0.03066098
20909,0.025513066
20910,0.031360235
20911,0.033660322
20912,0.12663753
20913,0.041824263
20914,0.13721293
20915,0.032031424
20916,0.039961204
20917,0.037651673
20918,0.22107333
20919,0.3446676
20920,0.14136763
20921,0.04483842
20922,0.27958646
20923,0.076863624
20924,0.24944326
20925,0.046579633
20926,0.014111476
20927,0.07441806
20928,0.008748245
20929,0.018701188
20930,0.012038778
20931,0.08673417
20932,0.039578192
20933,0.6487178
20934,0.14387621
20935,0.110555746
20936,0.047368366
20937,0.010019243
20938,0.023984669
20939,0.04665076
20940,0.027943525
20941,0.030760411
20942,0.08997662
20943,0.1111662
20944,0.51355684
20945,0.4599813
20946,0.03753833
20947,0.064592995
20948,0.10643908
20949,0.40051723
20950,0.06334028
20951,0.05090115
20952,0.047111787
20953,0.039535776
20954,0.3902486
20955,0.12606125
20956,0.14235222
20957,0.4931097
20958,0.10971743
20959,0.4867765
20960,0.06725209
20961,0.5366473
20962,0.049952507
20963,0.050376985
20964,0.03298578
20965,0.06950886
20966,0.09368447
20967,0.11571936
20968,0.09162594
20969,0.02826351
20970,0.053201422
20971,0.4036573
20972,0.053644374
20973,0.029715102
20974,0.07693713
20975,0.06412204
20976,0.07810434
20977,0.028910218
20978,0.026940597
20979,0.10274056
20980,0.029829396
20981,0.0664036
20982,0.23183322
20983,0.07671351
20984,0.17592919
20985,0.04488106
20986,0.047668543
20987,0.038527254
20988,0.014174503
20989,0.42362478
20990,0.13495074
20991,0.07549914
20992,0.15151174
20993,0.4567643
20994,0.09181257
20995,0.043673366
20996,0.010972441
20997,0.0142276855
20998,0.01468849
20999,0.0027797085
21000,0.03596937
21001,0.007603365
21002,0.07676567
21003,0.09007169
21004,0.095751576
21005,0.14370547
21006,0.2883643
21007,0.2245808
21008,0.047185395
21009,0.028557263
21010,0.02194751
21011,0.032512538
21012,0.2713978
21013,0.01963368
21014,0.046965305
21015,0.06471277
21016,0.046911176
21017,0.028117383
21018,0.1149922
21019,0.47122216
21020,0.05485901
21021,0.06518116
21022,0.016144827
21023,0.02278044
21024,0.057162613
21025,0.077740826
21026,0.027006006
21027,0.010504642
21028,0.12422817
21029,0.16267648
21030,0.09731778
21031,0.086653434
21032,0.057580847
21033,0.009730039
21034,0.039306853
21035,0.03579128
21036,0.029441828
21037,0.037119173
21038,0.11283366
21039,0.069755
21040,0.23576126
21041,0.010721815
21042,0.03855566
21043,0.03301063
21044,0.016370723
21045,0.015571837
21046,0.024658049
21047,0.036586843
21048,0.024565693
21049,0.06109476
21050,0.18858828
21051,0.37654996
21052,0.042792823
21053,0.03757097
21054,0.032029517
21055,0.09592563
21056,0.0513037
21057,0.014683791
21058,0.06926932
21059,0.025473233
21060,0.183948
21061,0.031619538
21062,0.025640076
21063,0.030823255
21064,0.0045381035
21065,0.2133312
21066,0.06858235
21067,0.22637582
21068,0.21122041
21069,0.3921265
21070,0.07324159
21071,0.055078905
21072,0.01914039
21073,0.056648273
21074,0.042587034
21075,0.011872419
21076,0.14006627
21077,0.0461877
21078,0.5759081
21079,0.11242221
21080,0.018949127
21081,0.107626714
21082,0.053012133
21083,0.04968283
21084,0.022238025
21085,0.012286927
21086,0.007031406
21087,0.010491078
21088,0.080770396
21089,0.016731797
21090,0.01820466
21091,0.08896577
21092,0.045485932
21093,0.09754734
21094,0.0674804
21095,0.12792835
21096,0.22848003
21097,0.38592207
21098,0.07326585
21099,0.024708636
21100,0.07453235
21101,0.01273727
21102,0.039463148
21103,0.025013227
21104,0.0075297547
21105,0.072700396
21106,0.056560576
21107,0.12467823
21108,0.055948544
21109,0.099574
21110,0.0389936
21111,0.05372164
21112,0.028289372
21113,0.013774113
21114,0.01588327
21115,0.24549685
21116,0.010749069
21117,0.029685883
21118,0.061272416
21119,0.026741277
21120,0.02401091
21121,0.03727273
21122,0.06810705
21123,0.08618146
21124,0.13640396
21125,0.11052879
21126,0.2441485
21127,0.24377106
21128,0.16788395
21129,0.011816727
21130,0.09893031
21131,0.05100234
21132,0.00798314
21133,0.035964202
21134,0.0842273
21135,0.020546706
21136,0.046803486
21137,0.03931624
21138,0.056621004
21139,0.068943135
21140,0.029104598
21141,0.06673038
21142,0.021476297
21143,0.014565932
21144,0.09171416
21145,0.015910441
21146,0.03520941
21147,0.14255382
21148,0.07174658
21149,0.16600691
21150,0.4525051
21151,0.118174724
21152,0.13252084
21153,0.06651083
21154,0.08573674
21155,0.07297212
21156,0.09661114
21157,0.05448999
21158,0.018813768
21159,0.20349354
21160,0.07023603
21161,0.076490596
21162,0.0561994
21163,0.08742941
21164,0.016928414
21165,0.026575036
21166,0.016440377
21167,0.020098813
21168,0.03947004
21169,0.3015905
21170,0.06538445
21171,0.04013253
21172,0.14118847
21173,0.6319973
21174,0.094873026
21175,0.014107075
21176,0.3518607
21177,0.07965487
21178,0.24253456
21179,0.2808295
21180,0.061600894
21181,0.047899254
21182,0.044473797
21183,0.11113481
21184,0.17108977
21185,0.045101643
21186,0.22770509
21187,0.07178622
21188,0.0663175
21189,0.014719619
21190,0.018399967
21191,0.055882826
21192,0.07535316
21193,0.014737862
21194,0.12527198
21195,0.16197221
21196,0.1703686
21197,0.11264238
21198,0.03692611
21199,0.118605286
21200,0.1933864
21201,0.34266573
21202,0.06513973
21203,0.010290892
21204,0.04762906
21205,0.022391714
21206,0.01127223
21207,0.06118859
21208,0.5472354
21209,0.039682563
21210,0.096534096
21211,0.35524967
21212,0.23064911
21213,0.012318076
21214,0.008189134
21215,0.039672244
21216,0.06739395
21217,0.2587907
21218,0.40538073
21219,0.010394837
21220,0.10820846
21221,0.10036906
21222,0.24026662
21223,0.17719355
21224,0.13935564
21225,0.19137907
21226,0.37373167
21227,0.08545086
21228,0.041044697
21229,0.07587181
21230,0.057528146
21231,0.2741913
21232,0.92478526
21233,0.0048874887
21234,0.044851825
21235,0.393705
21236,0.014136203
21237,0.043782454
21238,0.21409787
21239,0.051465735
21240,0.09007355
21241,0.018605033
21242,0.056245506
21243,0.0029989004
21244,0.48832494
21245,0.21489987
21246,0.096295394
21247,0.26433164
21248,0.1502031
21249,0.23235573
21250,0.38415727
21251,0.37098783
21252,0.026367549
21253,0.16292241
21254,0.23345959
21255,0.13051255
21256,0.9137418
21257,0.40856618
21258,0.3800898
21259,0.0049402616
21260,0.019765215
21261,0.2123084
21262,0.059520088
21263,0.021276908
21264,0.010897136
21265,0.06048837
21266,0.0071045775
21267,0.011854448
21268,0.033303037
21269,0.07683734
21270,0.11776478
21271,0.11052646
21272,0.13146119
21273,0.09135976
21274,0.41218764
21275,0.21223904
21276,0.0294439
21277,0.098815314
21278,0.26027787
21279,0.01584532
21280,0.062735446
21281,0.94623184
21282,0.9008389
21283,0.60820615
21284,0.022933764
21285,0.013977105
21286,0.06399847
21287,0.3996074
21288,0.07895807
21289,0.017968629
21290,0.06376305
21291,0.0076550213
21292,0.057680387
21293,0.07331872
21294,0.057648852
21295,0.011997311
21296,0.4309704
21297,0.018118896
21298,0.039041195
21299,0.2409012
21300,0.111742064
21301,0.057930972
21302,0.05188457
21303,0.37694234
21304,0.33575606
21305,0.022626437
21306,0.111579426
21307,0.0938877
21308,0.09577569
21309,1.0307733
21310,0.8291127
21311,0.57693076
21312,0.012387256
21313,0.06102733
21314,0.02737909
21315,0.4249743
21316,0.07734602
21317,0.3635425
21318,0.034823693
21319,0.082458794
21320,0.020954987
21321,0.11623068
21322,0.12192899
21323,0.17537835
21324,0.14818926
21325,0.46350974
21326,0.44877675
21327,0.23479842
21328,0.13815583
21329,0.100600675
21330,0.06124126
21331,0.11796827
21332,0.053931586
21333,0.21603014
21334,0.235337
21335,0.15315461
21336,0.06795483
21337,0.111730434
21338,0.02470961
21339,0.88829786
21340,0.9634383
21341,1.0048515
21342,0.13508777
21343,0.04236906
21344,0.2336277
21345,0.3892676
21346,0.018183548
21347,0.057487495
21348,0.11600853
21349,0.04694823
21350,0.39798266
21351,1.0001765
21352,0.068190694
21353,0.124791704
21354,0.109354794
21355,0.15598446
21356,0.072243646
21357,0.37736776
21358,0.26351935
21359,0.025216904
21360,0.08169524
21361,0.09848466
21362,0.09144423
21363,0.05289146
21364,0.031797305
21365,0.29310584
21366,0.28846627
21367,0.18544027
21368,0.08316471
21369,0.102195196
21370,0.07456478
21371,0.26181573
21372,0.024226177
21373,0.035795584
21374,0.051792137
21375,0.018614544
21376,0.048867427
21377,0.046003886
21378,0.4027609
21379,0.5812257
21380,0.38025683
21381,0.25531343
21382,0.116299234
21383,0.16313289
21384,0.17134416
21385,0.55130893
21386,0.07468402
21387,0.03831479
21388,0.027013533
21389,0.15129657
21390,0.15211374
21391,0.15130575
21392,0.30952767
21393,0.25967634
21394,0.2564736
21395,0.88056195
21396,0.2347679
21397,0.014171489
21398,0.14219603
21399,0.24176817
21400,0.017495032
21401,0.051067855
21402,0.4442632
21403,0.07127952
21404,0.040316686
21405,0.040972766
21406,0.053733513
21407,0.17606597
21408,0.39490858
21409,0.38695216
21410,0.5410424
21411,0.3003714
21412,0.16371675
21413,0.12265217
21414,0.32434353
21415,0.019602254
21416,0.23352274
21417,0.07903611
21418,0.049319893
21419,0.42557922
21420,0.2484565
21421,0.044209216
21422,0.5264872
21423,0.27925614
21424,0.0032489037
21425,0.07676736
21426,0.1318797
21427,0.074227385
21428,0.009451888
21429,0.014616847
21430,0.030371567
21431,0.06101559
21432,0.11149647
21433,0.1127402
21434,0.14357169
21435,0.41485736
21436,0.74296135
21437,0.39612594
21438,0.38734946
21439,0.5730256
21440,0.08456356
21441,0.016692
21442,0.06879557
21443,0.0720902
21444,0.12777081
21445,0.24405031
21446,0.0641295
21447,0.027288461
21448,0.064158045
21449,0.13347602
21450,0.0055887527
21451,0.053280868
21452,0.10239744
21453,0.020103157
21454,0.012783748
21455,0.029690143
21456,0.014978071
21457,0.010098172
21458,0.036328286
21459,0.085339494
21460,0.06673169
21461,0.085846126
21462,0.3935925
21463,0.17002918
21464,0.33272737
21465,0.6673966
21466,0.5222042
21467,0.39932054
21468,0.10609091
21469,0.038485028
21470,0.01756577
21471,0.048211265
21472,0.103187576
21473,0.01379516
21474,0.004788974
21475,0.027323252
21476,0.9796447
21477,0.05019456
21478,0.013308059
21479,0.07612713
21480,0.05429265
21481,0.2199142
21482,0.05505159
21483,0.013079597
21484,0.038423963
21485,0.013678925
21486,0.014801229
21487,0.030673426
21488,0.09114269
21489,0.12447803
21490,0.5372336
21491,0.37375733
21492,0.25797668
21493,1.0256983
21494,0.37984973
21495,0.45707083
21496,0.25011295
21497,0.031841535
21498,0.02925754
21499,0.046237834
21500,0.05052785
21501,0.033387534
21502,0.049900685
21503,0.38190278
21504,0.2152787
21505,0.38136953
21506,0.02649396
21507,0.09212002
21508,0.12045412
21509,0.12474316
21510,0.17473798
21511,0.042153254
21512,0.026988285
21513,0.008662084
21514,0.044540446
21515,0.15950187
21516,0.961003
21517,0.3939601
21518,0.54011154
21519,0.2506809
21520,0.2606425
21521,0.24289161
21522,0.106752224
21523,0.026825942
21524,0.01082258
21525,0.055978272
21526,0.027208997
21527,0.11831121
21528,0.1243669
21529,0.05680803
21530,0.2613239
21531,0.027046438
21532,0.06804617
21533,0.0071113566
21534,0.35145518
21535,0.046323463
21536,0.011461978
21537,0.009292967
21538,0.14559321
21539,0.25020695
21540,0.035350926
21541,0.0061023035
21542,0.23080146
21543,0.16633862
21544,0.071291246
21545,0.09603281
21546,0.034592193
21547,0.09207424
21548,0.075756535
21549,0.04052937
21550,0.12115762
21551,0.11248639
21552,0.04319194
21553,0.024338173
21554,0.11932849
21555,0.010635821
21556,0.013208824
21557,0.09726382
21558,0.037546188
21559,0.13232863
21560,0.032662567
21561,0.06284244
21562,0.008365655
21563,0.053622663
21564,0.23674807
21565,0.36719313
21566,0.5000004
21567,0.10428391
21568,0.050783604
21569,0.06286986
21570,0.12809382
21571,0.013360951
21572,0.060816772
21573,0.010055437
21574,0.02564816
21575,0.09545112
21576,0.10624605
21577,0.41810757
21578,0.010999985
21579,0.015005006
21580,0.21982709
21581,0.07498434
21582,0.09777633
21583,0.42649275
21584,0.1147017
21585,0.009684947
21586,0.14040196
21587,0.030192062
21588,0.01616587
21589,0.07096614
21590,0.123336196
21591,0.048022427
21592,0.011757501
21593,0.014138013
21594,0.0065983846
21595,0.27602166
21596,0.0154599305
21597,0.028452868
21598,0.13839266
21599,0.09450343
21600,0.042046644
21601,0.01619212
21602,0.029500388
21603,0.06812189
21604,0.30553353
21605,0.028545354
21606,0.01534651
21607,0.026076391
21608,0.03866125
21609,0.06110512
21610,0.25363132
21611,0.07289988
21612,0.17714302
21613,0.09374913
21614,0.029385516
21615,0.04587421
21616,0.04036884
21617,0.032328308
21618,0.24936803
21619,0.013273193
21620,0.15245701
21621,0.016624087
21622,0.10174585
21623,0.058207296
21624,0.004797521
21625,0.011965231
21626,0.38633794
21627,0.55648685
21628,0.23793359
21629,0.058144134
21630,0.008890555
21631,0.091174565
21632,0.03965848
21633,0.03501572
21634,0.09682512
21635,0.09872402
21636,0.08301697
21637,0.9093935
21638,0.074435726
21639,0.0140901925
21640,0.078360125
21641,0.08195623
21642,0.017078683
21643,0.032802094
21644,0.13035919
21645,0.39662656
21646,0.06698596
21647,0.17370741
21648,0.04656125
21649,0.012803889
21650,0.09788935
21651,0.032035463
21652,0.028334118
21653,0.05070322
21654,0.052295227
21655,0.021891696
21656,0.0680978
21657,0.013071031
21658,0.1370131
21659,0.029548086
21660,0.03852541
21661,0.011215504
21662,0.026363524
21663,0.07747605
21664,0.09667964
21665,0.023064032
21666,0.022231326
21667,0.04510574
21668,0.9285963
21669,0.04401211
21670,0.22499155
21671,0.056561604
21672,0.03175492
21673,0.04426324
21674,0.053054016
21675,0.012623183
21676,0.017032214
21677,0.28347057
21678,0.023186052
21679,0.004327112
21680,0.013163335
21681,0.008509517
21682,0.052922517
21683,0.23092279
21684,0.017959159
21685,0.009104788
21686,0.09850546
21687,0.027744124
21688,0.023037031
21689,0.036091696
21690,0.3634176
21691,0.020311598
21692,0.020789586
21693,0.047111813
21694,0.029625973
21695,0.14258078
21696,0.07258399
21697,0.01611344
21698,0.015738118
21699,0.0060899095
21700,0.06366538
21701,0.1652058
21702,0.09681994
21703,0.08400646
21704,0.07572849
21705,0.032187413
21706,0.045996968
21707,0.017186396
21708,0.22255148
21709,0.19030997
21710,0.22416902
21711,0.010437025
21712,0.034171157
21713,0.012909871
21714,0.015067438
21715,0.014361681
21716,0.009766892
21717,0.021677233
21718,0.012600314
21719,0.014851917
21720,0.026289435
21721,0.04860608
21722,0.059602007
21723,0.13505442
21724,0.014381982
21725,0.007860183
21726,0.108765855
21727,0.37353495
21728,0.0109898485
21729,0.0077415453
21730,0.029101197
21731,0.008380936
21732,0.026769336
21733,0.008621718
21734,0.017224662
21735,0.02322932
21736,0.004083763
21737,0.013996894
21738,0.030949207
21739,0.01106871
21740,0.011602775
21741,0.06924512
21742,0.032683134
21743,0.055908002
21744,0.015977342
21745,0.011590775
21746,0.01077597
21747,0.0050861486
21748,0.10085534
21749,0.026538538
21750,0.043482516
21751,0.00900528
21752,0.02898629
21753,0.014476417
21754,0.104714975
21755,0.011058163
21756,0.01220188
21757,0.013444091
21758,0.3852659
21759,0.05333749
21760,0.059526887
21761,0.06930024
21762,0.06323353
21763,0.022948228
21764,0.09300617
21765,0.014608422
21766,0.092448644
21767,0.0072839772
21768,0.16695733
21769,0.014261196
21770,0.028645203
21771,0.035141557
21772,0.035257377
21773,0.028200572
21774,0.006127305
21775,0.009660435
21776,0.013109416
21777,0.035093054
21778,0.011726476
21779,0.009996101
21780,0.08352363
21781,0.07024461
21782,0.008638997
21783,0.16983868
21784,0.017369391
21785,0.023145402
21786,0.034169808
21787,0.013311006
21788,0.0154883005
21789,0.051284134
21790,0.018727519
21791,0.0153742265
21792,0.029738678
21793,0.029721634
21794,0.011327427
21795,0.030645154
21796,0.14281693
21797,0.16513968
21798,0.09475657
21799,0.009028112
21800,0.018313184
21801,0.015408874
21802,0.026060574
21803,0.0503298
21804,0.029797101
21805,0.024147576
21806,0.109914914
21807,0.022346573
21808,0.039604187
21809,0.023132805
21810,0.02616607
21811,0.11128227
21812,0.030662796
21813,0.029779397
21814,0.22415008
21815,0.31191537
21816,0.018240372
21817,0.017665833
21818,0.34102273
21819,0.034372505
21820,0.26765382
21821,0.06191334
21822,0.2587812
21823,0.016201712
21824,0.07124107
21825,0.02800446
21826,0.0110719735
21827,0.22530252
21828,0.05588198
21829,0.7062663
21830,0.13512836
21831,0.09494888
21832,0.040048014
21833,0.023691494
21834,0.09729168
21835,0.12729314
21836,0.5114453
21837,0.4428781
21838,0.030882189
21839,0.048392367
21840,0.11520293
21841,0.14550184
21842,0.05360574
21843,0.048027344
21844,0.048210684
21845,0.08577666
21846,0.029617745
21847,0.3989033
21848,0.14363018
21849,0.25045863
21850,0.52064854
21851,0.11945562
21852,0.51140624
21853,0.070992
21854,0.30951324
21855,0.048194226
21856,0.051093876
21857,0.02947853
21858,0.08017529
21859,0.22106032
21860,0.122969836
21861,0.025681399
21862,0.032155696
21863,0.045920774
21864,0.4022845
21865,0.05422907
21866,0.06651618
21867,0.057054646
21868,0.08601205
21869,0.027287966
21870,0.041007254
21871,0.103519805
21872,0.032296296
21873,0.064456716
21874,0.23137522
21875,0.06820208
21876,0.16487394
21877,0.049633253
21878,0.03822748
21879,0.023674712
21880,0.014707059
21881,0.31577104
21882,0.12927224
21883,0.016904335
21884,0.07967046
21885,0.26653993
21886,0.43242756
21887,0.09156904
21888,0.0601716
21889,0.01486716
21890,0.017672325
21891,0.016703758
21892,0.002652933
21893,0.03431209
21894,0.08812225
21895,0.09305527
21896,0.09918399
21897,0.2369628
21898,0.27992767
21899,0.010812011
21900,0.3297508
21901,0.045634177
21902,0.0077001434
21903,0.030129379
21904,0.022415312
21905,0.031582993
21906,0.274357
21907,0.014539912
21908,0.041033104
21909,0.058235664
21910,0.052234434
21911,0.02394861
21912,0.12563087
21913,0.511673
21914,0.06641272
21915,0.058312554
21916,0.01667296
21917,0.022076031
21918,0.048280187
21919,0.07297484
21920,0.027169341
21921,0.1309109
21922,0.17330685
21923,0.10925088
21924,0.08347881
21925,0.06686599
21926,0.043394182
21927,0.034224816
21928,0.030241068
21929,0.03559788
21930,0.115058385
21931,0.07095793
21932,0.22950965
21933,0.013142666
21934,0.046414994
21935,0.030485943
21936,0.020730695
21937,0.015632926
21938,0.026938967
21939,0.04031699
21940,0.026408613
21941,0.06268971
21942,0.20489804
21943,0.27370614
21944,0.042314176
21945,0.041708592
21946,0.029509388
21947,0.09729781
21948,0.06152585
21949,0.015365129
21950,0.07354256
21951,0.024351288
21952,0.24934898
21953,0.028803917
21954,0.024030177
21955,0.037304584
21956,0.0053433487
21957,0.21549179
21958,0.06880646
21959,0.37681323
21960,0.23751077
21961,0.37055874
21962,0.07479154
21963,0.04766841
21964,0.016974762
21965,0.056062814
21966,0.041753504
21967,0.007829902
21968,0.13082018
21969,0.04438515
21970,0.5395512
21971,0.10950583
21972,0.019541768
21973,0.11322566
21974,0.044584762
21975,0.04381218
21976,0.01931109
21977,0.017346947
21978,0.060132507
21979,0.015832268
21980,0.024617137
21981,0.08542879
21982,0.04806082
21983,0.22464259
21984,0.07057911
21985,0.12105458
21986,0.37058654
21987,0.37001878
21988,0.069019355
21989,0.02149393
21990,0.06438948
21991,0.037265237
21992,0.06906895
21993,0.064134136
21994,0.12495795
21995,0.051125776
21996,0.09475574
21997,0.034464333
21998,0.054767054
21999,0.029358659
22000,0.14608099
22001,0.07176016
22002,0.030978959
22003,0.01247075
22004,0.026256403
22005,0.039545342
22006,0.070672266
22007,0.0821614
22008,0.13817228
22009,0.11203993
22010,0.24384554
22011,0.23382577
22012,0.27555576
22013,0.012185054
22014,0.11384808
22015,0.009053145
22016,0.048717037
22017,0.08139105
22018,0.024254298
22019,0.01880889
22020,0.048253268
22021,0.038891938
22022,0.013990243
22023,0.05388704
22024,0.07608228
22025,0.029305268
22026,0.061554506
22027,0.02175231
22028,0.02506666
22029,0.08773102
22030,0.036630016
22031,0.13883512
22032,0.070746705
22033,0.15442283
22034,0.48277098
22035,0.1109429
22036,0.12752742
22037,0.07312522
22038,0.08590613
22039,0.08149849
22040,0.093848266
22041,0.05129281
22042,0.018176802
22043,0.18967032
22044,0.07430829
22045,0.072959974
22046,0.050481305
22047,0.07523242
22048,0.025771752
22049,0.019399736
22050,0.0421658
22051,0.16751905
22052,0.06888161
22053,0.044317644
22054,0.120345764
22055,0.6479407
22056,0.08789584
22057,0.012376101
22058,0.39468917
22059,0.075676486
22060,0.19198887
22061,0.2938924
22062,0.057416122
22063,0.001800206
22064,0.018057836
22065,0.04867862
22066,0.03452117
22067,0.10351096
22068,0.18290557
22069,0.041541632
22070,0.22585993
22071,0.076798424
22072,0.06869793
22073,0.016693145
22074,0.014265228
22075,0.01892201
22076,0.056884486
22077,0.081511155
22078,0.016215345
22079,0.13098943
22080,0.16911495
22081,0.17923395
22082,0.10827379
22083,0.034751557
22084,0.13215838
22085,0.18816675
22086,0.38069135
22087,0.06351804
22088,0.006857028
22089,0.050184123
22090,0.007836573
22091,0.05581435
22092,0.48280078
22093,0.034691304
22094,0.098231465
22095,0.36367363
22096,0.22720616
22097,0.013101059
22098,0.04649785
22099,0.064988956
22100,0.24011277
22101,0.40120915
22102,0.011939281
22103,0.1064861
22104,0.10896625
22105,0.13898177
22106,0.17277788
22107,0.14438978
22108,0.17755374
22109,0.36047715
22110,0.080111906
22111,0.04367943
22112,0.08701426
22113,0.051373597
22114,0.2675759
22115,0.91423655
22116,0.0073857713
22117,0.042960517
22118,0.37892324
22119,0.016504895
22120,0.0447718
22121,0.25736696
22122,0.05182925
22123,0.08684718
22124,0.019445851
22125,0.054103013
22126,0.00617993
22127,0.43937537
22128,0.32489866
22129,0.09250765
22130,0.26645923
22131,0.15253536
22132,0.18412639
22133,0.35554954
22134,0.3919679
22135,0.030504495
22136,0.17132124
22137,0.22466233
22138,0.124433875
22139,0.91711223
22140,0.3031083
22141,0.40360284
22142,0.0031631459
22143,0.020595314
22144,0.11700102
22145,0.06980008
22146,0.01885836
22147,0.010561795
22148,0.062197447
22149,0.0069980808
22150,0.007336508
22151,0.010062973
22152,0.03438963
22153,0.22183311
22154,0.13280536
22155,0.11241166
22156,0.12869588
22157,0.0931927
22158,0.40094426
22159,0.21847881
22160,0.10598679
22161,0.2526319
22162,0.018710855
22163,0.069644585
22164,1.0388566
22165,0.9227135
22166,0.6159604
22167,0.014143095
22168,0.07483908
22169,0.39559713
22170,0.075347915
22171,0.015337359
22172,0.06782758
22173,0.05918358
22174,0.07304608
22175,0.058133256
22176,0.01691471
22177,0.39404362
22178,0.016945174
22179,0.041332975
22180,0.25589126
22181,0.11415351
22182,0.062411364
22183,0.04938032
22184,0.37862182
22185,0.21557206
22186,0.023552056
22187,0.10674739
22188,0.09294296
22189,0.09214322
22190,1.0217934
22191,0.86869085
22192,0.54999435
22193,0.011775108
22194,0.058985125
22195,0.003827411
22196,0.44317853
22197,0.07660679
22198,0.25806352
22199,0.036066122
22200,0.08559844
22201,0.021639876
22202,0.10874118
22203,0.118324615
22204,0.17148466
22205,0.14046548
22206,0.44459197
22207,0.43815514
22208,0.23842622
22209,0.13898557
22210,0.10167118
22211,0.06250931
22212,0.112772815
22213,0.058559246
22214,0.028063625
22215,0.019759731
22216,0.12063877
22217,0.1503036
22218,0.061620288
22219,0.11116679
22220,0.8650363
22221,0.9553693
22222,0.975004
22223,0.13490754
22224,0.046121996
22225,0.2509403
22226,0.012525993
22227,0.40373948
22228,0.017004795
22229,0.05534657
22230,0.114768654
22231,0.057409614
22232,0.39912337
22233,0.9975324
22234,0.072937906
22235,0.12840593
22236,0.110310495
22237,0.17914401
22238,0.07509269
22239,0.38431224
22240,0.27881315
22241,0.03154563
22242,0.088845044
22243,0.09701969
22244,0.09227683
22245,0.058144607
22246,0.03651518
22247,0.3779798
22248,0.42474902
22249,0.24322522
22250,0.086230375
22251,0.020810723
22252,0.10198268
22253,0.06490849
22254,0.17902881
22255,0.02970037
22256,0.038977515
22257,0.05563264
22258,0.045371294
22259,0.04794556
22260,0.40422958
22261,0.5477205
22262,0.28637055
22263,0.27172798
22264,0.124352165
22265,0.1853552
22266,0.2371046
22267,0.5285363
22268,0.075644374
22269,0.030411616
22270,0.02698615
22271,0.15001945
22272,0.16021104
22273,0.14586928
22274,0.3201309
22275,0.28355783
22276,0.1657115
22277,0.8438827
22278,0.10434796
22279,0.015522837
22280,0.15244496
22281,0.15981112
22282,0.018369114
22283,0.05709444
22284,0.26999676
22285,0.06771059
22286,0.04079677
22287,0.045026902
22288,0.0518666
22289,0.15893859
22290,0.38632154
22291,0.2803428
22292,0.55821115
22293,0.3000505
22294,0.17901625
22295,0.13403662
22296,0.3624616
22297,0.0106338505
22298,0.021309242
22299,0.22985515
22300,0.07482401
22301,0.04891057
22302,0.43380216
22303,0.25782135
22304,0.04828301
22305,0.51468104
22306,0.38376853
22307,0.07570125
22308,0.11796655
22309,0.073401324
22310,0.048435587
22311,0.010808591
22312,0.011973284
22313,0.03231361
22314,0.062249586
22315,0.09921064
22316,0.10506536
22317,0.13791691
22318,0.39624944
22319,0.76361066
22320,0.4036705
22321,0.37762487
22322,0.5406445
22323,0.09435885
22324,0.070967585
22325,0.08227346
22326,0.12456987
22327,0.24470828
22328,0.070028774
22329,0.027662596
22330,0.07877444
22331,0.13910663
22332,0.049308505
22333,0.09247587
22334,0.021987354
22335,0.0151137505
22336,0.03195141
22337,0.021394132
22338,0.06627095
22339,0.012871914
22340,0.029157287
22341,0.08568449
22342,0.06473778
22343,0.089416154
22344,0.2347217
22345,0.25645882
22346,0.34186572
22347,0.6361047
22348,0.6020811
22349,0.28098014
22350,0.11278921
22351,0.017949466
22352,0.04817456
22353,0.099190466
22354,0.012242938
22355,0.026168209
22356,0.9884644
22357,0.052413497
22358,0.014284062
22359,0.07269103
22360,0.049087286
22361,0.0944797
22362,0.037013426
22363,0.05417277
22364,0.0404159
22365,0.01444795
22366,0.015508743
22367,0.027502283
22368,0.09293635
22369,0.13447674
22370,0.5675415
22371,0.4032273
22372,0.24118589
22373,1.0462836
22374,0.3056316
22375,0.4306935
22376,0.2469851
22377,0.035458982
22378,0.025210539
22379,0.03560738
22380,0.049567305
22381,0.061756052
22382,0.031407453
22383,0.056032114
22384,0.4180972
22385,0.09316129
22386,0.3667936
22387,0.028493434
22388,0.09930133
22389,0.12395119
22390,0.12662019
22391,0.25447777
22392,0.037743445
22393,0.029917374
22394,0.05077345
22395,0.15887855
22396,0.97162
22397,0.40392253
22398,0.52205384
22399,0.2540033
22400,0.26645097
22401,0.16888855
22402,0.0999238
22403,0.037070148
22404,0.0104703335
22405,0.02147878
22406,0.059187822
22407,0.028014936
22408,0.11538381
22409,0.12956752
22410,0.07181833
22411,0.26381946
22412,0.024531815
22413,0.06785291
22414,0.2467002
22415,0.0476688
22416,0.11806065
22417,0.24222913
22418,0.039405566
22419,0.23525631
22420,0.1674917
22421,0.075161695
22422,0.09490665
22423,0.02482055
22424,0.10400229
22425,0.0698793
22426,0.12517676
22427,0.11230293
22428,0.03899601
22429,0.009410384
22430,0.2273338
22431,0.011368684
22432,0.09205938
22433,0.032768335
22434,0.03925724
22435,0.13072827
22436,0.034885973
22437,0.066334076
22438,0.056576755
22439,0.16928865
22440,0.36525932
22441,0.54470485
22442,0.11408036
22443,0.012311992
22444,0.015017023
22445,0.028809324
22446,0.063226335
22447,0.062347163
22448,0.13921753
22449,0.0114800185
22450,0.026814803
22451,0.014737394
22452,0.02373356
22453,0.014834194
22454,0.008231448
22455,0.08705743
22456,0.11355784
22457,0.42493898
22458,0.0125893075
22459,0.018004667
22460,0.23978509
22461,0.07409848
22462,0.09668069
22463,0.39721304
22464,0.11063271
22465,0.01191718
22466,0.23744199
22467,0.011471013
22468,0.025775047
22469,0.016612666
22470,0.08579988
22471,0.123174965
22472,0.05276124
22473,0.01663975
22474,0.007851823
22475,0.2882873
22476,0.023614302
22477,0.016161758
22478,0.027797269
22479,0.1446001
22480,0.06777667
22481,0.04385705
22482,0.016643794
22483,0.02752645
22484,0.06870933
22485,0.30230868
22486,0.026832232
22487,0.013727032
22488,0.02674709
22489,0.040254034
22490,0.068097025
22491,0.25866815
22492,0.06982991
22493,0.2444587
22494,0.095722936
22495,0.028557368
22496,0.042430785
22497,0.041560702
22498,0.032868557
22499,0.24602033
22500,0.016907815
22501,0.14485069
22502,0.019402487
22503,0.096795626
22504,0.057575993
22505,0.010863633
22506,0.36347422
22507,0.6422813
22508,0.23673457
22509,0.055874728
22510,0.010642934
22511,0.08673526
22512,0.0479876
22513,0.03448542
22514,0.085810184
22515,0.111660704
22516,0.10172746
22517,0.9232104
22518,0.07328266
22519,0.01499222
22520,0.07249437
22521,0.07856316
22522,0.014687742
22523,0.03480114
22524,0.12941039
22525,0.32196495
22526,0.06642693
22527,0.14997098
22528,0.025421511
22529,0.04502718
22530,0.10024241
22531,0.031090181
22532,0.024752472
22533,0.053856462
22534,0.058367625
22535,0.027448786
22536,0.019918479
22537,0.057370692
22538,0.015241173
22539,0.12963817
22540,0.034569383
22541,0.042452715
22542,0.013307477
22543,0.027723618
22544,0.078274325
22545,0.09869998
22546,0.02397224
22547,0.024509143
22548,0.045748953
22549,0.94635797
22550,0.043021694
22551,0.10164557
22552,0.04774804
22553,0.033197038
22554,0.04253141
22555,0.05508662
22556,0.013400601
22557,0.016589526
22558,0.28668123
22559,0.025878124
22560,0.01462453
22561,0.04818408
22562,0.11871949
22563,0.020011703
22564,0.007922009
22565,0.105778836
22566,0.03717363
22567,0.025196616
22568,0.03771796
22569,0.36269948
22570,0.029512176
22571,0.02162566
22572,0.018307596
22573,0.012845579
22574,0.055613745
22575,0.032369904
22576,0.003649131
22577,0.1301535
22578,0.078518905
22579,0.012156262
22580,0.0063576438
22581,0.05843636
22582,0.16540016
22583,0.107844666
22584,0.07474713
22585,0.07500623
22586,0.029915964
22587,0.01644144
22588,0.22160701
22589,0.2621689
22590,0.22755149
22591,0.010383059
22592,0.010268135
22593,0.034966666
22594,0.015199016
22595,0.010540097
22596,0.0134475725
22597,0.01205783
22598,0.017493682
22599,0.01383094
22600,0.007705995
22601,0.015752634
22602,0.010528033
22603,0.023996362
22604,0.045821864
22605,0.05353085
22606,0.12227803
22607,0.11776588
22608,0.17480084
22609,0.011339794
22610,0.011144146
22611,0.023502955
22612,0.010364764
22613,0.0093588345
22614,0.017200354
22615,0.022251226
22616,0.01564228
22617,0.028105058
22618,0.013233321
22619,0.01592937
22620,0.010056123
22621,0.06248396
22622,0.030973362
22623,0.049620293
22624,0.011970167
22625,0.056747224
22626,0.014118739
22627,0.010767327
22628,0.011118461
22629,0.008808434
22630,0.11094515
22631,0.057150062
22632,0.00694345
22633,0.03280179
22634,0.017284807
22635,0.11002053
22636,0.013764227
22637,0.38208613
22638,0.05329421
22639,0.068915725
22640,0.071617536
22641,0.010210677
22642,0.053013604
22643,0.028954012
22644,0.098936684
22645,0.10838026
22646,0.0075427243
22647,0.15879545
22648,0.017619457
22649,0.03600232
22650,0.038324896
22651,0.006712295
22652,0.01206142
22653,0.011085303
22654,0.036020946
22655,0.013505593
22656,0.008383301
22657,0.07990083
22658,0.07183388
22659,0.0062618665
22660,0.16967948
22661,0.0167972
22662,0.025980365
22663,0.014185455
22664,0.03430295
22665,0.00991566
22666,0.013067657
22667,0.046682082
22668,0.018558348
22669,0.01472002
22670,0.026744658
22671,0.028216429
22672,0.010509137
22673,0.010439733
22674,0.022061467
22675,0.032371826
22676,0.14215471
22677,0.18856981
22678,0.021487644
22679,0.095379576
22680,0.017326493
22681,0.033372693
22682,0.029547343
22683,0.024740795
22684,0.0629306
22685,0.09534315
22686,0.024988122
22687,0.11227486
22688,0.03496393
22689,0.055153534
22690,0.027149413
22691,0.22400843
22692,0.38099775
22693,0.019152353
22694,0.15032992
22695,0.2696172
22696,0.10605097
22697,0.1398196
22698,0.020613605
22699,0.05408516
22700,0.007690173
22701,0.033421684
22702,0.015143839
22703,0.2188669
22704,0.046690077
22705,0.6322291
22706,0.24663045
22707,0.016348675
22708,0.10524607
22709,0.04398235
22710,0.04667077
22711,0.033549696
22712,0.009527952
22713,0.029393243
22714,0.076383695
22715,0.23710655
22716,0.5206764
22717,0.46514028
22718,0.030944595
22719,0.064341225
22720,0.11997184
22721,0.22636154
22722,0.018196708
22723,0.054512817
22724,0.05494575
22725,0.055086702
22726,0.04020617
22727,0.4146048
22728,0.1293648
22729,0.14233978
22730,0.55317414
22731,0.12787718
22732,0.4834023
22733,0.063543804
22734,0.3256046
22735,0.057271026
22736,0.028295772
22737,0.06952294
22738,0.11091302
22739,0.1152651
22740,0.02445377
22741,0.02741824
22742,0.05209007
22743,0.30457735
22744,0.05032885
22745,0.031984337
22746,0.06539946
22747,0.059740644
22748,0.08191965
22749,0.028180419
22750,0.038875986
22751,0.10818612
22752,0.07319058
22753,0.1564786
22754,0.07170691
22755,0.1830984
22756,0.038846258
22757,0.022650322
22758,0.31382194
22759,0.12138463
22760,0.085981436
22761,0.27053648
22762,0.29238075
22763,0.010049888
22764,0.006168124
22765,0.08897304
22766,0.04328068
22767,0.012374271
22768,0.013804927
22769,0.033870105
22770,0.08629406
22771,0.09149303
22772,0.15653186
22773,0.2729905
22774,0.009983281
22775,0.016404092
22776,0.22811426
22777,0.051073685
22778,0.008929896
22779,0.028124781
22780,0.024050701
22781,0.027665233
22782,0.2887814
22783,0.015715932
22784,0.036419272
22785,0.06898392
22786,0.049506664
22787,0.11741873
22788,0.48339808
22789,0.05614805
22790,0.062098388
22791,0.017765678
22792,0.025473125
22793,0.060127012
22794,0.0755191
22795,0.01840476
22796,0.028504519
22797,0.14763407
22798,0.15696377
22799,0.09606396
22800,0.07964428
22801,0.060429014
22802,0.013726732
22803,0.04064144
22804,0.032804336
22805,0.03295475
22806,0.03558885
22807,0.0026651975
22808,0.09004699
22809,0.06694093
22810,0.22617972
22811,0.01661235
22812,0.0402257
22813,0.032762744
22814,0.014071379
22815,0.023031581
22816,0.03693881
22817,0.021523928
22818,0.064386494
22819,0.19233418
22820,0.37720332
22821,0.04079935
22822,0.03921238
22823,0.029648539
22824,0.09155748
22825,0.06893778
22826,0.015329283
22827,0.06581765
22828,0.01345075
22829,0.026570544
22830,0.2498825
22831,0.02920733
22832,0.02645592
22833,0.030244324
22834,0.0025493933
22835,0.21125369
22836,0.07110261
22837,0.23868911
22838,0.3588108
22839,0.3813663
22840,0.06726179
22841,0.04949522
22842,0.018322438
22843,0.05419841
22844,0.04425833
22845,0.1363481
22846,0.04990724
22847,0.5627622
22848,0.12063165
22849,0.019732753
22850,0.1263512
22851,0.044875927
22852,0.05075944
22853,0.019133812
22854,0.0070409304
22855,0.06876254
22856,0.018139182
22857,0.016902024
22858,0.020937704
22859,0.08398247
22860,0.049135696
22861,0.2226869
22862,0.06589518
22863,0.12115404
22864,0.42162302
22865,0.35895726
22866,0.07033
22867,0.025621518
22868,0.075357296
22869,0.012344461
22870,0.038795438
22871,0.07333689
22872,0.05818743
22873,0.12255736
22874,0.050669167
22875,0.106345385
22876,0.032817356
22877,0.04845606
22878,0.027496843
22879,0.13537061
22880,0.0086134225
22881,0.074193805
22882,0.0283782
22883,0.0080847815
22884,0.027734
22885,0.041883726
22886,0.068494104
22887,0.08536398
22888,0.13586624
22889,0.11702935
22890,0.2315699
22891,0.14331211
22892,0.24772352
22893,0.015174644
22894,0.09233276
22895,0.012088093
22896,0.050300036
22897,0.039775483
22898,0.078752026
22899,0.025367603
22900,0.019578964
22901,0.04557183
22902,0.03604206
22903,0.04924158
22904,0.077088766
22905,0.03234369
22906,0.06579804
22907,0.024001831
22908,0.029019022
22909,0.09268941
22910,0.016331835
22911,0.033136517
22912,0.14112481
22913,0.07031685
22914,0.16040774
22915,0.32742575
22916,0.109855056
22917,0.12778717
22918,0.070588745
22919,0.097685985
22920,0.07001801
22921,0.08776502
22922,0.049438946
22923,0.008793127
22924,0.38300595
22925,0.06913822
22926,0.07584221
22927,0.05414045
22928,0.090042904
22929,0.02475103
22930,0.017284071
22931,0.019862132
22932,0.046555553
22933,0.16564827
22934,0.06762112
22935,0.04381651
22936,0.11657619
22937,0.6194601
22938,0.098230325
22939,0.014544087
22940,0.36196452
22941,0.068108425
22942,0.18643783
22943,0.1900629
22944,0.061747756
22945,0.019449167
22946,0.049191903
22947,0.02655022
22948,0.11069087
22949,0.17269969
22950,0.037849605
22951,0.15011686
22952,0.080065936
22953,0.07082988
22954,0.01890374
22955,0.06176435
22956,0.07462968
22957,0.015108645
22958,0.12569873
22959,0.16883852
22960,0.2485306
22961,0.10725601
22962,0.033399317
22963,0.1260933
22964,0.17669114
22965,0.362321
22966,0.062797815
22967,0.0476002
22968,0.05269976
22969,0.5047748
22970,0.03444476
22971,0.07134065
22972,0.37829527
22973,0.14493154
22974,0.00956222
22975,0.017398316
22976,0.0051941522
22977,0.038106736
22978,0.064557016
22979,0.24298702
22980,0.24856964
22981,0.011460988
22982,0.10488741
22983,0.10161311
22984,0.15311272
22985,0.16140299
22986,0.1454723
22987,0.17889385
22988,0.37756115
22989,0.0825162
22990,0.049476493
22991,0.07892034
22992,0.05051478
22993,0.1821758
22994,0.9392198
22995,0.0024390498
22996,0.040054277
22997,0.4040521
22998,0.016249377
22999,0.045978602
23000,0.26812816
23001,0.012584364
23002,0.011790048
23003,0.052256864
23004,0.091365844
23005,0.018665735
23006,0.051670406
23007,0.005461173
23008,0.4613781
23009,0.2187483
23010,0.08886974
23011,0.26210487
23012,0.15637653
23013,0.18426934
23014,0.36162648
23015,0.39538753
23016,0.16776854
23017,0.10255092
23018,0.2607185
23019,0.96175945
23020,0.31891698
23021,0.30318946
23022,0.023978429
23023,0.22017969
23024,0.05737361
23025,0.025085775
23026,0.021906342
23027,0.062841766
23028,0.006305289
23029,0.013407863
23030,0.034139603
23031,0.07221531
23032,0.11476412
23033,0.116064146
23034,0.12910454
23035,0.0901205
23036,0.24396023
23037,0.37181067
23038,0.024029316
23039,0.104054585
23040,0.2535564
23041,0.014741955
23042,0.06856583
23043,0.9570727
23044,0.87935656
23045,0.6095296
23046,0.0019000605
23047,0.02451116
23048,0.08722641
23049,0.40503398
23050,0.07059023
23051,0.016019654
23052,0.06840269
23053,0.049245205
23054,0.006327859
23055,0.055814657
23056,0.073150024
23057,0.054714683
23058,0.016003953
23059,0.40541458
23060,0.02241249
23061,0.03776782
23062,0.23989774
23063,0.11731393
23064,0.05661357
23065,0.04601065
23066,0.3670057
23067,0.21806318
23068,0.02355504
23069,0.11586344
23070,0.097102806
23071,0.098272815
23072,0.9341606
23073,0.9066179
23074,0.57566386
23075,0.012455551
23076,0.06118775
23077,0.027928388
23078,0.426214
23079,0.08313296
23080,0.26153055
23081,0.035310026
23082,0.0811828
23083,0.019918092
23084,0.12332498
23085,0.11691067
23086,0.16116339
23087,0.15530778
23088,0.48423755
23089,0.45103374
23090,0.24813104
23091,0.13181278
23092,0.0815895
23093,0.06566244
23094,0.114980176
23095,0.04944636
23096,0.2114125
23097,0.1271284
23098,0.1431787
23099,0.05871591
23100,0.105716005
23101,0.026807064
23102,0.8300384
23103,0.97602224
23104,0.97374684
23105,0.14139229
23106,0.052955277
23107,0.24039304
23108,0.39855847
23109,0.02008133
23110,0.055562437
23111,0.11744032
23112,0.051758584
23113,0.3836075
23114,0.993152
23115,0.07838989
23116,0.11765133
23117,0.10660247
23118,0.16779056
23119,0.07143891
23120,0.3777481
23121,0.24000682
23122,0.024809547
23123,0.088427015
23124,0.093999475
23125,0.08467207
23126,0.053461563
23127,0.030424103
23128,0.266133
23129,0.31019396
23130,0.17537281
23131,0.088542655
23132,0.020889353
23133,0.090313084
23134,0.06900376
23135,0.18717983
23136,0.031542607
23137,0.038566563
23138,0.05425005
23139,0.014311067
23140,0.019674381
23141,0.04721468
23142,0.048089128
23143,0.43625462
23144,0.606536
23145,0.2890216
23146,0.2780739
23147,0.12830934
23148,0.16470003
23149,0.15957859
23150,0.52586085
23151,0.07154149
23152,0.03430672
23153,0.029661508
23154,0.16881052
23155,0.17612496
23156,0.14807634
23157,0.3258744
23158,0.27214602
23159,0.16942291
23160,0.8452715
23161,0.09364778
23162,0.012912662
23163,0.15050629
23164,0.2466082
23165,0.019136336
23166,0.059944637
23167,0.3080806
23168,0.07349917
23169,0.036920313
23170,0.039497096
23171,0.05266138
23172,0.15980144
23173,0.3954782
23174,0.20630638
23175,0.5165513
23176,0.30395693
23177,0.16629155
23178,0.13377102
23179,0.23051603
23180,0.020226678
23181,0.17792363
23182,0.078505255
23183,0.04995419
23184,0.4709109
23185,0.2513307
23186,0.04155848
23187,0.4732179
23188,0.28254277
23189,0.0018127763
23190,0.06458605
23191,0.11674466
23192,0.07644834
23193,0.042957947
23194,0.008877754
23195,0.016149903
23196,0.035193756
23197,0.059379555
23198,0.10608585
23199,0.10971249
23200,0.14625826
23201,0.38208318
23202,0.73802155
23203,0.3973822
23204,0.38862726
23205,0.59528357
23206,0.08671357
23207,0.01865326
23208,0.06416191
23209,0.06483037
23210,0.23323429
23211,0.2560447
23212,0.07124559
23213,0.023854163
23214,0.06742897
23215,0.13134043
23216,0.016578821
23217,0.045360994
23218,0.1131692
23219,0.020678245
23220,0.035054732
23221,0.01759115
23222,0.06342815
23223,0.008508681
23224,0.037698366
23225,0.086785905
23226,0.068779156
23227,0.07310442
23228,0.2428964
23229,0.2636518
23230,0.37384006
23231,0.6792675
23232,0.5422386
23233,0.28750175
23234,0.2248036
23235,0.041868433
23236,0.04977836
23237,0.10456131
23238,0.011164479
23239,0.02793159
23240,1.0317438
23241,0.04688257
23242,0.0147436075
23243,0.08286365
23244,0.04999062
23245,0.08625658
23246,0.0325642
23247,0.055251095
23248,0.0118484935
23249,0.039816868
23250,0.013713208
23251,0.014894349
23252,0.030812152
23253,0.09062678
23254,0.12653157
23255,0.5409983
23256,0.3780256
23257,0.25566113
23258,1.0394312
23259,0.30100414
23260,0.44621786
23261,0.2554555
23262,0.037724555
23263,0.025711464
23264,0.033910558
23265,0.045157555
23266,0.05356979
23267,0.03427531
23268,0.057920314
23269,0.4274577
23270,0.21510763
23271,0.26843983
23272,0.021843087
23273,0.08857659
23274,0.119738266
23275,0.12360689
23276,0.24887003
23277,0.037504584
23278,0.0035151816
23279,0.02607333
23280,0.0069995048
23281,0.044738464
23282,0.16156667
23283,0.95799077
23284,0.3907482
23285,0.4889017
23286,0.24664344
23287,0.26264
23288,0.16744019
23289,0.24341026
23290,0.023376236
23291,0.012254835
23292,0.023392351
23293,0.00812485
23294,0.028392347
23295,0.113550365
23296,0.1263253
23297,0.06843072
23298,0.181064
23299,0.024237307
23300,0.07544821
23301,0.008721918
23302,0.3612558
23303,0.04464552
23304,0.13223866
23305,0.25361034
23306,0.035596915
23307,0.23554815
23308,0.17865103
23309,0.07443063
23310,0.09652989
23311,0.02657618
23312,0.09462633
23313,0.0780976
23314,0.040451754
23315,0.12392127
23316,0.10849888
23317,0.038428236
23318,0.026120873
23319,0.121982165
23320,0.0076262834
23321,0.010927846
23322,0.015570922
23323,0.09265214
23324,0.037165828
23325,0.12870577
23326,0.036046423
23327,0.06484239
23328,0.009818887
23329,0.06020734
23330,0.16614208
23331,0.2867246
23332,0.54306006
23333,0.116941445
23334,0.052634113
23335,0.012726421
23336,0.059515197
23337,0.13930243
23338,0.011750917
23339,0.049987018
23340,0.012145759
23341,0.026373625
23342,0.018224265
23343,0.0098462105
23344,0.030885221
23345,0.087072544
23346,0.111574754
23347,0.4345035
23348,0.014010429
23349,0.018454444
23350,0.056322433
23351,0.07166347
23352,0.096884646
23353,0.38895875
23354,0.116998546
23355,0.2391297
23356,0.02678687
23357,0.0128037045
23358,0.081552066
23359,0.12978429
23360,0.04970458
23361,0.00973016
23362,0.014429838
23363,0.011714317
23364,0.28402054
23365,0.028761521
23366,0.011107518
23367,0.013173536
23368,0.032435197
23369,0.14657106
23370,0.073307656
23371,0.046227444
23372,0.01623632
23373,0.025666526
23374,0.06692078
23375,0.36925244
23376,0.02903273
23377,0.017529914
23378,0.026366614
23379,0.038589723
23380,0.05769496
23381,0.26623988
23382,0.065173306
23383,0.16249485
23384,0.10813294
23385,0.030595846
23386,0.016197745
23387,0.045252737
23388,0.040762853
23389,0.028215311
23390,0.47310334
23391,0.262093
23392,0.018433893
23393,0.1048394
23394,0.061827794
23395,0.007673081
23396,0.009726782
23397,0.40041813
23398,0.6121385
23399,0.23696609
23400,0.055094726
23401,0.08476603
23402,0.041377038
23403,0.037225787
23404,0.08947124
23405,0.10075606
23406,0.09138037
23407,0.8830601
23408,0.07442633
23409,0.015132436
23410,0.07775505
23411,0.07983605
23412,0.018509353
23413,0.032232065
23414,0.13134016
23415,0.40051314
23416,0.074127436
23417,0.15974015
23418,0.024699213
23419,0.04344471
23420,0.10154416
23421,0.03428526
23422,0.027218156
23423,0.049568824
23424,0.050177094
23425,0.017901808
23426,0.01815278
23427,0.055011436
23428,0.015808303
23429,0.14213778
23430,0.03420137
23431,0.040917557
23432,0.013936488
23433,0.02847404
23434,0.08755787
23435,0.097711995
23436,0.020073336
23437,0.04169922
23438,0.92724943
23439,0.043564934
23440,0.10373217
23441,0.050788835
23442,0.03803699
23443,0.04481241
23444,0.056314155
23445,0.010840519
23446,0.015857391
23447,0.19730452
23448,0.02265006
23449,0.012867098
23450,0.050954908
23451,0.10912039
23452,0.01667242
23453,0.10968106
23454,0.031107424
23455,0.025565779
23456,0.04482557
23457,0.38593686
23458,0.019811437
23459,0.019456785
23460,0.050336268
23461,0.03067293
23462,0.13351446
23463,0.06878807
23464,0.013631648
23465,0.0047386796
23466,0.06462724
23467,0.17756693
23468,0.09653268
23469,0.07848269
23470,0.07104697
23471,0.030720089
23472,0.04760159
23473,0.017690113
23474,0.22663672
23475,0.16976619
23476,0.2237919
23477,0.01270439
23478,0.0370797
23479,0.010964706
23480,0.008837323
23481,0.016668733
23482,0.023875456
23483,0.008456449
23484,0.01212735
23485,0.008687724
23486,0.022078058
23487,0.012520262
23488,0.025443528
23489,0.054374225
23490,0.058222793
23491,0.12247252
23492,0.010766618
23493,0.19911906
23494,0.17525876
23495,0.008528574
23496,0.009696675
23497,0.02522264
23498,0.010960684
23499,0.01059404
23500,0.020245006
23501,0.015071316
23502,0.030567098
23503,0.011410826
23504,0.010404345
23505,0.007948496
23506,0.006661849
23507,0.086403154
23508,0.02804825
23509,0.043881197
23510,0.012800995
23511,0.012447726
23512,0.0092278905
23513,0.12047939
23514,0.027882593
23515,0.052316137
23516,0.008305626
23517,0.011464711
23518,0.029551828
23519,0.105846286
23520,0.015740206
23521,0.01032025
23522,0.38089556
23523,0.05168117
23524,0.0658015
23525,0.073932804
23526,0.016262388
23527,0.009726824
23528,0.06446277
23529,0.020723227
23530,0.09629783
23531,0.0963853
23532,0.15075286
23533,0.017837565
23534,0.028862435
23535,0.032603588
23536,0.036815513
23537,0.004392321
23538,0.008929817
23539,0.012968999
23540,0.032852937
23541,0.009279741
23542,0.010637775
23543,0.07553057
23544,0.07183571
23545,0.24923348
23546,0.016926803
23547,0.015118382
23548,0.022597348
23549,0.008555397
23550,0.012409594
23551,0.05053045
23552,0.021683164
23553,0.014049624
23554,0.028323669
23555,0.028875556
23556,0.009641268
23557,0.010977298
23558,0.02194917
23559,0.03068442
23560,0.14325263
23561,0.17202187
23562,0.017659875
23563,0.09663528
23564,0.024179732
23565,0.033944797
23566,0.021620095
23567,0.044686683
23568,0.06441383
23569,0.030990014
23570,0.032327592
23571,0.02157818
23572,0.109914914
23573,0.033716287
23574,0.030976925
23575,0.027080223
23576,0.11531397
23577,0.025041666
23578,0.047453467
23579,0.21430925
23580,0.2206684
23581,0.03166946
23582,0.14053401
23583,0.052420773
23584,0.3641543
23585,0.08932779
23586,0.13158937
23587,0.04787343
23588,0.030610405
23589,0.0124579575
23590,0.0059509967
23591,0.11596535
23592,0.05405645
23593,0.70186234
23594,0.13736941
23595,0.04792818
23596,0.025510965
23597,0.09398608
23598,0.041271653
23599,0.02105611
23600,0.046162605
23601,0.04375534
23602,0.082334146
23603,0.24976522
23604,0.4894215
23605,0.4756619
23606,0.054821495
23607,0.11731779
23608,0.2223099
23609,0.014567611
23610,0.06100126
23611,0.054162804
23612,0.05425791
23613,0.08289063
23614,0.034348864
23615,0.39946732
23616,0.13031124
23617,0.14738296
23618,0.5296331
23619,0.13147208
23620,0.49624607
23621,0.0149372425
23622,0.061610926
23623,0.30924627
23624,0.06245679
23625,0.054945156
23626,0.031003343
23627,0.074485704
23628,0.11920329
23629,0.12604494
23630,0.062081613
23631,0.036120784
23632,0.044573568
23633,0.17338519
23634,0.052208513
23635,0.028382517
23636,0.07165077
23637,0.06743502
23638,0.07998963
23639,0.026652822
23640,0.03601888
23641,0.042056616
23642,0.088413335
23643,0.028178783
23644,0.057639793
23645,0.1579444
23646,0.07882818
23647,0.2671892
23648,0.04759447
23649,0.03151274
23650,0.034774434
23651,0.011982895
23652,0.45188
23653,0.13420093
23654,0.075900435
23655,0.27835545
23656,0.41879034
23657,0.011062668
23658,0.0015191516
23659,0.094253
23660,0.042656537
23661,0.00962935
23662,0.010421368
23663,0.08919258
23664,0.10025286
23665,0.15072857
23666,0.28910866
23667,0.017442135
23668,0.33612505
23669,0.050014995
23670,0.025471268
23671,0.029366616
23672,0.35614523
23673,0.01675752
23674,0.03987878
23675,0.050649617
23676,0.057174448
23677,0.14877418
23678,0.5206755
23679,0.059415627
23680,0.06926867
23681,0.023714514
23682,0.061178714
23683,0.06386656
23684,0.0071764933
23685,0.015991107
23686,0.03216696
23687,0.008773163
23688,0.1344638
23689,0.17310148
23690,0.094073385
23691,0.078231625
23692,0.059741933
23693,0.008543072
23694,0.04308705
23695,0.032704134
23696,0.02979897
23697,0.035041645
23698,0.0037626184
23699,0.110146716
23700,0.06871089
23701,0.21935698
23702,0.014035827
23703,0.03981698
23704,0.03410417
23705,0.016116086
23706,0.012492444
23707,0.023826098
23708,0.040788062
23709,0.019422907
23710,0.027272295
23711,0.0659775
23712,0.19259803
23713,0.3789352
23714,0.040754296
23715,0.036889665
23716,0.028088082
23717,0.10868982
23718,0.062246457
23719,0.065781176
23720,0.010559494
23721,0.02755193
23722,0.24899997
23723,0.02915436
23724,0.022818685
23725,0.031067379
23726,0.0049146526
23727,0.21292888
23728,0.06538338
23729,0.235934
23730,0.2179484
23731,0.37596902
23732,0.0752248
23733,0.04865526
23734,0.017310495
23735,0.05233482
23736,0.04792262
23737,0.12478812
23738,0.04732761
23739,0.5713646
23740,0.13443963
23741,0.1153965
23742,0.04906691
23743,0.014083017
23744,0.00863554
23745,0.012345692
23746,0.062685624
23747,0.028123157
23748,0.019388475
23749,0.016041985
23750,0.02068335
23751,0.09075367
23752,0.043229993
23753,0.089347735
23754,0.06993229
23755,0.116450496
23756,0.37814015
23757,0.39705303
23758,0.07146073
23759,0.022654844
23760,0.08101156
23761,0.012964535
23762,0.042175572
23763,0.023041567
23764,0.008970398
23765,0.06865998
23766,0.06262237
23767,0.13128288
23768,0.05460821
23769,0.110743076
23770,0.036601733
23771,0.054908022
23772,0.028858226
23773,0.01412058
23774,0.15769845
23775,0.009924179
23776,0.06073825
23777,0.030485643
23778,0.009738409
23779,0.024362588
23780,0.045325037
23781,0.07317883
23782,0.0847618
23783,0.1332811
23784,0.116007574
23785,0.23896304
23786,0.25169453
23787,0.17018522
23788,0.011390046
23789,0.097975776
23790,0.012034755
23791,0.04970522
23792,0.03659263
23793,0.07818047
23794,0.030314906
23795,0.02040265
23796,0.04885305
23797,0.037742943
23798,0.014041146
23799,0.054049365
23800,0.078975536
23801,0.026677325
23802,0.063924156
23803,0.02453054
23804,0.027482362
23805,0.015864428
23806,0.014082626
23807,0.096570894
23808,0.012835782
23809,0.033821333
23810,0.13492751
23811,0.0692054
23812,0.15793468
23813,0.30954564
23814,0.11552083
23815,0.12712292
23816,0.070435986
23817,0.09089024
23818,0.079827026
23819,0.08923162
23820,0.05291006
23821,0.0069964067
23822,0.015994394
23823,0.19483703
23824,0.074822985
23825,0.075028494
23826,0.055286005
23827,0.0687517
23828,0.023306666
23829,0.02945586
23830,0.017257141
23831,0.01658799
23832,0.03957556
23833,0.31274208
23834,0.066187516
23835,0.043134116
23836,0.11959155
23837,0.6440014
23838,0.09832101
23839,0.013163645
23840,0.39962846
23841,0.07163588
23842,0.17228417
23843,0.30250114
23844,0.06339665
23845,0.022647029
23846,0.04863025
23847,0.03770666
23848,0.10892663
23849,0.16295578
23850,0.036433034
23851,0.14698443
23852,0.077276066
23853,0.07630336
23854,0.01591235
23855,0.020042503
23856,0.05845069
23857,0.07393171
23858,0.013525051
23859,0.12647054
23860,0.16854963
23861,0.2502258
23862,0.09901472
23863,0.03626995
23864,0.118621916
23865,0.19595936
23866,0.36898753
23867,0.064036414
23868,0.007613512
23869,0.04825304
23870,0.01716147
23871,0.009672618
23872,0.053525828
23873,0.48684877
23874,0.036591824
23875,0.072159864
23876,0.3576898
23877,0.1514006
23878,0.01920163
23879,0.0457312
23880,0.063637145
23881,0.24408118
23882,0.2504064
23883,0.008245311
23884,0.113686144
23885,0.105980106
23886,0.14752917
23887,0.24601118
23888,0.15571909
23889,0.1835107
23890,0.40087873
23891,0.08896832
23892,0.017474217
23893,0.04960288
23894,0.07908478
23895,0.055132326
23896,0.17770617
23897,0.8950828
23898,0.037587877
23899,0.38362053
23900,0.014525886
23901,0.0438098
23902,0.24741504
23903,0.0108516645
23904,0.05315388
23905,0.09558675
23906,0.019065674
23907,0.0530147
23908,0.0038389713
23909,0.46791154
23910,0.22445118
23911,0.08870391
23912,0.2641067
23913,0.16535763
23914,0.18175279
23915,0.39659345
23916,0.3747694
23917,0.2633705
23918,0.23186603
23919,0.12256246
23920,0.89330196
23921,0.30344853
23922,0.3911712
23923,0.004026835
23924,0.025470478
23925,0.11370715
23926,0.058784164
23927,0.026645713
23928,0.0177928
23929,0.061955377
23930,0.0045361966
23931,0.011766377
23932,0.030754136
23933,0.07504527
23934,0.12011754
23935,0.112645835
23936,0.1272845
23937,0.08959691
23938,0.24963269
23939,0.37011713
23940,0.027991807
23941,0.09431121
23942,0.25480598
23943,0.015695678
23944,0.06974074
23945,0.9846904
23946,0.9331825
23947,0.55965257
23948,0.021422004
23949,0.06674128
23950,0.40602735
23951,0.07672794
23952,0.017049164
23953,0.06798117
23954,0.008060912
23955,0.058186386
23956,0.07191124
23957,0.054761976
23958,0.012676826
23959,0.42629176
23960,0.016752617
23961,0.03191445
23962,0.1335634
23963,0.12389036
23964,0.06171865
23965,0.046984717
23966,0.4489024
23967,0.3478547
23968,0.026308468
23969,0.11390688
23970,0.10206041
23971,0.105219394
23972,0.9780975
23973,0.9901374
23974,0.5814558
23975,0.01148694
23976,0.20114201
23977,0.026308572
23978,0.4439005
23979,0.07901209
23980,0.2522972
23981,0.03781257
23982,0.09409987
23983,0.022479491
23984,0.11555261
23985,0.12682647
23986,0.16298164
23987,0.13093878
23988,0.46512637
23989,0.4728352
23990,0.37530276
23991,0.13898557
23992,0.0981039
23993,0.06849006
23994,0.11216001
23995,0.05314756
23996,0.025158184
23997,0.13340518
23998,0.15028803
23999,0.054731827
24000,0.1038157
24001,0.026186546
24002,0.8833513
24003,0.9651476
24004,1.0100422
24005,0.1423175
24006,0.048237953
24007,0.24058649
24008,0.4042409
24009,0.02225358
24010,0.0053591863
24011,0.015781607
24012,0.06090302
24013,0.119336784
24014,0.046966515
24015,0.40155572
24016,0.98311996
24017,0.073996544
24018,0.124731526
24019,0.108041495
24020,0.16919559
24021,0.07046387
24022,0.38683337
24023,0.24568535
24024,0.030287523
24025,0.08653717
24026,0.09865123
24027,0.09491021
24028,0.060016368
24029,0.038782664
24030,0.29231355
24031,0.38538125
24032,0.24792516
24033,0.07831007
24034,0.09975391
24035,0.008063299
24036,0.06830352
24037,0.17500733
24038,0.029435955
24039,0.037116114
24040,0.056047294
24041,0.017902123
24042,0.043301027
24043,0.0499894
24044,0.3959909
24045,0.588259
24046,0.2765433
24047,0.26365066
24048,0.11839023
24049,0.18567245
24050,0.24796204
24051,0.56280524
24052,0.072248064
24053,0.027182015
24054,0.031058155
24055,0.029242963
24056,0.16161029
24057,0.1801287
24058,0.24493714
24059,0.41899213
24060,0.28092974
24061,0.17014718
24062,0.922028
24063,0.11838316
24064,0.013935387
24065,0.2404422
24066,0.24976139
24067,0.01805894
24068,0.053809863
24069,0.45190448
24070,0.067576766
24071,0.035085324
24072,0.038832366
24073,0.04855169
24074,0.16312602
24075,0.39159814
24076,0.28218254
24077,0.52472204
24078,0.31614777
24079,0.17252298
24080,0.12780002
24081,0.23066923
24082,0.019110693
24083,0.16773836
24084,0.08511459
24085,0.04532281
24086,0.3986571
24087,0.2571909
24088,0.04494807
24089,0.50307816
24090,0.26808485
24091,0.0016300725
24092,0.08205029
24093,0.11629692
24094,0.07816096
24095,0.009597939
24096,0.034372743
24097,0.06319187
24098,0.10201376
24099,0.11550347
24100,0.13469654
24101,0.41197297
24102,0.7537348
24103,0.4034834
24104,0.3766155
24105,0.6046135
24106,0.1021333
24107,0.06172725
24108,0.06267674
24109,0.13279702
24110,0.17907128
24111,0.060489934
24112,0.028259356
24113,0.05923255
24114,0.1447773
24115,0.015806321
24116,0.0018702487
24117,0.050136305
24118,0.0989044
24119,0.020264756
24120,0.012381465
24121,0.032487508
24122,0.016444726
24123,0.0127382185
24124,0.03417798
24125,0.0987005
24126,0.06844153
24127,0.07897673
24128,0.24267267
24129,0.1588773
24130,0.36578712
24131,0.6509294
24132,0.65688646
24133,0.27314964
24134,0.22188887
24135,0.050353657
24136,0.09674576
24137,0.0142199425
24138,0.0058101914
24139,1.0123702
24140,0.051770594
24141,0.017220844
24142,0.07691174
24143,0.04988278
24144,0.09321699
24145,0.03648892
24146,0.052454393
24147,0.013574165
24148,0.039651614
24149,0.0034143578
24150,0.015313328
24151,0.013211197
24152,0.031234939
24153,0.10099445
24154,0.12867716
24155,0.6006215
24156,0.38156754
24157,0.25378922
24158,1.0249254
24159,0.39021635
24160,0.44692054
24161,0.24744798
24162,0.035943843
24163,0.027582468
24164,0.04693931
24165,0.051914286
24166,0.014911909
24167,0.030688131
24168,0.057058863
24169,0.43962538
24170,0.2175619
24171,0.3667936
24172,0.02360653
24173,0.08861773
24174,0.121679045
24175,0.13128445
24176,0.24496298
24177,0.042468812
24178,0.041063495
24179,0.15705839
24180,0.96982497
24181,0.39289188
24182,0.51777387
24183,0.2585302
24184,0.26898986
24185,0.16220072
24186,0.10488295
24187,0.034706313
24188,0.01992457
24189,0.028920544
24190,0.117484465
24191,0.1324219
24192,0.07854662
24193,0.17438279
24194,0.024165103
24195,0.065206036
24196,0.0081426585
24197,0.26336363
24198,0.04800746
24199,0.010220509
24200,0.1213447
24201,0.24722649
24202,0.03811855
24203,0.2418516
24204,0.16321051
24205,0.061689194
24206,0.09594085
24207,0.023973158
24208,0.085265964
24209,0.08696974
24210,0.036893424
24211,0.12630703
24212,0.11537727
24213,0.041551847
24214,0.0067420127
24215,0.111489005
24216,0.008730023
24217,0.22316186
24218,0.0053768503
24219,0.031950876
24220,0.13460581
24221,0.035654303
24222,0.06984082
24223,0.057117976
24224,0.17077936
24225,0.40526918
24226,0.4724743
24227,0.11236508
24228,0.014336687
24229,0.017927634
24230,0.032492377
24231,0.053125877
24232,0.06331629
24233,0.12400573
24234,0.009848191
24235,0.02835855
24236,0.011238566
24237,0.028414028
24238,0.018314365
24239,0.012146782
24240,0.026713222
24241,0.008561829
24242,0.08625048
24243,0.103568844
24244,0.40967506
24245,0.012547277
24246,0.015771894
24247,0.057071675
24248,0.072234176
24249,0.10201157
24250,0.3928523
24251,0.11570137
24252,0.014191014
24253,0.010942612
24254,0.22584148
24255,0.010376739
24256,0.030696956
24257,0.015573758
24258,0.08205663
24259,0.22492467
24260,0.051834226
24261,0.014965467
24262,0.011069915
24263,0.27409053
24264,0.023192784
24265,0.013446115
24266,0.027429884
24267,0.14218673
24268,0.07448387
24269,0.043397214
24270,0.019905133
24271,0.02895849
24272,0.061926316
24273,0.3759987
24274,0.029550366
24275,0.015271983
24276,0.026954038
24277,0.03719323
24278,0.06122807
24279,0.263
24280,0.060852967
24281,0.24120529
24282,0.1024411
24283,0.025439221
24284,0.044822447
24285,0.041787
24286,0.03094828
24287,0.24558283
24288,0.17498057
24289,0.019653259
24290,0.093993485
24291,0.058236755
24292,0.009917008
24293,0.36202815
24294,0.610557
24295,0.2277133
24296,0.06875917
24297,0.010737858
24298,0.08916513
24299,0.040618055
24300,0.03311959
24301,0.08685432
24302,0.100772366
24303,0.08651959
24304,0.91838247
24305,0.016098687
24306,0.09183453
24307,0.012500759
24308,0.076937
24309,0.08272179
24310,0.01594217
24311,0.029625665
24312,0.14116949
24313,0.3213989
24314,0.066755205
24315,0.25146732
24316,0.023856124
24317,0.04659962
24318,0.10109951
24319,0.031067945
24320,0.0251762
24321,0.04975916
24322,0.051763427
24323,0.028522857
24324,0.019228831
24325,0.054299314
24326,0.012722018
24327,0.11568021
24328,0.030887028
24329,0.038869776
24330,0.033428043
24331,0.08977996
24332,0.101053976
24333,0.023495406
24334,0.058303524
24335,0.95960397
24336,0.041982688
24337,0.10890818
24338,0.050722674
24339,0.032552402
24340,0.05239215
24341,0.050049618
24342,0.013682601
24343,0.19414622
24344,0.023818992
24345,0.015982926
24346,0.048845496
24347,0.22698124
24348,0.017531628
24349,0.010168637
24350,0.22194026
24351,0.03137123
24352,0.039141193
24353,0.36840764
24354,0.0336611
24355,0.017224621
24356,0.0013194088
24357,0.020518722
24358,0.012425588
24359,0.044971865
24360,0.03432211
24361,0.14093266
24362,0.083753
24363,0.0057552466
24364,0.056875084
24365,0.1656566
24366,0.1035972
24367,0.0716295
24368,0.08635982
24369,0.045975085
24370,0.01570729
24371,0.22313608
24372,0.1931988
24373,0.2392286
24374,0.0072989864
24375,0.031191759
24376,0.015834255
24377,0.011474869
24378,0.014962439
24379,0.011382192
24380,0.019856388
24381,0.016274752
24382,0.010705122
24383,0.01733148
24384,0.016554382
24385,0.008840669
24386,0.024032095
24387,0.055043906
24388,0.054015238
24389,0.12732518
24390,0.0051170797
24391,0.09805182
24392,0.007867811
24393,0.26564094
24394,0.02707361
24395,0.024876477
24396,0.010806051
24397,0.019191591
24398,0.029668227
24399,0.016591087
24400,0.0045306915
24401,0.011218797
24402,0.015169841
24403,0.010245227
24404,0.007864816
24405,0.06871608
24406,0.025811905
24407,0.051075425
24408,0.013821049
24409,0.055953406
24410,0.017949987
24411,0.011015159
24412,0.011012395
24413,0.009095989
24414,0.11713336
24415,0.022446126
24416,0.045311823
24417,0.011512337
24418,0.012338335
24419,0.028859729
24420,0.010179536
24421,0.01618361
24422,0.10822022
24423,0.010666172
24424,0.010947248
24425,0.01045201
24426,0.012471542
24427,0.41454387
24428,0.051103693
24429,0.060837474
24430,0.077859595
24431,0.0043668714
24432,0.05819672
24433,0.022754513
24434,0.10222866
24435,0.08780559
24436,0.16856954
24437,0.019504748
24438,0.027383883
24439,0.03398277
24440,0.039002787
24441,0.024009919
24442,0.025451494
24443,0.014120301
24444,0.03921624
24445,0.0103493305
24446,0.010736361
24447,0.07140965
24448,0.073072396
24449,0.028959053
24450,0.16792399
24451,0.013367227
24452,0.032331977
24453,0.008869657
24454,0.015527078
24455,0.047045436
24456,0.013477763
24457,0.029018328
24458,0.028537175
24459,0.0067345686
24460,0.034099955
24461,0.24894623
24462,0.16613266
24463,0.022153437
24464,0.09885219
24465,0.018897424
24466,0.03484873
24467,0.035607822
24468,0.030956551
24469,0.053234003
24470,0.035399117
24471,0.0055264556
24472,0.13264282
24473,0.029656773
24474,0.03813642
24475,0.15535259
24476,0.22633956
24477,0.024016635
24478,0.010769595
24479,0.23714261
24480,0.05262378
24481,0.2800489
24482,0.060135134
24483,0.15969709
24484,0.03014799
24485,0.01877167
24486,0.09776174
24487,0.010950028
24488,0.048514698
24489,0.010515952
24490,0.1114185
24491,0.04179254
24492,0.79268706
24493,0.2628008
24494,0.02965761
24495,0.14399141
24496,0.05303941
24497,0.045510806
24498,0.01731694
24499,0.02118221
24500,0.029939506
24501,0.078923106
24502,0.40809855
24503,0.5155485
24504,0.45065925
24505,0.036425967
24506,0.09379352
24507,0.12248338
24508,0.16718727
24509,0.007724399
24510,0.020387653
24511,0.06527832
24512,0.050514553
24513,0.062868275
24514,0.103120476
24515,0.040095687
24516,0.39257532
24517,0.14832799
24518,0.39341006
24519,0.5000075
24520,0.10983924
24521,0.023600115
24522,0.46400774
24523,0.01859864
24524,0.062830664
24525,0.31078675
24526,0.069836415
24527,0.054305162
24528,0.032733776
24529,0.089287974
24530,0.08492465
24531,0.112134025
24532,0.10525547
24533,0.029236214
24534,0.03578707
24535,0.06758996
24536,0.1671023
24537,0.049127646
24538,0.031389125
24539,0.075013086
24540,0.073466346
24541,0.0932202
24542,0.030799275
24543,0.042919118
24544,0.02906703
24545,0.09020111
24546,0.031946667
24547,0.05530614
24548,0.16094133
24549,0.10305075
24550,0.28158668
24551,0.056022115
24552,0.039819226
24553,0.024401946
24554,0.012884423
24555,0.012148439
24556,0.014562927
24557,0.4546375
24558,0.13083643
24559,0.08467011
24560,0.17114937
24561,0.18539864
24562,0.10417844
24563,0.058946576
24564,0.036771785
24565,0.082124434
24566,0.09124523
24567,0.14342597
24568,0.29078907
24569,0.015623044
24570,0.37461013
24571,0.053679883
24572,0.008543948
24573,0.029950293
24574,0.28287232
24575,0.017911654
24576,0.040861435
24577,0.009184581
24578,0.07957299
24579,0.03328351
24580,0.027154878
24581,0.14924817
24582,0.49522328
24583,0.07257199
24584,0.09333288
24585,0.020526808
24586,0.026398571
24587,0.05821287
24588,0.07800389
24589,0.010091592
24590,0.02709821
24591,0.0118552465
24592,0.1331527
24593,0.18348637
24594,0.106247865
24595,0.097435765
24596,0.06906613
24597,0.0121950405
24598,0.041401718
24599,0.034481112
24600,0.028992146
24601,0.037771363
24602,0.085525766
24603,0.06930485
24604,0.3499689
24605,0.015540536
24606,0.042317323
24607,0.03150127
24608,0.016695447
24609,0.01504176
24610,0.02564661
24611,0.045011606
24612,0.023536026
24613,0.025614498
24614,0.064221576
24615,0.2644936
24616,0.40203214
24617,0.04249821
24618,0.040795587
24619,0.033790544
24620,0.0988171
24621,0.06848271
24622,0.069183305
24623,0.014332609
24624,0.012002989
24625,0.02544785
24626,0.24468705
24627,0.029921789
24628,0.025298096
24629,0.031847306
24630,0.007020285
24631,0.21566321
24632,0.06963252
24633,0.37359014
24634,0.38546497
24635,0.3929126
24636,0.0722211
24637,0.043103524
24638,0.019891202
24639,0.05471682
24640,0.043074194
24641,0.16526861
24642,0.052001342
24643,0.5500091
24644,0.10787167
24645,0.023230147
24646,0.11689513
24647,0.051967222
24648,0.047102477
24649,0.013061017
24650,0.014019724
24651,0.012547541
24652,0.07494979
24653,0.029263088
24654,0.02045665
24655,0.013835484
24656,0.018651295
24657,0.021836571
24658,0.087553665
24659,0.047950204
24660,0.09083282
24661,0.06339452
24662,0.11105146
24663,0.3812209
24664,0.4054289
24665,0.07084114
24666,0.023509284
24667,0.07139491
24668,0.015272315
24669,0.03844308
24670,0.024114046
24671,0.08065857
24672,0.060042426
24673,0.12383031
24674,0.04483852
24675,0.11555076
24676,0.038914364
24677,0.056534473
24678,0.02759887
24679,0.015976658
24680,0.15628234
24681,0.027227473
24682,0.07683229
24683,0.028073119
24684,0.007997988
24685,0.027423086
24686,0.038399104
24687,0.0682871
24688,0.08577245
24689,0.13723364
24690,0.119181
24691,0.36904922
24692,0.23892812
24693,0.2570592
24694,0.0113285715
24695,0.09512778
24696,0.011832888
24697,0.05679736
24698,0.04309948
24699,0.084377624
24700,0.026582835
24701,0.02079032
24702,0.052047532
24703,0.048910055
24704,0.01586098
24705,0.054949578
24706,0.0794639
24707,0.02943785
24708,0.06526337
24709,0.03126339
24710,0.01712595
24711,0.09098316
24712,0.01583576
24713,0.039274547
24714,0.14247711
24715,0.070403844
24716,0.14178705
24717,0.3455517
24718,0.11674586
24719,0.12067908
24720,0.074230246
24721,0.22207081
24722,0.07699065
24723,0.08769011
24724,0.056625936
24725,0.008732528
24726,0.0077869045
24727,0.019740326
24728,0.29350787
24729,0.08243999
24730,0.083309874
24731,0.06087795
24732,0.07329969
24733,0.013492816
24734,0.029609779
24735,0.018845413
24736,0.036953565
24737,0.31140822
24738,0.06648828
24739,0.041502524
24740,0.12059282
24741,0.69286627
24742,0.100006804
24743,0.014114611
24744,0.345073
24745,0.069361106
24746,0.23228493
24747,0.2962005
24748,0.07096075
24749,0.058137592
24750,0.054505713
24751,0.10981817
24752,0.18182224
24753,0.039677538
24754,0.14615683
24755,0.080281414
24756,0.006767451
24757,0.074464016
24758,0.018063951
24759,0.058268335
24760,0.08528707
24761,0.016112272
24762,0.11965226
24763,0.1555534
24764,0.25479087
24765,0.09226594
24766,0.035405207
24767,0.11273946
24768,0.19100673
24769,0.36579838
24770,0.066703685
24771,0.008007002
24772,0.05500392
24773,0.024813352
24774,0.007436187
24775,0.06317
24776,0.55658597
24777,0.03931388
24778,0.11454759
24779,0.4096264
24780,0.1511674
24781,0.015909282
24782,0.009654706
24783,0.040204268
24784,0.06642446
24785,0.24384858
24786,0.45433477
24787,0.008361228
24788,0.23148121
24789,0.10082653
24790,0.24963036
24791,0.24198267
24792,0.13340285
24793,0.18393767
24794,0.37031898
24795,0.08019798
24796,0.058546677
24797,0.09099335
24798,0.05281444
24799,0.2772351
24800,0.99344474
24801,0.0066754255
24802,0.049254823
24803,0.41102242
24804,0.014938716
24805,0.041862085
24806,0.20860632
24807,0.012164992
24808,0.057720084
24809,0.0879077
24810,0.017298283
24811,0.05808878
24812,0.009028811
24813,0.5133051
24814,0.37391055
24815,0.0859628
24816,0.2549604
24817,0.14305931
24818,0.24686554
24819,0.36651716
24820,0.28139195
24821,0.030144673
24822,0.25748876
24823,0.23172867
24824,0.1274635
24825,1.0251588
24826,0.2974296
24827,0.30729404
24828,0.009270272
24829,0.02617178
24830,0.2036981
24831,0.07237149
24832,0.03208532
24833,0.02432347
24834,0.012444028
24835,0.059671
24836,0.010919515
24837,0.014711497
24838,0.039746355
24839,0.21883056
24840,0.10985088
24841,0.10749391
24842,0.11466651
24843,0.09144466
24844,0.36311758
24845,0.23061089
24846,0.029867578
24847,0.09950837
24848,0.2584957
24849,0.018331734
24850,0.0617986
24851,1.0041155
24852,1.0038109
24853,0.6347941
24854,0.025979
24855,0.018259011
24856,0.09597149
24857,0.42543074
24858,0.09010483
24859,0.07437036
24860,0.058921065
24861,0.067855634
24862,0.05301765
24863,0.01698657
24864,0.45086858
24865,0.020197725
24866,0.036864072
24867,0.118050076
24868,0.113510564
24869,0.05822125
24870,0.04379422
24871,0.4097566
24872,0.3781606
24873,0.02581588
24874,0.11251782
24875,0.101649754
24876,0.10547234
24877,1.0198748
24878,0.94232583
24879,0.5698011
24880,0.21721798
24881,0.026863733
24882,0.009768637
24883,0.40317476
24884,0.07594369
24885,0.25718653
24886,0.03988925
24887,0.09401496
24888,0.020895755
24889,0.1232067
24890,0.11562023
24891,0.16922021
24892,0.1475871
24893,0.45419678
24894,0.43839523
24895,0.38302338
24896,0.13456774
24897,0.098898925
24898,0.06466452
24899,0.10668508
24900,0.055759795
24901,0.027117653
24902,0.019629095
24903,0.10521998
24904,0.15459718
24905,0.077386625
24906,0.10605355
24907,0.027435834
24908,0.9648515
24909,1.0122749
24910,0.99610925
24911,0.13330303
24912,0.04571194
24913,0.23846018
24914,0.4129212
24915,0.026793152
24916,0.012282114
24917,0.018313156
24918,0.01679674
24919,0.05520227
24920,0.103948765
24921,0.05842547
24922,0.38615322
24923,0.9856112
24924,0.07105829
24925,0.11595061
24926,0.10829754
24927,0.16048357
24928,0.07516645
24929,0.3734731
24930,0.14903882
24931,0.028228994
24932,0.09474491
24933,0.10071633
24934,0.09422985
24935,0.056551572
24936,0.021392858
24937,0.26681492
24938,0.29245245
24939,0.170231
24940,0.08332709
24941,0.02264157
24942,0.10263626
24943,0.07357217
24944,0.28088143
24945,0.03315949
24946,0.043123297
24947,0.061669532
24948,0.023424782
24949,0.04687805
24950,0.05281371
24951,0.44063056
24952,0.57891095
24953,0.38367274
24954,0.1715587
24955,0.113107525
24956,0.18473001
24957,0.14540142
24958,0.5698335
24959,0.07286129
24960,0.03501633
24961,0.030175675
24962,0.24300271
24963,0.15539299
24964,0.45274165
24965,0.45339254
24966,0.37047172
24967,0.24642114
24968,0.84292686
24969,0.10331948
24970,0.015347301
24971,0.2446753
24972,0.24074697
24973,0.026346587
24974,0.053052675
24975,0.30141288
24976,0.07132026
24977,0.03751328
24978,0.035568923
24979,0.051268373
24980,0.15671858
24981,0.37644997
24982,0.27075762
24983,0.5310778
24984,0.28115866
24985,0.15109283
24986,0.12694307
24987,0.381614
24988,0.022783393
24989,0.16347425
24990,0.08107628
24991,0.05048508
24992,0.44613522
24993,0.2419812
24994,0.051152542
24995,0.5091343
24996,0.27373725
24997,0.004707291
24998,0.08159925
24999,0.13705619
25000,0.07698883
25001,0.009989614
25002,0.012224816
25003,0.0060507474
25004,0.030153329
25005,0.06156386
25006,0.09632086
25007,0.104124084
25008,0.12160959
25009,0.38489673
25010,0.7930596
25011,0.37014604
25012,0.38789725
25013,0.62846977
25014,0.09545019
25015,0.064594395
25016,0.06840353
25017,0.14130788
25018,0.18608454
25019,0.06315054
25020,0.031030111
25021,0.003207756
25022,0.06548841
25023,0.14157543
25024,0.018643083
25025,0.04777153
25026,0.12153665
25027,0.012177354
25028,0.033547543
25029,0.01834758
25030,0.021743877
25031,0.010038823
25032,0.033756115
25033,0.08212098
25034,0.06561116
25035,0.07828802
25036,0.36791167
25037,0.23655772
25038,0.35577968
25039,0.6594417
25040,0.57830495
25041,0.39203393
25042,0.26365513
25043,0.03467585
25044,0.023765426
25045,0.051914673
25046,0.11722914
25047,0.013004919
25048,0.028207269
25049,1.014958
25050,0.054546453
25051,0.016229786
25052,0.075861804
25053,0.048990235
25054,0.101806626
25055,0.039394293
25056,0.057335947
25057,0.017246798
25058,0.041027416
25059,0.01534791
25060,0.013502811
25061,0.035191868
25062,0.080521785
25063,0.116146
25064,0.5334596
25065,0.39179522
25066,0.24705325
25067,1.0901787
25068,0.36523703
25069,0.4448866
25070,0.25330833
25071,0.038706914
25072,0.02544205
25073,0.04499825
25074,0.053410936
25075,0.032850765
25076,0.063638434
25077,0.3920722
25078,0.2186504
25079,0.37831673
25080,0.026422597
25081,0.08970317
25082,0.12155371
25083,0.1412151
25084,0.25073898
25085,0.21446885
25086,0.028450133
25087,0.044321455
25088,0.15556926
25089,1.0098323
25090,0.39956895
25091,0.613144
25092,0.40553588
25093,0.2521887
25094,0.17121483
25095,0.24356687
25096,0.044410255
25097,0.028543359
25098,0.012191432
25099,0.01067016
25100,0.05521856
25101,0.027760705
25102,0.107746914
25103,0.13479318
25104,0.083225906
25105,0.2809991
25106,0.029627966
25107,0.07809348
25108,0.009945534
25109,0.37408534
25110,0.0497402
25111,0.010683378
25112,0.1115197
25113,0.23987225
25114,0.033240307
25115,0.0051289736
25116,0.2294829
25117,0.16724849
25118,0.073972076
25119,0.11072733
25120,0.029628629
25121,0.09132477
25122,0.0890798
25123,0.039262157
25124,0.13440503
25125,0.11419708
25126,0.043459468
25127,0.025417078
25128,0.013702297
25129,0.23163944
25130,0.015166215
25131,0.11106817
25132,0.03736461
25133,0.035097983
25134,0.12808138
25135,0.03591925
25136,0.060919266
25137,0.006040838
25138,0.050869454
25139,0.17251205
25140,0.37796575
25141,0.5645948
25142,0.13035312
25143,0.016654067
25144,0.016832346
25145,0.0195558
25146,0.03625931
25147,0.05363349
25148,0.013253493
25149,0.07080117
25150,0.23878834
25151,0.013737604
25152,0.025886908
25153,0.013126894
25154,0.017127065
25155,0.012735215
25156,0.024950447
25157,0.07885012
25158,0.101180896
25159,0.38509443
25160,0.014970953
25161,0.016522031
25162,0.06213124
25163,0.069797225
25164,0.10234835
25165,0.41762307
25166,0.13148677
25167,0.01085813
25168,0.23292683
25169,0.011185311
25170,0.032367337
25171,0.07720216
25172,0.13994856
25173,0.05218269
25174,0.0095975725
25175,0.016651532
25176,0.00951284
25177,0.29273358
25178,0.031199833
25179,0.018689247
25180,0.026159596
25181,0.1472859
25182,0.07609767
25183,0.042849533
25184,0.015688475
25185,0.031032525
25186,0.06143275
25187,0.37708718
25188,0.03378999
25189,0.021980911
25190,0.028109238
25191,0.04238654
25192,0.061670043
25193,0.23903531
25194,0.06437331
25195,0.24134657
25196,0.10143043
25197,0.031484634
25198,0.055738606
25199,0.04958812
25200,0.031329293
25201,0.26955035
25202,0.01704825
25203,0.17362414
25204,0.017598335
25205,0.096901484
25206,0.059218325
25207,0.010637612
25208,0.3858805
25209,0.5586722
25210,0.117024794
25211,0.06889427
25212,0.08615285
25213,0.051367912
25214,0.05002075
25215,0.22027537
25216,0.13156532
25217,0.08684899
25218,0.9511456
25219,0.017893
25220,0.08368502
25221,0.014907696
25222,0.08659469
25223,0.08672102
25224,0.01759167
25225,0.034140058
25226,0.13210689
25227,0.45455477
25228,0.07872383
25229,0.24888287
25230,0.026180172
25231,0.06724165
25232,0.0245044
25233,0.08858229
25234,0.03231684
25235,0.02685039
25236,0.0529088
25237,0.061082914
25238,0.029490812
25239,0.019861333
25240,0.06254372
25241,0.015293261
25242,0.14864866
25243,0.031498753
25244,0.04427836
25245,0.014763462
25246,0.031330153
25247,0.090924814
25248,0.100571096
25249,0.025396397
25250,0.04563924
25251,1.0063157
25252,0.05099023
25253,0.118780375
25254,0.05006941
25255,0.034904584
25256,0.044275224
25257,0.050864946
25258,0.015816094
25259,0.017169373
25260,0.27431613
25261,0.027148856
25262,0.0059487517
25263,0.04822173
25264,0.12574346
25265,0.020178974
25266,0.012029197
25267,0.12326551
25268,0.03413658
25269,0.026498405
25270,0.04019663
25271,0.38014892
25272,0.031710524
25273,0.02105047
25274,0.0073016314
25275,0.0063672145
25276,0.016362695
25277,0.049836285
25278,0.00861249
25279,0.03180071
25280,0.24795967
25281,0.07329063
25282,0.01720892
25283,0.012479268
25284,0.07730226
25285,0.1616301
25286,0.10654148
25287,0.08111215
25288,0.06969453
25289,0.033266515
25290,0.04853498
25291,0.017406167
25292,0.07859563
25293,0.23630287
25294,0.2466198
25295,0.007937473
25296,0.030441875
25297,0.013577636
25298,0.011748412
25299,0.016600758
25300,0.00893826
25301,0.019336049
25302,0.008529384
25303,0.012290524
25304,0.009027306
25305,0.016151112
25306,0.01791524
25307,0.013473267
25308,0.032061085
25309,0.06250125
25310,0.056121465
25311,0.1299216
25312,0.0054222257
25313,0.01374937
25314,0.118562445
25315,0.36680594
25316,0.026389606
25317,0.014779411
25318,0.008416962
25319,0.019524148
25320,0.0071802945
25321,0.029791672
25322,0.017601538
25323,0.01492868
25324,0.010580016
25325,0.09632262
25326,0.03071851
25327,0.04979609
25328,0.015610073
25329,0.057655524
25330,0.01565601
25331,0.010351256
25332,0.014517073
25333,0.007934895
25334,0.10777525
25335,0.025609173
25336,0.04617005
25337,0.007289181
25338,0.0118256025
25339,0.031496197
25340,0.013999011
25341,0.0146385925
25342,0.112735964
25343,0.013311251
25344,0.39087945
25345,0.065149345
25346,0.077145256
25347,0.084303364
25348,0.067918204
25349,0.02315034
25350,0.009594224
25351,0.006613289
25352,0.104149476
25353,0.017585915
25354,0.10214819
25355,0.18712933
25356,0.017207814
25357,0.03856241
25358,0.03279789
25359,0.027444897
25360,0.027283631
25361,0.011630005
25362,0.03565852
25363,0.012636603
25364,0.015440988
25365,0.0087839775
25366,0.094399355
25367,0.0682393
25368,0.029503461
25369,0.1747546
25370,0.018632114
25371,0.028087316
25372,0.0017204682
25373,0.011890134
25374,0.01603104
25375,0.04680535
25376,0.020651247
25377,0.017378174
25378,0.030235533
25379,0.028174732
25380,0.014084012
25381,0.022798168
25382,0.03022126
25383,0.28563794
25384,0.25270545
25385,0.020645149
25386,0.2213884
25387,0.021595526
25388,0.06394388
25389,0.042562384
25390,0.0728003
25391,-0.0011394366
25392,0.033347383
25393,0.044906117
25394,0.035978116
25395,0.06351168
25396,0.0327598
25397,0.03353079
25398,0.024774648
25399,0.11410175
25400,0.03220748
25401,0.044591133
25402,0.037889015
25403,0.15421076
25404,0.2269459
25405,0.064151675
25406,0.022195548
25407,0.22971176
25408,0.03468362
25409,0.34511557
25410,0.06534996
25411,0.2714922
25412,0.069654256
25413,0.02867551
25414,0.019835489
25415,0.10906239
25416,0.010098784
25417,0.25132623
25418,0.72431415
25419,0.12449784
25420,0.028245531
25421,0.13005306
25422,0.053374823
25423,0.029153086
25424,0.04238034
25425,0.03808684
25426,0.015046391
25427,0.04300647
25428,0.19062264
25429,0.43116915
25430,0.55922437
25431,0.41197795
25432,0.043236457
25433,0.07220517
25434,0.11985344
25435,0.14830148
25436,0.008841674
25437,0.07096672
25438,0.054049976
25439,0.060412668
25440,0.06293378
25441,0.038496144
25442,0.40234706
25443,0.12236691
25444,0.28128967
25445,0.48175865
25446,0.11941627
25447,0.026743662
25448,0.49794793
25449,0.061021533
25450,0.33920166
25451,0.07001601
25452,0.056859605
25453,0.030150928
25454,0.09614611
25455,0.10126427
25456,0.100329965
25457,0.027219534
25458,0.050678223
25459,0.068068884
25460,0.2821878
25461,0.053535067
25462,0.032982323
25463,0.07479654
25464,0.07907374
25465,0.09071909
25466,0.041629106
25467,0.034924094
25468,0.030348174
25469,0.052447066
25470,0.14202684
25471,0.18724826
25472,0.039548215
25473,0.014183618
25474,0.017974466
25475,0.43837517
25476,0.13324422
25477,0.08850339
25478,0.27810645
25479,0.29603642
25480,0.11546579
25481,0.056338288
25482,0.018707484
25483,0.021013334
25484,0.035591673
25485,0.095313825
25486,0.10533447
25487,0.26429594
25488,0.4408977
25489,0.021347567
25490,0.3309947
25491,0.05754562
25492,0.028774546
25493,0.025433907
25494,0.027540116
25495,0.289778
25496,0.021525823
25497,0.047749005
25498,0.0120098945
25499,0.07010272
25500,0.04191234
25501,0.022151057
25502,0.15354836
25503,0.33129808
25504,0.08124936
25505,0.08015756
25506,0.019525988
25507,0.022098694
25508,0.054369647
25509,0.06949629
25510,0.029726595
25511,0.13082871
25512,0.16588247
25513,0.096641436
25514,0.223418
25515,0.066408835
25516,0.040138148
25517,0.03404063
25518,0.03084033
25519,0.0332783
25520,0.005225471
25521,0.13364309
25522,0.06795212
25523,0.35545424
25524,0.014866256
25525,0.04304617
25526,0.033957887
25527,0.015058732
25528,0.017685635
25529,0.02996426
25530,0.042682003
25531,0.02690009
25532,0.06779975
25533,0.28078824
25534,0.3797979
25535,0.043850873
25536,0.03739494
25537,0.10017714
25538,0.0773933
25539,0.0148881115
25540,0.064714864
25541,0.014682
25542,0.028086096
25543,0.2463288
25544,0.029073335
25545,0.024635794
25546,0.03507202
25547,0.0061810524
25548,0.22378276
25549,0.06709227
25550,0.42705318
25551,0.35342148
25552,0.3857012
25553,0.06526726
25554,0.04405311
25555,0.023537207
25556,0.054652378
25557,0.044081364
25558,0.16345462
25559,0.046805535
25560,0.5689231
25561,0.11620251
25562,0.12058709
25563,0.06269115
25564,0.04680039
25565,0.023049718
25566,0.06557513
25567,0.01462701
25568,0.021197086
25569,0.08971756
25570,0.048757073
25571,0.093553446
25572,0.063577436
25573,0.114905976
25574,0.36972895
25575,0.38316074
25576,0.073760614
25577,0.024329003
25578,0.0896168
25579,0.017613169
25580,0.04253318
25581,0.08029557
25582,0.06280906
25583,0.1351182
25584,0.0546255
25585,0.11271168
25586,0.03907478
25587,0.055235486
25588,0.030104943
25589,0.24080709
25590,0.0095185
25591,0.026659708
25592,0.06708666
25593,0.028365845
25594,0.008517553
25595,0.025686873
25596,0.036426485
25597,0.068668276
25598,0.08030659
25599,0.13133977
25600,0.11187574
25601,0.389987
25602,0.23580624
25603,0.2610126
25604,0.013114854
25605,0.11299132
25606,0.05052089
25607,0.04137589
25608,0.08979455
25609,0.05328098
25610,0.047248326
25611,0.053854153
25612,0.07495423
25613,0.031086225
25614,0.06693955
25615,0.03232525
25616,0.09058176
25617,0.014150004
25618,0.03560389
25619,0.15328558
25620,0.07330152
25621,0.2232475
25622,0.527314
25623,0.11877434
25624,0.21814148
25625,0.073155954
25626,0.09588527
25627,0.07390744
25628,0.08362731
25629,0.056746315
25630,0.023217354
25631,0.19395632
25632,0.075373456
25633,0.08070565
25634,0.05212317
25635,0.073141366
25636,0.027198518
25637,0.019381164
25638,0.044715006
25639,0.29972616
25640,0.069032215
25641,0.043683983
25642,0.11766453
25643,0.61939245
25644,0.08694532
25645,0.014990082
25646,0.36666092
25647,0.067352094
25648,0.23092462
25649,0.29480225
25650,0.06817965
25651,0.020072041
25652,0.047865815
25653,0.10752511
25654,0.18558338
25655,0.04360556
25656,0.22808726
25657,0.0796656
25658,0.07087861
25659,0.0165056
25660,0.01801081
25661,0.05848593
25662,0.07603883
25663,0.013823863
25664,0.12048739
25665,0.16598408
25666,0.23993984
25667,0.09510547
25668,0.034795135
25669,0.112646356
25670,0.17439234
25671,0.39809778
25672,0.06360637
25673,0.055089314
25674,0.025004342
25675,0.21161318
25676,0.57164747
25677,0.036204837
25678,0.09191892
25679,0.36170468
25680,0.16383989
25681,0.019704431
25682,0.009683753
25683,0.039286416
25684,0.06782344
25685,0.42685705
25686,0.41955408
25687,0.011474856
25688,0.24671765
25689,0.10061524
25690,0.24963617
25691,0.1653319
25692,0.1407602
25693,0.17560154
25694,0.37417647
25695,0.08848547
25696,0.05058121
25697,0.10173936
25698,0.054158315
25699,0.27735046
25700,1.0139226
25701,0.050527785
25702,0.39180073
25703,0.046467125
25704,0.25731573
25705,0.052254
25706,0.08465956
25707,0.022165159
25708,0.05491652
25709,0.0066421297
25710,0.4661348
25711,0.22579966
25712,0.08941604
25713,0.25972137
25714,0.15367347
25715,0.22826949
25716,0.39697263
25717,0.39660835
25718,0.03039043
25719,0.26571247
25720,0.22865272
25721,0.124598734
25722,0.98947006
25723,0.4087286
25724,0.44379708
25725,0.0054542976
25726,0.026453601
25727,0.115439385
25728,0.07485837
25729,0.02991722
25730,0.02095148
25731,0.011679446
25732,0.008465842
25733,0.059134033
25734,0.0043886113
25735,0.0083164945
25736,0.012914187
25737,0.033473387
25738,0.22035137
25739,0.11027028
25740,0.10408519
25741,0.115127765
25742,0.22500037
25743,0.40833822
25744,0.22253558
25745,0.035185352
25746,0.10110776
25747,0.26788473
25748,0.018228544
25749,0.07399831
25750,1.0230045
25751,0.93005866
25752,0.60015255
25753,0.023833008
25754,0.016437754
25755,0.09364668
25756,0.40715116
25757,0.07827233
25758,0.018395483
25759,0.06381222
25760,0.05509945
25761,0.0059020356
25762,0.009070907
25763,0.05966992
25764,0.06723188
25765,0.05025289
25766,0.013362205
25767,0.37786585
25768,0.017573295
25769,0.032878406
25770,0.12640022
25771,0.09830209
25772,0.057035353
25773,0.045695107
25774,0.24047126
25775,0.38600728
25776,0.12217992
25777,0.10054499
25778,0.09925363
25779,1.0313725
25780,0.96202713
25781,0.6370579
25782,0.013726849
25783,0.065337375
25784,0.019918002
25785,0.008079856
25786,0.46856707
25787,0.082116656
25788,0.2619256
25789,0.03775906
25790,0.10024231
25791,0.12935917
25792,0.117046796
25793,0.16028148
25794,0.14593767
25795,0.45634553
25796,0.42440498
25797,0.24999398
25798,0.13118888
25799,0.09513181
25800,0.06663635
25801,0.11530762
25802,0.059737343
25803,0.028727697
25804,0.1277529
25805,0.1448156
25806,0.058673285
25807,0.1112115
25808,0.027783874
25809,0.89830804
25810,0.9807267
25811,0.9671691
25812,0.13473226
25813,0.04318959
25814,0.42924672
25815,0.012441387
25816,0.39010438
25817,0.010277284
25818,0.015984934
25819,0.017434578
25820,0.056914277
25821,0.10645586
25822,0.051036943
25823,0.3725996
25824,1.0539713
25825,0.059558112
25826,0.11163815
25827,0.097621486
25828,0.17005661
25829,0.075702466
25830,0.3951081
25831,0.25086755
25832,0.032574058
25833,0.09617788
25834,0.094467774
25835,0.100821905
25836,0.05275747
25837,0.02318551
25838,0.25738397
25839,0.28770489
25840,0.16525534
25841,0.078066185
25842,0.025100935
25843,0.10075667
25844,0.07143626
25845,0.28125173
25846,0.033199966
25847,0.041481733
25848,0.060382254
25849,0.015442775
25850,0.045276422
25851,0.051808696
25852,0.39980897
25853,0.5818554
25854,0.27616072
25855,0.17858021
25856,0.10839513
25857,0.1772787
25858,0.16775665
25859,0.55634844
25860,0.22803453
25861,0.036958724
25862,0.03006322
25863,0.16218433
25864,0.17889175
25865,0.25068945
25866,0.4659211
25867,0.2721964
25868,0.24303992
25869,0.9341522
25870,0.11317115
25871,0.017427415
25872,0.2531901
25873,0.24798109
25874,0.02174233
25875,0.055190578
25876,0.2849838
25877,0.0045313933
25878,0.06985481
25879,0.03111823
25880,0.03783727
25881,0.05208896
25882,0.15291727
25883,0.41916648
25884,0.27215046
25885,0.5253487
25886,0.27796113
25887,0.1690966
25888,0.14428806
25889,0.36695376
25890,0.011472879
25891,0.020798022
25892,0.1653331
25893,0.07707723
25894,0.05399486
25895,0.45495698
25896,0.25900573
25897,0.05367304
25898,0.54992235
25899,0.2633259
25900,0.00435522
25901,0.07828098
25902,0.1472752
25903,0.0772189
25904,0.009012687
25905,0.011747104
25906,0.03173543
25907,0.059470437
25908,0.092320405
25909,0.109766215
25910,0.12099523
25911,0.41910893
25912,0.73596907
25913,0.3866334
25914,0.38466886
25915,0.6092185
25916,0.100274906
25917,0.01646766
25918,0.08094095
25919,0.073855855
25920,0.15404277
25921,0.24506237
25922,0.06199012
25923,0.028836377
25924,0.066254094
25925,0.14638554
25926,0.017329045
25927,0.004376655
25928,0.049755394
25929,0.10549001
25930,0.02033531
25931,0.034508307
25932,0.018155871
25933,0.024243204
25934,0.01010282
25935,0.033490483
25936,0.08255144
25937,0.059682578
25938,0.08353396
25939,0.24316502
25940,0.15019031
25941,0.33483994
25942,0.62545687
25943,0.5776943
25944,0.28845215
25945,0.25945228
25946,0.04385409
25947,0.021961821
25948,0.048786685
25949,0.11173838
25950,0.01539903
25951,0.033087134
25952,1.0184151
25953,0.050212216
25954,0.016625093
25955,0.22100599
25956,0.060668588
25957,0.24398057
25958,0.055379286
25959,0.040431097
25960,0.014286564
25961,0.031127166
25962,0.087405205
25963,0.11633042
25964,0.5383054
25965,0.38603428
25966,0.2249811
25967,1.0468707
25968,0.35930267
25969,0.38720334
25970,0.17996016
25971,0.03206623
25972,0.02799778
25973,0.040246658
25974,0.055483773
25975,0.052550193
25976,0.034620415
25977,0.060591258
25978,0.44671622
25979,0.21238096
25980,0.36345372
25981,0.029435694
25982,0.10265374
25983,0.12138485
25984,0.124451876
25985,0.17305142
25986,0.051615544
25987,0.026364554
25988,0.009189107
25989,0.045471728
25990,0.1584117
25991,1.0095297
25992,0.39807257
25993,0.6111987
25994,0.41757047
25995,0.25488338
25996,0.1828652
25997,0.27319044
25998,0.02208173
25999,0.0594546
26000,0.034755062
26001,0.1402548
26002,0.13858375
26003,0.09997579
26004,0.28090155
26005,0.026292412
26006,0.081408255
26007,0.009645541
26008,0.367164
26009,0.052544497
26010,0.10443208
26011,0.24538438
26012,0.034497302
26013,0.0066337944
26014,0.2367787
26015,0.15539773
26016,0.07863675
26017,0.12172221
26018,0.100170545
26019,0.08159648
26020,0.044320732
26021,0.12505448
26022,0.10875308
26023,0.02446039
26024,0.0076699136
26025,0.23619331
26026,0.01143768
26027,0.012465914
26028,0.11316612
26029,0.00623598
26030,0.03041011
26031,0.13223477
26032,0.036634464
26033,0.06283108
26034,0.008519995
26035,0.051821377
26036,0.17476441
26037,0.3915768
26038,0.552649
26039,0.14445087
26040,0.018993717
26041,0.019127445
26042,0.027593555
26043,0.050693598
26044,0.015922247
26045,0.06628609
26046,0.22514345
26047,0.012083031
26048,0.029606907
26049,0.015176845
26050,0.026332686
26051,0.010079143
26052,0.025571339
26053,0.08443862
26054,0.09712405
26055,0.3948341
26056,0.012153595
26057,0.017696569
26058,0.060392246
26059,0.06852674
26060,0.09309804
26061,0.41344452
26062,0.13500302
26063,0.015490374
26064,0.009126851
26065,0.22893469
26066,0.0131107755
26067,0.027901828
26068,0.07603792
26069,0.13534304
26070,0.050888047
26071,0.010048115
26072,0.018723909
26073,0.008450605
26074,0.20330784
26075,0.027939068
26076,0.013295599
26077,0.013498886
26078,0.02910759
26079,0.13789855
26080,0.08275913
26081,0.042068083
26082,0.015453851
26083,0.02801264
26084,0.06041982
26085,0.37067917
26086,0.029621126
26087,0.02121767
26088,0.026969897
26089,0.0639272
26090,0.19679548
26091,0.070960924
26092,0.24060483
26093,0.10641211
26094,0.03301495
26095,0.015456207
26096,0.04713326
26097,0.04631267
26098,0.02849022
26099,0.19240335
26100,0.019082308
26101,0.01642906
26102,0.2759294
26103,0.015570955
26104,0.09354264
26105,0.05804745
26106,0.012376119
26107,0.29074013
26108,0.5792855
26109,0.122779064
26110,0.08645292
26111,0.015115699
26112,0.09020132
26113,0.049919926
26114,0.044003326
26115,0.22504641
26116,0.123899974
26117,0.10260609
26118,0.94990665
26119,0.08478371
26120,0.01711026
26121,0.07807808
26122,0.07948209
26123,0.019528875
26124,0.035092905
26125,0.13196068
26126,0.32097507
26127,0.07208226
26128,0.24544606
26129,0.02514813
26130,0.01903451
26131,0.09290499
26132,0.027180482
26133,0.09770039
26134,0.03234481
26135,0.0051055313
26136,0.024807647
26137,0.05175856
26138,0.066340394
26139,0.029207602
26140,0.06690311
26141,0.14666355
26142,0.02940938
26143,0.038309872
26144,0.01498641
26145,0.033677768
26146,0.09123724
26147,0.106071025
26148,0.022304159
26149,0.044988662
26150,0.9757013
26151,0.04794646
26152,0.119198814
26153,0.05153654
26154,0.034340393
26155,0.04789584
26156,0.05087472
26157,0.010781742
26158,0.014321803
26159,0.2854375
26160,0.025494978
26161,0.0062470585
26162,0.011740853
26163,0.005992216
26164,0.014707609
26165,0.008846716
26166,0.04949556
26167,0.12279095
26168,0.018617297
26169,0.009284785
26170,0.11254788
26171,0.037120137
26172,0.0245924
26173,0.04755093
26174,0.38172647
26175,0.026440497
26176,0.006748841
26177,0.020544503
26178,0.047383804
26179,0.0088670645
26180,0.030741483
26181,0.14483753
26182,0.07517182
26183,0.014575006
26184,0.018030412
26185,0.07179575
26186,0.18618082
26187,0.106800266
26188,0.08875252
26189,0.072686195
26190,0.03129728
26191,0.052009817
26192,0.015761962
26193,0.07705761
26194,0.18525319
26195,0.2503546
26196,0.010538509
26197,0.03633572
26198,0.01464786
26199,0.010379971
26200,0.013753175
26201,0.009100822
26202,0.021228423
26203,0.012112594
26204,0.014162615
26205,0.015403553
26206,0.010685427
26207,0.028820826
26208,0.06250322
26209,0.057998028
26210,0.124369524
26211,0.12481105
26212,0.008483345
26213,0.27802783
26214,0.019568563
26215,0.011028991
26216,0.026415505
26217,0.014582309
26218,0.009954171
26219,0.010172802
26220,0.015919955
26221,0.026046589
26222,0.01125461
26223,0.015175762
26224,0.014097295
26225,0.010966954
26226,0.007865714
26227,0.1000094
26228,0.031253524
26229,0.053415373
26230,0.013942946
26231,0.057997014
26232,0.022425413
26233,0.008825545
26234,0.01402519
26235,0.0070034983
26236,0.121703595
26237,0.025536338
26238,0.046708345
26239,0.0054079117
26240,0.014865676
26241,0.032555547
26242,0.011413628
26243,0.01677729
26244,0.1117358
26245,0.013139964
26246,0.014433152
26247,0.013815218
26248,0.3033608
26249,0.057142828
26250,0.07483563
26251,0.07891694
26252,0.00688188
26253,0.053920515
26254,0.022061894
26255,0.11410149
26256,0.014345432
26257,0.11170672
26258,0.1755896
26259,0.018312939
26260,0.0100802425
26261,0.03397587
26262,0.031644396
26263,0.008277146
26264,0.012976748
26265,0.008692032
26266,0.010526656
26267,0.03246193
26268,0.014098378
26269,0.091515645
26270,0.080196574
26271,0.03750218
26272,0.17910106
26273,0.014002162
26274,0.02944067
26275,0.004890201
26276,0.009454729
26277,0.0146248955
26278,0.04787073
26279,0.021035153
26280,0.025307626
26281,0.028759874
26282,0.008926522
26283,0.011534538
26284,0.02253677
26285,0.034352336
26286,0.26846322
26287,0.19139376
26288,0.009691753
26289,0.11066818
26290,0.014175891
26291,0.0190402
26292,0.044849675
26293,0.024213426
26294,0.007418611
26295,0.0312918
26296,0.04097545
26297,0.039692312
26298,0.06956019
26299,0.008875495
26300,0.031935856
26301,0.024774648
26302,0.13436499
26303,0.036401965
26304,0.03150617
26305,0.15786393
26306,0.3570754
26307,0.021688607
26308,0.022631401
26309,0.030402198
26310,0.23958941
26311,0.03146745
26312,0.17819197
26313,0.04094311
26314,0.15324797
26315,0.06488315
26316,0.032345768
26317,0.093172066
26318,0.0038346522
26319,0.034491032
26320,0.011787372
26321,0.10948161
26322,0.04947641
26323,0.78653175
26324,0.13249977
26325,0.054989368
26326,0.021478543
26327,0.13753533
26328,0.05916112
26329,0.013157132
26330,0.02943121
26331,0.04158021
26332,0.014600208
26333,0.046627223
26334,0.2521566
26335,0.47664058
26336,0.47756538
26337,0.072570525
26338,0.115448534
26339,0.14928257
26340,0.059538033
26341,0.06068285
26342,0.0681231
26343,0.08735087
26344,0.38416603
26345,0.13523278
26346,0.14032258
26347,0.44905248
26348,0.12672284
26349,0.022118796
26350,0.48454648
26351,0.016693803
26352,0.074138634
26353,0.29901874
26354,0.0598466
26355,0.050198544
26356,0.03205502
26357,0.09785192
26358,0.08306488
26359,0.11963884
26360,0.10555384
26361,0.025868392
26362,0.037223946
26363,0.06617195
26364,0.28237182
26365,0.045659743
26366,0.031892844
26367,0.070155285
26368,0.06864481
26369,0.095616065
26370,0.031057239
26371,0.029358488
26372,0.052049473
26373,0.14681189
26374,0.1656938
26375,0.06252119
26376,0.03989679
26377,0.029044013
26378,0.015168953
26379,0.004096123
26380,0.015160809
26381,0.44245863
26382,0.1165145
26383,0.09165805
26384,0.16215527
26385,0.29567635
26386,0.10967292
26387,0.058482166
26388,0.016034802
26389,0.02377109
26390,0.013899843
26391,0.03971143
26392,0.07412218
26393,0.09968754
26394,0.10017322
26395,0.26149818
26396,0.40299144
26397,0.018036569
26398,0.22270265
26399,0.05255816
26400,0.008459454
26401,0.02868532
26402,0.025293704
26403,0.28875056
26404,0.017732814
26405,0.04139944
26406,0.078004874
26407,0.036913678
26408,0.025227671
26409,0.15553297
26410,0.47963643
26411,0.075127885
26412,0.075511806
26413,0.02349709
26414,0.06731796
26415,0.07206211
26416,0.034135334
26417,0.014302924
26418,0.13698457
26419,0.16421203
26420,0.10181637
26421,0.08565037
26422,0.067400955
26423,0.009608479
26424,0.039318763
26425,0.036337808
26426,0.028413491
26427,0.035707343
26428,0.11325773
26429,0.068774976
26430,0.36409527
26431,0.01592673
26432,0.042089406
26433,0.032486107
26434,0.017509943
26435,0.014243927
26436,0.023222389
26437,0.044510376
26438,0.0080043385
26439,0.028109608
26440,0.06422452
26441,0.20880902
26442,0.386834
26443,0.042186227
26444,0.03680039
26445,0.03344212
26446,0.109760255
26447,0.07088321
26448,0.013821222
26449,0.062418792
26450,0.0143733695
26451,0.026404306
26452,0.2432463
26453,0.030654373
26454,0.023630092
26455,0.005585919
26456,0.21334611
26457,0.07017764
26458,0.3718724
26459,0.33221352
26460,0.3688116
26461,0.07160741
26462,0.048756476
26463,0.021506738
26464,0.056060996
26465,0.044360764
26466,0.009879873
26467,0.17031354
26468,0.045926217
26469,0.6147493
26470,0.112730555
26471,0.021431334
26472,0.110829815
26473,0.052241094
26474,0.046337068
26475,0.015692227
26476,0.008866364
26477,0.011764991
26478,0.07920843
26479,0.029315272
26480,0.016050553
26481,0.021259127
26482,0.08031456
26483,0.051570058
26484,0.0996681
26485,0.066601634
26486,0.11376068
26487,0.3950156
26488,0.40318903
26489,0.071216814
26490,0.027268708
26491,0.08781645
26492,0.037293416
26493,0.080195315
26494,0.06408006
26495,0.12506878
26496,0.05298495
26497,0.103626534
26498,0.03542138
26499,0.056774687
26500,0.01860526
26501,0.02309891
26502,0.26946062
26503,0.010985602
26504,0.03241208
26505,0.071378864
26506,0.029868668
26507,0.010218273
26508,0.009847636
26509,0.027876077
26510,0.031064782
26511,0.06798991
26512,0.080844276
26513,0.12910044
26514,0.11437096
26515,0.40129176
26516,0.23846874
26517,0.24669625
26518,0.0099579375
26519,0.10327459
26520,0.056712486
26521,0.04412197
26522,0.084984116
26523,0.022717573
26524,0.04704838
26525,0.013455063
26526,0.048834603
26527,0.082917556
26528,0.029586034
26529,0.06933393
26530,0.029916551
26531,0.0911968
26532,0.03760825
26533,0.14965962
26534,0.07042049
26535,0.2304029
26536,0.517464
26537,0.11369852
26538,0.11972776
26539,0.07029984
26540,0.08684357
26541,0.078712076
26542,0.09593169
26543,0.05384625
26544,0.00830058
26545,0.023680577
26546,0.36974508
26547,0.0847349
26548,0.07527986
26549,0.064100064
26550,0.06871367
26551,0.01965666
26552,0.026997965
26553,0.017920576
26554,0.02116744
26555,0.040516064
26556,0.3042528
26557,0.06392794
26558,0.042918622
26559,0.10691556
26560,0.6682977
26561,0.096949995
26562,0.01870329
26563,0.4033895
26564,0.07142951
26565,0.25629914
26566,0.30121404
26567,0.071221
26568,0.02117227
26569,0.052560933
26570,0.054987457
26571,0.11665853
26572,0.16539986
26573,0.042783804
26574,0.15710655
26575,0.09018607
26576,0.07227859
26577,0.013435658
26578,0.015651114
26579,0.060665466
26580,0.072860956
26581,0.017127903
26582,0.13403405
26583,0.15946215
26584,0.24906072
26585,0.09466571
26586,0.0387846
26587,0.11676255
26588,0.17400342
26589,0.37585098
26590,0.06330522
26591,0.05912313
26592,0.025189936
26593,0.060585286
26594,0.56640154
26595,0.081945546
26596,0.39988154
26597,0.1523313
26598,0.013734947
26599,0.017942691
26600,0.013518209
26601,0.042506203
26602,0.06663828
26603,0.42087376
26604,0.38937593
26605,0.009654976
26606,0.11099217
26607,0.10139114
26608,0.15483253
26609,0.24155082
26610,0.12718765
26611,0.18408026
26612,0.37211776
26613,0.0839309
26614,0.042963557
26615,0.08744549
26616,0.056712594
26617,0.1938624
26618,0.96457523
26619,0.047692012
26620,0.4154764
26621,0.041680206
26622,0.24829972
26623,0.048123647
26624,0.09643432
26625,0.018623319
26626,0.0577715
26627,0.0073118773
26628,0.47863877
26629,0.23654205
26630,0.08800787
26631,0.26054588
26632,0.13885832
26633,0.19514792
26634,0.37899593
26635,0.40674087
26636,0.030554192
26637,0.18713035
26638,0.23368932
26639,0.11906313
26640,1.0116811
26641,0.40976468
26642,0.41578746
26643,0.025836742
26644,0.10929587
26645,0.073740244
26646,0.03212421
26647,0.010809937
26648,0.017099416
26649,0.009284688
26650,0.058816485
26651,0.007712713
26652,0.008030952
26653,0.013995759
26654,0.034807965
26655,0.06454465
26656,0.11150595
26657,0.10761548
26658,0.12220285
26659,0.23218413
26660,0.24557358
26661,0.25437936
26662,0.031393856
26663,0.104788944
26664,0.2647871
26665,0.014537442
26666,0.069427945
26667,1.0336572
26668,0.9572575
26669,0.66192514
26670,0.0067949183
26671,0.029608404
26672,0.01674604
26673,0.088289216
26674,0.39998686
26675,0.091181934
26676,0.07270289
26677,0.008371797
26678,0.057785712
26679,0.06804076
26680,0.05145878
26681,0.011389158
26682,0.39855352
26683,0.021738233
26684,0.03630729
26685,0.123289734
26686,0.11329192
26687,0.05960227
26688,0.047661226
26689,0.23989086
26690,0.37240037
26691,0.027589213
26692,0.22176841
26693,0.098619446
26694,0.105001435
26695,1.0007528
26696,0.90015185
26697,0.61751676
26698,0.21059763
26699,0.02139452
26700,0.4379075
26701,0.084853195
26702,0.19050193
26703,0.041411735
26704,0.096866556
26705,0.021552272
26706,0.12935917
26707,0.11006699
26708,0.15587482
26709,0.13690896
26710,0.44562742
26711,0.46205682
26712,0.23286773
26713,0.1327816
26714,0.09626911
26715,0.065884724
26716,0.113268726
26717,0.053806014
26718,0.02969691
26719,0.1297893
26720,0.14431019
26721,0.06041982
26722,0.1109294
26723,0.025809595
26724,0.9361099
26725,1.045852
26726,1.0366365
26727,0.14006786
26728,0.05227343
26729,0.25327688
26730,0.0117753055
26731,0.40087378
26732,0.022054669
26733,0.009052621
26734,0.016905354
26735,0.016376782
26736,0.053333286
26737,0.10373255
26738,0.05052022
26739,0.4144099
26740,0.97983265
26741,0.075512536
26742,0.10658631
26743,0.09492886
26744,0.16239409
26745,0.08809559
26746,0.44085863
26747,0.27641064
26748,0.029029688
26749,0.090449035
26750,0.10720199
26751,0.095299765
26752,0.056894224
26753,0.022446213
26754,0.40365893
26755,0.2847789
26756,0.2543968
26757,0.072542265
26758,0.021818789
26759,0.10418067
26760,0.0121730985
26761,0.082831495
26762,0.28002214
26763,0.0321996
26764,0.042385064
26765,0.05221467
26766,0.0123144
26767,0.01727231
26768,0.048296172
26769,0.04646708
26770,0.443186
26771,0.5168034
26772,0.28333318
26773,0.16838002
26774,0.11137448
26775,0.18007654
26776,0.17024606
26777,0.5632166
26778,0.07351504
26779,0.032215424
26780,0.027083851
26781,0.16475897
26782,0.16118716
26783,0.17871013
26784,0.42668894
26785,0.37898546
26786,0.16494332
26787,0.9410191
26788,0.10352839
26789,0.018946381
26790,0.24744941
26791,0.24141474
26792,0.016865581
26793,0.29627854
26794,0.07112627
26795,0.03760989
26796,0.03804695
26797,0.048020504
26798,0.14951934
26799,0.37112838
26800,0.27399367
26801,0.5174779
26802,0.3021002
26803,0.1657413
26804,0.14018188
26805,0.37498274
26806,0.014643799
26807,0.025909435
26808,0.16597262
26809,0.079414204
26810,0.049283143
26811,0.40656158
26812,0.1949175
26813,0.044549365
26814,0.54729265
26815,0.37571713
26816,0.06656074
26817,0.13996659
26818,0.08482138
26819,0.0499277
26820,0.00908334
26821,0.034968145
26822,0.061356783
26823,0.09632086
26824,0.10345074
26825,0.12142926
26826,0.39701882
26827,0.73978317
26828,0.40778294
26829,0.3798583
26830,0.59459174
26831,0.111805454
26832,0.06771988
26833,0.068214454
26834,0.14367042
26835,0.19727278
26836,0.06373589
26837,0.025849393
26838,0.063698746
26839,0.13848433
26840,0.019474559
26841,0.0033918817
26842,0.04952847
26843,0.09919907
26844,0.021138143
26845,0.03447063
26846,0.019266402
26847,0.011186846
26848,0.034459446
26849,0.08660712
26850,0.06501267
26851,0.09356631
26852,0.41321057
26853,0.15639539
26854,0.37403578
26855,0.6545522
26856,0.53001416
26857,0.2891626
26858,0.24447656
26859,0.0516725
26860,0.10653276
26861,0.017134275
26862,1.022217
26863,0.0511966
26864,0.016321335
26865,0.068100646
26866,0.05982521
26867,0.10758908
26868,0.041252453
26869,0.05678431
26870,0.040518705
26871,0.018560627
26872,0.035729658
26873,0.08604482
26874,0.11589332
26875,0.5754333
26876,0.38103518
26877,0.24862911
26878,1.0689327
26879,0.28256938
26880,0.39028975
26881,0.15756111
26882,0.034854542
26883,0.028006976
26884,0.054298684
26885,0.054532915
26886,0.018665545
26887,0.03010011
26888,0.05918895
26889,0.45466012
26890,0.09204907
26891,0.37005293
26892,0.028223887
26893,0.10449835
26894,0.12312208
26895,0.12581353
26896,0.25051776
26897,0.21028459
26898,0.0016896832
26899,0.028974079
26900,0.15438423
26901,0.9343698
26902,0.37019536
26903,0.612163
26904,0.40014845
26905,0.26718706
26906,0.1828652
26907,0.2582489
26908,0.04027485
26909,0.019632287
26910,0.0117738005
26911,0.06328502
26912,0.032606304
26913,0.12759325
26914,0.14099663
26915,0.090683036
26916,0.1869929
26917,0.02959285
26918,0.07013379
26919,0.35786542
26920,0.05119269
26921,0.0801222
26922,0.11784807
26923,0.16578782
26924,0.032176897
26925,0.22758232
26926,0.16572674
26927,0.07364627
26928,0.10961343
26929,0.029840518
26930,0.107802145
26931,0.09070829
26932,0.037706625
26933,0.12780353
26934,0.12227947
26935,0.042796854
26936,0.03095351
26937,0.009723382
26938,0.2268845
26939,0.010213508
26940,0.011900987
26941,0.22577617
26942,0.041298617
26943,0.038474664
26944,0.12652494
26945,0.03807016
26946,0.065999545
26947,0.05514835
26948,0.17277159
26949,0.37917987
26950,0.5185921
26951,0.13587739
26952,0.011382937
26953,0.019563649
26954,0.019477533
26955,0.034092885
26956,0.06031346
26957,0.065991275
26958,0.122869365
26959,0.016227128
26960,0.03100077
26961,0.013882516
26962,0.02871021
26963,0.0224111
26964,0.009975987
26965,0.031665787
26966,0.088292815
26967,0.096762955
26968,0.4179181
26969,0.012392539
26970,0.016092319
26971,0.05766905
26972,0.08590242
26973,0.10687043
26974,0.4014264
26975,0.13387638
26976,0.0123888105
26977,0.22874062
26978,0.029688044
26979,0.014017097
26980,0.07924491
26981,0.1582444
26982,0.053028107
26983,0.012217931
26984,0.02003814
26985,0.013144605
26986,0.19703136
26987,0.012497563
26988,0.032406874
26989,0.13335812
26990,0.07547111
26991,0.042254526
26992,0.017303575
26993,0.02683107
26994,0.06793849
26995,0.3811325
26996,0.028473848
26997,0.02170215
26998,0.027144276
26999,0.036202095
27000,0.062235884
27001,0.2675297
27002,0.060234513
27003,0.23464552
27004,0.08835035
27005,0.03293651
27006,0.014480979
27007,0.044488963
27008,0.04960229
27009,0.031160653
27010,0.4885431
27011,0.016602866
27012,0.01458363
27013,0.27433935
27014,0.018131895
27015,0.09968234
27016,0.052076407
27017,0.012304551
27018,0.29726824
27019,0.56815815
27020,0.118407816
27021,0.077076174
27022,0.012303731
27023,0.08654039
27024,0.053708304
27025,0.047514893
27026,0.10613565
27027,0.11075334
27028,0.08944907
27029,1.0061432
27030,0.085402444
27031,0.014266881
27032,0.079797044
27033,0.074868664
27034,0.017743912
27035,0.0361005
27036,0.1328048
27037,0.3142911
27038,0.070703015
27039,0.25115386
27040,0.024644282
27041,0.08204479
27042,0.023867307
27043,0.08489822
27044,0.03003186
27045,0.02775211
27046,0.053551078
27047,0.06400303
27048,0.032720376
27049,0.067590095
27050,0.15200043
27051,0.031181287
27052,0.039760288
27053,0.027392808
27054,0.08445152
27055,0.101187944
27056,0.025462303
27057,0.050187994
27058,0.9608808
27059,0.05482167
27060,0.119769745
27061,0.047825225
27062,0.03674298
27063,0.047437824
27064,0.048040483
27065,0.015088465
27066,0.016963694
27067,0.18551797
27068,0.027965408
27069,0.0046915975
27070,0.015504446
27071,0.051970348
27072,0.12626576
27073,0.020322196
27074,0.11974731
27075,0.03658898
27076,0.029437369
27077,0.04487887
27078,0.3763548
27079,0.020250447
27080,0.020472214
27081,0.007859878
27082,0.014949044
27083,0.052053824
27084,0.02836857
27085,0.14339797
27086,0.0835409
27087,0.012918044
27088,0.019071355
27089,0.014758352
27090,0.07136109
27091,0.25145006
27092,0.11981531
27093,0.084998
27094,0.07106513
27095,0.03270498
27096,0.052416872
27097,0.09044741
27098,0.24162218
27099,0.24619228
27100,0.035977475
27101,0.016081024
27102,0.0129452655
27103,0.019356878
27104,0.009704969
27105,0.022757938
27106,0.011268455
27107,0.013062205
27108,0.013386612
27109,0.016292598
27110,0.020160211
27111,0.025966702
27112,0.060894016
27113,0.054239377
27114,0.12688008
27115,0.013487824
27116,0.12290006
27117,0.008561215
27118,0.28247544
27119,0.009209078
27120,0.010977784
27121,0.023951128
27122,0.009978494
27123,0.012077466
27124,0.009444226
27125,0.027311673
27126,0.011235362
27127,0.017737677
27128,0.0076514035
27129,0.008621981
27130,0.092275165
27131,0.030051146
27132,0.051425986
27133,0.014596707
27134,0.06231468
27135,0.016562372
27136,0.014377805
27137,0.011419344
27138,0.12281813
27139,0.02561932
27140,0.04808306
27141,0.009118022
27142,0.0069455025
27143,0.02882504
27144,0.009854514
27145,0.10842966
27146,0.018346021
27147,0.005309643
27148,0.011123099
27149,0.011763127
27150,0.2843326
27151,0.0583732
27152,0.065823644
27153,0.078559294
27154,0.012444719
27155,0.005799314
27156,0.0084721465
27157,0.056116056
27158,0.021547472
27159,0.0097063845
27160,0.10846686
27161,0.017192284
27162,0.10499617
27163,0.00998199
27164,0.16445266
27165,0.0124621475
27166,0.0279753
27167,0.031115023
27168,0.03263182
27169,0.02568913
27170,0.0076260525
27171,0.008875397
27172,0.0112772705
27173,0.036628626
27174,0.0126467
27175,0.007885493
27176,0.089854136
27177,0.070346884
27178,0.19132547
27179,0.027893355
27180,0.016874399
27181,0.005294209
27182,0.0017791387
27183,0.008833883
27184,0.017750056
27185,0.050545447
27186,0.02473971
27187,0.009200528
27188,0.010951206
27189,0.022030601
27190,0.035764962
27191,0.14899212
27192,0.2459432
27193,0.014632882
27194,0.09611478
27195,0.022022372
27196,0.019995013
27197,0.045781493
27198,0.049761523
27199,0.010493439
27200,0.032164596
27201,0.04508637
27202,0.03970209
27203,0.098164745
27204,0.042558633
27205,0.007163093
27206,0.025917552
27207,0.12557998
27208,0.029932588
27209,0.03734805
27210,0.041509964
27211,0.16510972
27212,0.3468612
27213,0.015846433
27214,0.34743088
27215,0.030735938
27216,0.19381835
27217,0.041620854
27218,0.14999649
27219,0.02646495
27220,0.096237205
27221,0.006413294
27222,0.011177241
27223,0.102733664
27224,0.054713603
27225,0.7578885
27226,0.11672099
27227,0.023154749
27228,0.13299814
27229,0.030037908
27230,0.040861357
27231,0.032166913
27232,0.015682787
27233,0.03430965
27234,0.07490318
27235,0.10993052
27236,0.5060255
27237,0.45369953
27238,0.050237108
27239,0.114507034
27240,0.15862493
27241,0.018608363
27242,0.07403072
27243,0.048123002
27244,0.06770614
27245,0.0430301
27246,0.4029056
27247,0.21290483
27248,0.14532433
27249,0.5173696
27250,0.10489588
27251,0.45547938
27252,0.06829328
27253,0.32975072
27254,0.056460876
27255,0.049128097
27256,0.030755244
27257,0.10073448
27258,0.090637594
27259,0.08035573
27260,0.10125598
27261,0.029278696
27262,0.06858031
27263,0.39036724
27264,0.05021521
27265,0.03520826
27266,0.07121429
27267,0.0690976
27268,0.09572272
27269,0.04134258
27270,0.031841192
27271,0.030217225
27272,0.054607525
27273,0.15756321
27274,0.07821862
27275,0.1711634
27276,0.057515834
27277,0.035972852
27278,0.023296706
27279,0.015675955
27280,0.012650158
27281,0.4530134
27282,0.1067807
27283,0.095699646
27284,0.16109817
27285,0.29409894
27286,0.0036865473
27287,0.11220444
27288,0.059114635
27289,0.01579136
27290,0.023227878
27291,0.036971748
27292,0.08001597
27293,0.09233061
27294,0.091311745
27295,0.14516841
27296,0.4348563
27297,0.016378101
27298,0.36114252
27299,0.04625322
27300,0.007976417
27301,0.026324462
27302,0.025433907
27303,0.02744632
27304,0.37705374
27305,0.015967969
27306,0.040651053
27307,0.07990661
27308,0.04273547
27309,0.026803808
27310,0.1505687
27311,0.5544864
27312,0.0699081
27313,0.08134541
27314,0.018859217
27315,0.021738637
27316,0.061907224
27317,0.07547865
27318,0.009721604
27319,0.034329116
27320,0.13126533
27321,0.15740077
27322,0.0955324
27323,0.10090652
27324,0.07661715
27325,0.037701625
27326,0.03342652
27327,0.029105706
27328,0.034150325
27329,0.10125387
27330,0.06538546
27331,0.36078307
27332,0.015608874
27333,0.046774134
27334,0.03155287
27335,0.019320423
27336,0.015277038
27337,0.026862064
27338,0.045066718
27339,0.027128737
27340,0.06489463
27341,0.18434538
27342,0.27835584
27343,0.04255828
27344,0.037242517
27345,0.03811525
27346,0.10936054
27347,0.07567934
27348,0.015610297
27349,0.059278302
27350,0.013662429
27351,0.025075024
27352,0.16881059
27353,0.03200775
27354,0.024084883
27355,0.0022289385
27356,0.20650427
27357,0.0686822
27358,0.43348685
27359,0.36040145
27360,0.22801866
27361,0.07104433
27362,0.048881266
27363,0.024037035
27364,0.056156397
27365,0.042904582
27366,0.011818907
27367,0.15401472
27368,0.044505186
27369,0.46577477
27370,0.11898082
27371,0.016661346
27372,0.01408652
27373,0.11072336
27374,0.052531503
27375,0.04788642
27376,0.018142393
27377,0.011542717
27378,0.07374914
27379,0.032709826
27380,0.020555181
27381,0.021831814
27382,0.08308862
27383,0.051192466
27384,0.08991258
27385,0.0659219
27386,0.11887601
27387,0.23489031
27388,0.36883718
27389,0.07666943
27390,0.023640316
27391,0.08463627
27392,0.015643362
27393,0.036194913
27394,0.009229059
27395,0.080195315
27396,0.065498866
27397,0.13590659
27398,0.055484734
27399,0.10485702
27400,0.035629567
27401,0.048050653
27402,0.031107336
27403,0.01579072
27404,0.019592613
27405,0.1460703
27406,0.010352221
27407,0.028001817
27408,0.070441656
27409,0.008835007
27410,0.010931462
27411,0.02598786
27412,0.036447138
27413,0.06618174
27414,0.08673228
27415,0.12941799
27416,0.117271796
27417,0.37711063
27418,0.24099341
27419,0.2550009
27420,0.0117163155
27421,0.09877908
27422,0.053482942
27423,0.044068202
27424,0.09051233
27425,0.030506175
27426,0.05092085
27427,0.044852093
27428,0.011368278
27429,0.050716072
27430,0.07072475
27431,0.027346453
27432,0.06345507
27433,0.024149088
27434,0.017155807
27435,0.10497201
27436,0.034440976
27437,0.15751013
27438,0.068816476
27439,0.1459192
27440,0.49717715
27441,0.116345644
27442,0.12645611
27443,0.07039827
27444,0.08468987
27445,0.076471135
27446,0.08399315
27447,0.05691217
27448,0.27649635
27449,0.07576487
27450,0.08018963
27451,0.061340176
27452,0.083899885
27453,0.025278084
27454,0.020209681
27455,0.020360617
27456,0.041780937
27457,0.30358887
27458,0.072927326
27459,0.041719504
27460,0.122542046
27461,0.6369544
27462,0.09731099
27463,0.014603828
27464,0.3799715
27465,0.065373294
27466,0.17524552
27467,0.3017341
27468,0.074366674
27469,0.020074578
27470,0.052831713
27471,0.05449277
27472,0.1160472
27473,0.15760316
27474,0.04289079
27475,0.15914756
27476,0.10183216
27477,0.0068867467
27478,0.076730266
27479,0.020778427
27480,0.060239587
27481,0.07767906
27482,0.014875325
27483,0.11884137
27484,0.16005065
27485,0.2475861
27486,0.09614371
27487,0.034019787
27488,0.124874994
27489,0.19125275
27490,0.37362865
27491,0.057875182
27492,0.007184995
27493,0.050701443
27494,0.022679247
27495,0.065352924
27496,0.512933
27497,0.036223855
27498,0.111185186
27499,0.39106157
27500,0.16556694
27501,0.04197002
27502,0.06310887
27503,0.4028521
27504,0.40680075
27505,0.10557775
27506,0.09097992
27507,0.13517354
27508,0.15784878
27509,0.12954442
27510,0.19189408
27511,0.39472502
27512,0.08678722
27513,0.0020471597
27514,0.01749718
27515,0.04719144
27516,0.089119226
27517,0.053150546
27518,0.18230301
27519,0.99426067
27520,0.046284594
27521,0.38715518
27522,0.017806554
27523,0.04692093
27524,0.39360225
27525,0.055393577
27526,0.09315023
27527,0.020516532
27528,0.056193594
27529,0.48697385
27530,0.3658482
27531,0.08671251
27532,0.24494101
27533,0.14517868
27534,0.22826949
27535,0.38084313
27536,0.39717188
27537,0.031761717
27538,0.27404198
27539,0.2397367
27540,0.22746941
27541,1.0050666
27542,0.3970947
27543,0.4133555
27544,0.026170377
27545,0.20971745
27546,0.060579013
27547,0.027599959
27548,0.023638329
27549,0.059467733
27550,0.0070503936
27551,0.011562538
27552,0.030054439
27553,0.06683949
27554,0.10996472
27555,0.105650716
27556,0.115155876
27557,0.23091558
27558,0.2408751
27559,0.22708687
27560,0.030511705
27561,0.10952916
27562,0.2641497
27563,0.07355122
27564,1.0249902
27565,0.9631845
27566,0.5744263
27567,0.005308695
27568,0.025127942
27569,0.016383812
27570,0.22241095
27571,0.39322668
27572,0.07388729
27573,0.06651029
27574,0.05477079
27575,0.052472796
27576,0.06740744
27577,0.06618861
27578,0.013851386
27579,0.39983055
27580,0.019133186
27581,0.03461495
27582,0.116965234
27583,0.104465015
27584,0.053010657
27585,0.045802172
27586,0.24013764
27587,0.36238652
27588,0.029634822
27589,0.22213753
27590,0.10012544
27591,0.105849095
27592,1.0054649
27593,0.83111554
27594,0.63751847
27595,0.015744248
27596,0.21729878
27597,0.023795145
27598,0.008931196
27599,0.4436059
27600,0.08380352
27601,0.24984035
27602,0.03718319
27603,0.09369553
27604,0.022136316
27605,0.12551911
27606,0.11204453
27607,0.15148894
27608,0.16064496
27609,0.4625814
27610,0.4257285
27611,0.23523173
27612,0.13240178
27613,0.09368718
27614,0.06511006
27615,0.11872018
27616,0.05817223
27617,0.03566256
27618,0.017544998
27619,0.11049972
27620,0.14821368
27621,0.063755535
27622,0.11897602
27623,0.96234006
27624,0.9999761
27625,1.01682
27626,0.14287136
27627,0.043033097
27628,0.24720815
27629,0.01438252
27630,0.39762148
27631,0.022345036
27632,0.007751387
27633,0.012855963
27634,0.014669842
27635,0.05733972
27636,0.106579885
27637,0.05303101
27638,0.42050943
27639,1.0081911
27640,0.065709665
27641,0.11938281
27642,0.09887654
27643,0.1596312
27644,0.070835814
27645,0.42121962
27646,0.28973833
27647,0.02759004
27648,0.08636597
27649,0.116851754
27650,0.1003252
27651,0.052603994
27652,0.024671895
27653,0.3892048
27654,0.29657546
27655,0.24122518
27656,0.07968892
27657,0.023173826
27658,0.09416732
27659,0.01376857
27660,0.07087469
27661,0.27016565
27662,0.032207508
27663,0.041711323
27664,0.04748052
27665,0.046416637
27666,0.40625623
27667,0.5802409
27668,0.271134
27669,0.18893372
27670,0.10905199
27671,0.18399979
27672,0.1442402
27673,0.5783648
27674,0.07795448
27675,0.032093536
27676,0.03365711
27677,0.1687718
27678,0.18252209
27679,0.1627488
27680,0.4505055
27681,0.27979875
27682,0.15601577
27683,0.9473945
27684,0.12545823
27685,0.014962602
27686,0.17916109
27687,0.25000638
27688,0.021762444
27689,0.056332726
27690,0.21537387
27691,0.07342968
27692,0.03810985
27693,0.036423296
27694,0.052331302
27695,0.15026586
27696,0.38092062
27697,0.19337855
27698,0.30432856
27699,0.28068596
27700,0.16792454
27701,0.14426485
27702,0.38633466
27703,0.021312965
27704,0.16795488
27705,0.0811321
27706,0.05140352
27707,0.46326143
27708,0.25270575
27709,0.04330773
27710,0.52432406
27711,0.39958814
27712,0.003330769
27713,0.22322088
27714,0.13887168
27715,0.08205062
27716,0.048467368
27717,0.010264267
27718,0.01418042
27719,0.007671254
27720,0.0347495
27721,0.060798742
27722,0.09532164
27723,0.11106354
27724,0.12517859
27725,0.3912302
27726,0.80279416
27727,0.40051603
27728,0.39719748
27729,0.6051922
27730,0.09795026
27731,0.07078705
27732,0.07408691
27733,0.23991452
27734,0.19320506
27735,0.06649415
27736,0.029017147
27737,0.068029255
27738,0.1411021
27739,0.022761425
27740,0.04665079
27741,0.10402943
27742,0.021622783
27743,0.014415794
27744,0.03537696
27745,0.019512573
27746,0.01058951
27747,0.032317914
27748,0.08402122
27749,0.06255468
27750,0.08364048
27751,0.36873472
27752,0.16675274
27753,0.36829826
27754,0.65580773
27755,0.6098564
27756,0.27510276
27757,0.2296847
27758,0.020964134
27759,0.04709202
27760,0.11109908
27761,0.017372888
27762,0.029199021
27763,0.9989669
27764,0.049237326
27765,0.015912399
27766,0.07464134
27767,0.054294202
27768,0.09892782
27769,0.04213041
27770,0.05698175
27771,0.016681353
27772,0.04094118
27773,0.012578447
27774,0.031299062
27775,0.089758694
27776,0.11722059
27777,0.5909099
27778,0.3665623
27779,0.26607525
27780,1.0666568
27781,0.38556823
27782,0.4250498
27783,0.15433258
27784,0.034854542
27785,0.030508086
27786,0.036475092
27787,0.045115925
27788,0.052550647
27789,0.01612551
27790,0.03262154
27791,0.05947706
27792,0.4161809
27793,0.09398143
27794,0.37231928
27795,0.20743684
27796,0.108722866
27797,0.12606956
27798,0.14928196
27799,0.17658344
27800,0.04935425
27801,0.0032452336
27802,0.04432456
27803,0.151413
27804,0.98645467
27805,0.4093858
27806,0.63257164
27807,0.2535166
27808,0.26361996
27809,0.16461313
27810,0.25345436
27811,0.048207387
27812,0.011791726
27813,0.024156371
27814,0.053494904
27815,0.027092742
27816,0.1233137
27817,0.14336167
27818,0.08621399
27819,0.27384308
27820,0.028670168
27821,0.07344501
27822,0.37149462
27823,0.049956575
27824,0.12025836
27825,0.24200463
27826,0.037880987
27827,0.004894016
27828,0.22508827
27829,0.17314643
27830,0.073972076
27831,0.22379085
27832,0.025596112
27833,0.09963811
27834,0.08778598
27835,0.043947916
27836,0.12802675
27837,0.11298921
27838,0.04252262
27839,0.0305593
27840,0.008193033
27841,0.23995028
27842,0.012274456
27843,0.11510088
27844,0.038245924
27845,0.13216129
27846,0.03814888
27847,0.05986791
27848,0.0076349326
27849,0.062772565
27850,0.17755923
27851,0.39958563
27852,0.61361045
27853,0.13477461
27854,0.027400652
27855,0.052061036
27856,0.06293592
27857,0.13237068
27858,0.015547943
27859,0.03196472
27860,0.015284058
27861,0.029310407
27862,0.020117473
27863,0.015475377
27864,0.025685044
27865,0.08358932
27866,0.10273502
27867,0.4077558
27868,0.013610387
27869,0.018611403
27870,0.23232861
27871,0.08086483
27872,0.10098205
27873,0.3898934
27874,0.14545368
27875,0.011472494
27876,0.011816082
27877,0.23035838
27878,0.032312818
27879,0.016601302
27880,0.08299433
27881,0.13768098
27882,0.051340744
27883,0.010344013
27884,0.018844744
27885,0.012431012
27886,0.20353794
27887,0.014234507
27888,0.028487911
27889,0.13935727
27890,0.08275913
27891,0.045804773
27892,0.017324802
27893,0.02666341
27894,0.062096864
27895,0.39361808
27896,0.032134913
27897,0.014656001
27898,0.029843684
27899,0.04171369
27900,0.059576515
27901,0.19950615
27902,0.06819832
27903,0.2295914
27904,0.09312889
27905,0.03077982
27906,0.017837381
27907,0.05174017
27908,0.04709259
27909,0.02873053
27910,0.44974312
27911,0.01670314
27912,0.016526388
27913,0.24380961
27914,0.017723888
27915,0.09429206
27916,0.05366927
27917,0.011113436
27918,0.295261
27919,0.53313285
27920,0.1281603
27921,0.06889427
27922,0.015137772
27923,0.07985238
27924,0.0481155
27925,0.044159606
27926,0.22289675
27927,0.12986496
27928,0.08776395
27929,0.99251014
27930,0.018079238
27931,0.082777314
27932,0.08250136
27933,0.07705814
27934,0.016658185
27935,0.03537653
27936,0.12675717
27937,0.33475384
27938,0.07376942
27939,0.24379514
27940,0.02871945
27941,0.015593929
27942,0.083497085
27943,0.009608065
27944,0.023442065
27945,0.0992433
27946,0.030884098
27947,0.025365012
27948,0.055607144
27949,0.055889733
27950,0.030297924
27951,0.015803197
27952,0.06371699
27953,0.15755154
27954,0.03480423
27955,0.034468915
27956,0.014762275
27957,0.027010761
27958,0.07979901
27959,0.108698815
27960,0.04710777
27961,0.9582867
27962,0.044653624
27963,0.12136223
27964,0.051844247
27965,0.035856888
27966,0.047890704
27967,0.048040483
27968,0.012758932
27969,0.01683163
27970,0.1869788
27971,0.025900435
27972,0.0041843643
27973,0.012665201
27974,0.04502276
27975,0.12120341
27976,0.019522347
27977,0.0090846885
27978,0.12261176
27979,0.03796097
27980,0.026146928
27981,0.045852996
27982,0.3981948
27983,0.028785074
27984,0.021943621
27985,0.0032195942
27986,0.007340439
27987,0.046939697
27988,0.030055882
27989,0.24597628
27990,0.08043104
27991,0.015741397
27992,0.017835062
27993,0.006695463
27994,0.0634715
27995,0.25232553
27996,0.10725189
27997,0.08183236
27998,0.06945489
27999,0.034460977
28000,0.050121784
28001,0.0174628
28002,0.23239456
28003,0.18242288
28004,0.23455982
28005,0.031116433
28006,0.017771117
28007,0.011760837
28008,0.009979605
28009,0.0185405
28010,0.012050443
28011,0.02088052
28012,0.016790532
28013,0.029554652
28014,0.04947931
28015,0.057882085
28016,0.12836489
28017,0.010746033
28018,0.122168094
28019,0.013491152
28020,0.36917987
28021,0.013084085
28022,0.010356238
28023,0.032059595
28024,0.012161487
28025,0.018863978
28026,0.017481644
28027,0.026917575
28028,0.0125576025
28029,0.0058240327
28030,0.014264853
28031,0.010619823
28032,0.007997274
28033,0.0990473
28034,0.028814746
28035,0.04643551
28036,0.059563152
28037,0.018582392
28038,0.01679938
28039,0.009224444
28040,0.117093906
28041,0.026828792
28042,0.045215555
28043,0.00824368
28044,0.01756574
28045,0.031848814
28046,0.008154558
28047,0.107338116
28048,0.013034559
28049,0.0046376567
28050,0.012098412
28051,0.013013216
28052,0.39454257
28053,0.063682824
28054,0.069087714
28055,0.0783516
28056,0.05587468
28057,0.01968136
28058,0.008561619
28059,0.12636682
28060,0.015971875
28061,0.11573097
28062,0.25985226
28063,0.018290976
28064,0.033243287
28065,0.036434907
28066,0.024637874
28067,0.012493062
28068,0.007306992
28069,0.033799037
28070,0.01193417
28071,0.009025771
28072,0.10376582
28073,0.06508983
28074,0.028899277
28075,0.24887854
28076,0.0179005
28077,0.02676763
28078,0.030671649
28079,0.011191579
28080,0.016368408
28081,0.048378583
28082,0.020470012
28083,0.014831982
28084,0.033128545
28085,0.029162014
28086,0.010257318
28087,0.03346605
28088,0.27901706
28089,0.1752316
28090,0.014409236
28091,0.024913697
28092,0.10372381
28093,0.021272466
28094,0.038172327
28095,0.036521737
28096,0.024791498
28097,0.021511689
28098,0.04410306
28099,0.008802452
28100,0.04908173
28101,0.021493554
28102,0.033891123
28103,0.06516833
28104,0.038732868
28105,0.0057260357
28106,0.028364416
28107,0.031385597
28108,0.27695197
28109,0.033520594
28110,0.04063446
28111,0.24599054
28112,0.35723278
28113,0.02023755
28114,0.028634844
28115,0.030944528
28116,0.25143886
28117,0.05667489
28118,0.29665282
28119,0.058416165
28120,0.28405878
28121,0.06944039
28122,0.1254803
28123,0.012448161
28124,0.011341896
28125,0.008503003
28126,0.24595632
28127,0.056753907
28128,0.7219766
28129,0.27768236
28130,0.055681817
28131,0.04044177
28132,0.13802199
28133,0.06054698
28134,0.009283696
28135,0.029625319
28136,0.04480708
28137,0.034089226
28138,0.012513964
28139,0.016615594
28140,0.064762525
28141,0.27649313
28142,0.60318446
28143,0.5230412
28144,0.044309404
28145,0.08764743
28146,0.029177845
28147,0.12787665
28148,0.15467256
28149,0.06142889
28150,0.052103713
28151,0.06601224
28152,0.10840095
28153,0.033005647
28154,0.41095224
28155,0.14107229
28156,0.1462509
28157,0.5778563
28158,0.11437208
28159,0.023164667
28160,0.60265595
28161,0.01673152
28162,0.06520017
28163,0.5893629
28164,0.06380569
28165,0.058107663
28166,0.03624482
28167,0.07967525
28168,0.08730372
28169,0.11810393
28170,0.081766546
28171,0.03447412
28172,0.04615767
28173,0.059192806
28174,0.29755372
28175,0.051346403
28176,0.02868008
28177,0.07150376
28178,0.09442768
28179,0.10231376
28180,0.030230727
28181,0.04021072
28182,0.03475024
28183,0.07279547
28184,0.027925052
28185,0.054542147
28186,0.1509902
28187,0.076825485
28188,0.2765918
28189,0.04468376
28190,0.05919926
28191,0.04170816
28192,0.023105772
28193,0.017356653
28194,0.012994971
28195,0.513813
28196,0.21188146
28197,0.09557253
28198,0.1696076
28199,0.29856852
28200,0.11185337
28201,0.07621951
28202,0.016110985
28203,0.037854206
28204,0.008862973
28205,0.075514905
28206,0.094784856
28207,0.09803223
28208,0.1639969
28209,0.42937917
28210,0.33991635
28211,0.059173364
28212,0.009902791
28213,0.026883809
28214,0.024153953
28215,0.031417385
28216,0.38313106
28217,0.01857397
28218,0.042788755
28219,0.0123968795
28220,0.073267445
28221,0.04604963
28222,0.027521623
28223,0.14889224
28224,0.53693986
28225,0.057822194
28226,0.24177402
28227,0.020226948
28228,0.02213261
28229,0.057974
28230,0.072987914
28231,0.029123241
28232,0.13895456
28233,0.1644516
28234,0.10178491
28235,0.0980596
28236,0.0658735
28237,0.033198375
28238,0.03449814
28239,0.035711754
28240,0.12535265
28241,0.07224915
28242,0.34591335
28243,0.013740874
28244,0.04209991
28245,0.029543947
28246,0.017775286
28247,0.014582168
28248,0.02537532
28249,0.046241418
28250,0.023573799
28251,0.062689625
28252,0.21204199
28253,0.42904118
28254,0.045894954
28255,0.040188942
28256,0.03818695
28257,0.095740095
28258,0.075919546
28259,0.014043729
28260,0.07233659
28261,0.014180096
28262,0.015714154
28263,0.029064901
28264,0.17719631
28265,0.028676802
28266,0.024561403
28267,0.037338644
28268,0.004797087
28269,0.23127833
28270,0.06931618
28271,0.37492424
28272,0.38063413
28273,0.39215758
28274,0.0686618
28275,0.039364114
28276,0.021241633
28277,0.053947102
28278,0.04443526
28279,0.1736468
28280,0.051221523
28281,0.49124396
28282,0.12277882
28283,0.020668324
28284,0.010927553
28285,0.110109635
28286,0.064152084
28287,0.048931263
28288,0.02052547
28289,0.007966247
28290,0.0141687915
28291,0.055416908
28292,0.014215247
28293,0.020939736
28294,0.08242543
28295,0.042900562
28296,0.2291542
28297,0.06373361
28298,0.13097924
28299,0.25987598
28300,0.38081035
28301,0.072674
28302,0.02372631
28303,0.08195946
28304,0.042299643
28305,0.09483347
28306,0.06651652
28307,0.12345903
28308,0.05816244
28309,0.110757664
28310,0.037651498
28311,0.061186668
28312,0.031840175
28313,0.015909784
28314,0.017242588
28315,0.14199844
28316,0.0085861515
28317,0.025284441
28318,0.07532639
28319,0.030289082
28320,0.023166677
28321,0.04108116
28322,0.06666959
28323,0.07106072
28324,0.12523764
28325,0.11808173
28326,0.37761185
28327,0.25908628
28328,0.25703216
28329,0.010109285
28330,0.104801774
28331,0.051365264
28332,0.03944942
28333,0.096005745
28334,0.029108707
28335,0.0208084
28336,0.06246067
28337,0.06066639
28338,0.058294807
28339,0.08206003
28340,0.029599829
28341,0.05943685
28342,0.024798505
28343,0.08489826
28344,0.013487708
28345,0.039164137
28346,0.14857809
28347,0.06561437
28348,0.22893378
28349,0.44854116
28350,0.12325382
28351,0.12399219
28352,0.06570978
28353,0.08801673
28354,0.07714387
28355,0.0937212
28356,0.059939735
28357,0.008844885
28358,0.020606054
28359,0.4181938
28360,0.07097533
28361,0.08583088
28362,0.060647987
28363,0.0733114
28364,0.0142477285
28365,0.02673936
28366,0.017572813
28367,0.018897213
28368,0.045848485
28369,0.45506668
28370,0.064167626
28371,0.043407056
28372,0.11325838
28373,0.6949128
28374,0.09496624
28375,0.014539423
28376,0.34926412
28377,0.06261465
28378,0.17874333
28379,0.29575756
28380,0.07786291
28381,0.022864135
28382,0.059952203
28383,0.09106796
28384,0.11774147
28385,0.18147282
28386,0.04052947
28387,0.15292995
28388,0.09092855
28389,0.07127831
28390,0.014282684
28391,0.014844992
28392,0.02164255
28393,0.07149445
28394,0.073356
28395,0.014677939
28396,0.11871214
28397,0.1671295
28398,0.40243942
28399,0.088904716
28400,0.035723362
28401,0.10955058
28402,0.1814297
28403,0.3771437
28404,0.063897155
28405,0.054311983
28406,0.023500608
28407,0.06855634
28408,0.53603476
28409,0.050355352
28410,0.10851065
28411,0.38066268
28412,0.23931749
28413,0.016780358
28414,0.045271166
28415,0.062059436
28416,0.3751845
28417,0.40823472
28418,0.0116147315
28419,0.11102646
28420,0.10906253
28421,0.14188805
28422,0.15227732
28423,0.12541555
28424,0.16711597
28425,0.40755007
28426,0.08833629
28427,0.018721968
28428,0.05225132
28429,0.111012034
28430,0.0561269
28431,0.18688065
28432,0.9487469
28433,0.06389078
28434,0.38962242
28435,0.0136276325
28436,0.050503425
28437,0.26372203
28438,0.011763832
28439,0.049641956
28440,0.087566175
28441,0.021371651
28442,0.057881992
28443,0.00462558
28444,0.4844904
28445,0.23527189
28446,0.09218672
28447,0.26946038
28448,0.13799906
28449,0.2394877
28450,0.38900548
28451,0.40605837
28452,0.2682493
28453,0.23390469
28454,0.12419217
28455,0.97081244
28456,0.42493024
28457,0.47833005
28458,0.004053568
28459,0.023269732
28460,0.2343511
28461,0.06609028
28462,0.025206
28463,0.020693606
28464,0.016252488
28465,0.057503205
28466,0.002534622
28467,0.007132083
28468,0.012369899
28469,0.031937473
28470,0.22109395
28471,0.121944554
28472,0.10424277
28473,0.11258108
28474,0.09894075
28475,0.2460299
28476,0.2607647
28477,0.027037812
28478,0.10843365
28479,0.27310026
28480,0.018489696
28481,0.063638695
28482,0.9783698
28483,0.95972615
28484,0.65802115
28485,0.0027209802
28486,0.025847431
28487,0.016902585
28488,0.09766747
28489,0.4454925
28490,0.086496204
28491,0.016712677
28492,0.071481265
28493,0.047858182
28494,0.008243563
28495,0.007572352
28496,0.05166812
28497,0.067014225
28498,0.051667437
28499,0.011739541
28500,0.44668055
28501,0.014885358
28502,0.036027145
28503,0.11639573
28504,0.098930635
28505,0.051410213
28506,0.05488177
28507,0.24628082
28508,0.22471474
28509,0.021839295
28510,0.22883545
28511,0.10325392
28512,0.11258429
28513,0.9205882
28514,0.92902696
28515,0.57233137
28516,0.016795484
28517,0.08202083
28518,0.02098488
28519,0.4671913
28520,0.08804373
28521,0.25088498
28522,0.044762574
28523,0.10849367
28524,0.022951802
28525,0.11463447
28526,0.11985887
28527,0.14835222
28528,0.17132862
28529,0.5048071
28530,0.46393523
28531,0.23288968
28532,0.15827522
28533,0.092291154
28534,0.061641198
28535,0.111737445
28536,0.05102852
28537,0.02850693
28538,0.12858233
28539,0.138928
28540,0.064467594
28541,0.10935583
28542,0.026487129
28543,0.8943473
28544,1.0025623
28545,0.95795405
28546,0.13257849
28547,0.05937541
28548,0.23644628
28549,0.011264739
28550,0.42551145
28551,0.025202103
28552,0.008588232
28553,0.0156275
28554,0.013749292
28555,0.06152246
28556,0.114561796
28557,0.05687241
28558,0.39808327
28559,1.0250849
28560,0.067745574
28561,0.11457994
28562,0.09941619
28563,0.14723502
28564,0.08259301
28565,0.42095456
28566,0.24293448
28567,0.03450807
28568,0.106434375
28569,0.11074537
28570,0.10577293
28571,0.057026453
28572,0.28944957
28573,0.39587444
28574,0.24848011
28575,0.08480879
28576,0.027046943
28577,0.11075364
28578,0.011338718
28579,0.08009504
28580,0.28604662
28581,0.030230083
28582,0.04202406
28583,0.04783653
28584,0.04366897
28585,0.37237853
28586,0.6081407
28587,0.27830416
28588,0.29092437
28589,0.10230484
28590,0.17505099
28591,0.15683043
28592,0.5481934
28593,0.0770487
28594,0.033295065
28595,0.041649897
28596,0.029611124
28597,0.2310142
28598,0.1574623
28599,0.25657213
28600,0.32672256
28601,0.27160376
28602,0.26346555
28603,0.9596248
28604,0.11116342
28605,0.015371569
28606,0.13791807
28607,0.24985361
28608,0.018486654
28609,0.063931175
28610,0.31938812
28611,0.073151484
28612,0.035841282
28613,0.03857092
28614,0.051630754
28615,0.14687793
28616,0.41943043
28617,0.27645192
28618,0.30981845
28619,0.28714988
28620,0.15968755
28621,0.14881691
28622,0.24285287
28623,0.02492241
28624,0.14957747
28625,0.08110669
28626,0.053975906
28627,0.50226766
28628,0.262327
28629,0.061186045
28630,0.5662004
28631,0.39585733
28632,0.0041175606
28633,0.08871402
28634,0.1432647
28635,0.09013011
28636,0.04321794
28637,0.010884094
28638,0.008782899
28639,0.029327445
28640,0.06091448
28641,0.09752799
28642,0.11187994
28643,0.11723704
28644,0.40652716
28645,0.7480784
28646,0.39928725
28647,0.3759814
28648,0.61511105
28649,0.11381832
28650,0.07716344
28651,0.08253835
28652,0.1585839
28653,0.2608218
28654,0.0746884
28655,0.20607512
28656,0.08220219
28657,0.14814371
28658,0.018479213
28659,0.10638503
28660,0.02112906
28661,0.015524118
28662,0.03857774
28663,0.017939026
28664,0.0068763434
28665,0.03332732
28666,0.08422466
28667,0.06199556
28668,0.07356373
28669,0.38441768
28670,0.1469705
28671,0.34198615
28672,0.6548552
28673,0.59462667
28674,0.29937065
28675,0.23624772
28676,0.05349458
28677,0.11452595
28678,0.016148116
28679,0.0064724497
28680,0.030196153
28681,1.001236
28682,0.05319584
28683,0.01693046
28684,0.21891966
28685,0.05779545
28686,0.23225595
28687,0.043778267
28688,0.05625546
28689,0.01609512
28690,0.04487021
28691,0.03076871
28692,0.091063194
28693,0.11306387
28694,0.5573711
28695,0.3844684
28696,0.26109937
28697,1.034659
28698,0.40760335
28699,0.40443948
28700,0.16637522
28701,0.031082876
28702,0.039812632
28703,0.06107795
28704,0.058078233
28705,0.033466026
28706,0.21629697
28707,0.4842633
28708,0.10768501
28709,0.39472592
28710,0.21133041
28711,0.10392296
28712,0.15102585
28713,0.13804682
28714,0.17642629
28715,0.057330348
28716,0.028480416
28717,0.043133065
28718,0.15395235
28719,0.9727085
28720,0.42260584
28721,0.6266964
28722,0.37926683
28723,0.26957518
28724,0.16234308
28725,0.2503075
28726,0.02402255
28727,0.012403255
28728,0.060666885
28729,0.028458023
28730,0.1465618
28731,0.13784343
28732,0.094652764
28733,0.3881679
28734,0.027036676
28735,0.08811603
28736,0.38089615
28737,0.05955016
28738,0.00989351
28739,0.0121574635
28740,0.105134845
28741,0.2514674
28742,0.03447162
28743,0.0024583677
28744,0.23014222
28745,0.24956372
28746,0.08536881
28747,0.124678776
28748,0.22330526
28749,0.08751106
28750,0.044139627
28751,0.12740839
28752,0.23841792
28753,0.050313756
28754,0.026228758
28755,0.011197758
28756,0.128994
28757,0.108240835
28758,0.03219466
28759,0.12668498
28760,0.039000414
28761,0.05691862
28762,0.055625346
28763,0.16403615
28764,0.40674728
28765,0.63174593
28766,0.13972208
28767,0.009421943
28768,0.025308598
28769,0.06348086
28770,0.015430266
28771,0.072514325
28772,0.13438144
28773,0.012527622
28774,0.040126108
28775,0.012795136
28776,0.030358586
28777,0.015475449
28778,0.011152066
28779,0.032114968
28780,0.08042536
28781,0.09776713
28782,0.37085557
28783,0.011587252
28784,0.054696757
28785,0.081600726
28786,0.10586441
28787,0.42137286
28788,0.14377955
28789,0.011496588
28790,0.2307278
28791,0.012252706
28792,0.034089867
28793,0.01436489
28794,0.08883898
28795,0.26323873
28796,0.05212075
28797,0.00742251
28798,0.01727481
28799,0.009226261
28800,0.20518026
28801,0.035904005
28802,0.014053913
28803,0.026151069
28804,0.13961513
28805,0.07065497
28806,0.041775223
28807,0.017189305
28808,0.028383838
28809,0.06987958
28810,0.38481164
28811,0.031746935
28812,0.020017678
28813,0.029381048
28814,0.039327506
28815,0.0670577
28816,0.25843447
28817,0.06485467
28818,0.18092804
28819,0.09400812
28820,0.028702756
28821,0.014256921
28822,0.04654147
28823,0.06237352
28824,0.03256947
28825,0.49085686
28826,0.017801432
28827,0.018226491
28828,0.284044
28829,0.0150540145
28830,0.10080587
28831,0.05092991
28832,0.009108406
28833,0.39864516
28834,0.5299965
28835,0.11870808
28836,0.09311675
28837,0.014273261
28838,0.09171685
28839,0.061263036
28840,0.06030609
28841,0.10467684
28842,0.11015987
28843,0.09715917
28844,0.96086437
28845,0.094006956
28846,0.014223062
28847,0.07597795
28848,0.07386962
28849,0.015381292
28850,0.03809685
28851,0.13261217
28852,0.5119465
28853,0.075207196
28854,0.23522826
28855,0.026150266
28856,0.018079445
28857,0.09022938
28858,0.008643741
28859,0.020987762
28860,0.07888479
28861,0.029711587
28862,0.027432922
28863,0.0035444838
28864,0.058570642
28865,0.06472564
28866,0.030543957
28867,0.018883912
28868,0.07119998
28869,0.015862059
28870,0.14837849
28871,0.034774553
28872,0.042551503
28873,0.030842902
28874,0.08049045
28875,0.10027096
28876,0.025415648
28877,0.05162426
28878,0.9466954
28879,0.054644257
28880,0.1273767
28881,0.056775324
28882,0.041083552
28883,0.0393095
28884,0.052047793
28885,0.010885062
28886,0.015444495
28887,0.2822549
28888,0.027202418
28889,0.013914344
28890,0.060962833
28891,0.13901706
28892,0.018323362
28893,0.013204479
28894,0.12259336
28895,0.039483752
28896,0.02765759
28897,0.04421189
28898,0.39746213
28899,0.030977648
28900,0.019349927
28901,0.008879185
28902,0.019728268
28903,0.04423347
28904,0.02895283
28905,0.26039866
28906,0.08238817
28907,0.0141177215
28908,0.0146114025
28909,0.073766015
28910,0.1636461
28911,0.110622436
28912,0.089721315
28913,0.07214685
28914,0.030213319
28915,0.05070281
28916,0.069928974
28917,0.18747
28918,0.13369343
28919,0.005602684
28920,0.03276687
28921,0.014691256
28922,0.011047751
28923,0.009355519
28924,0.02109767
28925,0.012300418
28926,0.013847838
28927,0.027836198
28928,0.05994945
28929,0.06424593
28930,0.11128452
28931,0.0077732224
28932,0.14937837
28933,0.29187933
28934,0.0062691225
28935,0.022227708
28936,0.011346184
28937,0.020014282
28938,0.0070379004
28939,0.01530589
28940,0.030602103
28941,0.013421036
28942,0.015908616
28943,0.0078673605
28944,0.09307682
28945,0.0026225573
28946,0.02878413
28947,0.056638498
28948,0.014010821
28949,0.058086198
28950,0.014408878
28951,0.005810585
28952,0.012439628
28953,0.008558561
28954,0.10933516
28955,0.026656322
28956,0.04323063
28957,0.035170574
28958,0.019339932
28959,0.10231043
28960,0.012739195
28961,0.0030807417
28962,0.012159657
28963,0.43839452
28964,0.06286043
28965,0.06437173
28966,0.23372243
28967,0.016493931
28968,0.0033622095
28969,0.046264805
28970,0.022415727
28971,0.010100308
28972,0.11413932
28973,0.14214456
28974,0.1514583
28975,0.014912872
28976,0.026259776
28977,0.03462852
28978,0.023629682
28979,0.02539161
28980,0.025411854
28981,0.010704176
28982,0.032461457
28983,0.008739769
28984,0.10249248
28985,0.07177301
28986,0.032740593
28987,0.18058379
28988,0.019243615
28989,0.024658754
28990,0.0013911286
28991,0.014689812
28992,0.043856632
28993,0.028666401
28994,0.010541009
28995,0.022702364
28996,0.032541838
28997,0.29042876
28998,0.24207364
28999,0.018530244
29000,0.1128614
29001,0.016677717
29002,0.019225296
29003,0.02761847
29004,0.032276038
29005,0.060662568
29006,0.038700886
29007,0.025788153
29008,0.044240844
29009,0.041606743
29010,0.043155212
29011,0.084660895
29012,0.04624908
29013,0.038838133
29014,0.026009746
29015,0.2619383
29016,0.027452433
29017,0.047645565
29018,0.25549346
29019,0.37831157
29020,0.029316844
29021,0.27701047
29022,0.03303683
29023,0.39297006
29024,0.06628067
29025,0.16681217
29026,0.067765445
29027,0.10183191
29028,0.015121401
29029,0.004429141
29030,0.024606707
29031,0.012707406
29032,0.1223102
29033,0.049665216
29034,0.6268227
29035,0.2815728
29036,0.059783094
29037,0.029443957
29038,0.26147205
29039,0.071882725
29040,0.010558544
29041,0.051252633
29042,0.035877824
29043,0.056275975
29044,0.27803254
29045,0.6099239
29046,0.4055186
29047,0.043392427
29048,0.028602839
29049,0.11225546
29050,0.2679881
29051,0.01832948
29052,0.06180089
29053,0.048032384
29054,0.062138192
29055,0.09826237
29056,0.41764534
29057,0.12847207
29058,0.26386878
29059,0.46667933
29060,0.11842619
29061,0.025725367
29062,0.5116183
29063,0.073410556
29064,0.33878887
29065,0.068269655
29066,0.052135386
29067,0.03115588
29068,0.08064094
29069,0.098201565
29070,0.10204624
29071,0.19493535
29072,0.026017219
29073,0.054793444
29074,0.084251635
29075,0.29020926
29076,0.04404412
29077,0.029266765
29078,0.06408109
29079,0.079699196
29080,0.0953776
29081,0.04349039
29082,0.03866953
29083,0.07204575
29084,0.15089732
29085,0.08183419
29086,0.3837666
29087,0.05422741
29088,0.038547195
29089,0.015888855
29090,0.0039473767
29091,0.014666738
29092,0.4652441
29093,0.12602866
29094,0.10105669
29095,0.46092802
29096,0.44955438
29097,0.10602153
29098,0.073062636
29099,0.011492161
29100,0.021015085
29101,0.00477328
29102,0.034914594
29103,0.010613998
29104,0.07411119
29105,0.08852401
29106,0.09870388
29107,0.1463384
29108,0.29137462
29109,0.3336131
29110,0.05291953
29111,0.030212298
29112,0.03383736
29113,0.38532993
29114,0.017957147
29115,0.044135258
29116,0.08173512
29117,0.03499595
29118,0.1604341
29119,0.5691208
29120,0.007648656
29121,0.066245124
29122,0.117940225
29123,0.019098748
29124,0.022654941
29125,0.05926885
29126,0.0698876
29127,0.010146737
29128,0.14937432
29129,0.18205684
29130,0.10769793
29131,0.10656954
29132,0.072365776
29133,0.037287846
29134,0.030087335
29135,0.03673145
29136,0.1382642
29137,0.06318186
29138,0.23939978
29139,0.012317306
29140,0.040906485
29141,0.030205037
29142,0.017666059
29143,0.014201793
29144,0.026266184
29145,0.04668346
29146,0.026557345
29147,0.069253564
29148,0.30105478
29149,0.28039706
29150,0.044281926
29151,0.03527529
29152,0.039000604
29153,0.10143292
29154,0.07573807
29155,0.016872466
29156,0.06971798
29157,0.013872894
29158,0.011459241
29159,0.17662278
29160,0.031285025
29161,0.022747245
29162,0.03127134
29163,0.0034598482
29164,0.21534587
29165,0.07224871
29166,0.36347032
29167,0.35908595
29168,0.37421855
29169,0.069261454
29170,0.041654315
29171,0.019016517
29172,0.055901296
29173,0.04504133
29174,0.25035948
29175,0.05101541
29176,0.47354373
29177,0.109620444
29178,0.020725172
29179,0.113200836
29180,0.062356543
29181,0.050447244
29182,0.019666055
29183,0.009417952
29184,0.064499736
29185,0.03306286
29186,0.012086274
29187,0.017216971
29188,0.01915869
29189,0.081180766
29190,0.041629512
29191,0.22518879
29192,0.06212511
29193,0.1151529
29194,0.37440428
29195,0.40607488
29196,0.06947495
29197,0.021708665
29198,0.09443822
29199,0.04168845
29200,0.027133407
29201,0.10245572
29202,0.06684301
29203,0.13789499
29204,0.058668025
29205,0.101614214
29206,0.038902935
29207,0.056317497
29208,0.029803377
29209,0.021002999
29210,0.14957476
29211,0.009742184
29212,0.028370595
29213,0.07806209
29214,0.031396396
29215,0.008439215
29216,0.024166483
29217,0.036781084
29218,0.066694885
29219,0.083237186
29220,0.1226764
29221,0.11456652
29222,0.37202546
29223,0.25095394
29224,0.25132328
29225,0.010136525
29226,0.097722754
29227,0.047680642
29228,0.04244943
29229,0.09408404
29230,0.02635293
29231,0.020533428
29232,0.055815347
29233,0.054768663
29234,0.08514137
29235,0.027378652
29236,0.0655374
29237,0.022829635
29238,0.0333971
29239,0.09242874
29240,0.037844
29241,0.15165263
29242,0.06578833
29243,0.1325922
29244,0.53174233
29245,0.12310438
29246,0.12213056
29247,0.06518238
29248,0.085151955
29249,0.079266414
29250,0.08804678
29251,0.06402858
29252,0.009327829
29253,0.021751938
29254,0.4040937
29255,0.08262773
29256,0.082387276
29257,0.057013724
29258,0.08205491
29259,0.026469506
29260,0.019788511
29261,0.021687195
29262,0.04090423
29263,0.28904003
29264,0.06727626
29265,0.041287612
29266,0.105648324
29267,0.7170644
29268,0.10364092
29269,0.014118879
29270,0.36244217
29271,0.06522397
29272,0.25658906
29273,0.30450308
29274,0.08330404
29275,0.022621565
29276,0.061461486
29277,0.08016336
29278,0.12436784
29279,0.1601601
29280,0.044012263
29281,0.22436926
29282,0.09154849
29283,0.07569221
29284,0.011519153
29285,0.017617056
29286,0.021907086
29287,0.07187009
29288,0.07407763
29289,0.018639674
29290,0.1217982
29291,0.15562198
29292,0.2670332
29293,0.07942728
29294,0.033935413
29295,0.10957697
29296,0.16910848
29297,0.376533
29298,0.07034663
29299,0.057087965
29300,0.024203354
29301,0.06611511
29302,0.53425145
29303,0.039574582
29304,0.11874979
29305,0.37766844
29306,0.24807325
29307,0.009210371
29308,0.04923594
29309,0.06009778
29310,0.40763974
29311,0.42629635
29312,0.0085387165
29313,0.11348589
29314,0.11059211
29315,0.14642812
29316,0.16545512
29317,0.12516733
29318,0.17003444
29319,0.40161642
29320,0.08235812
29321,0.017687041
29322,0.04725414
29323,0.10555296
29324,0.058449488
29325,0.19846179
29326,0.9610294
29327,0.05970905
29328,0.41627553
29329,0.013426204
29330,0.049819037
29331,0.26323873
29332,0.010232119
29333,0.049639065
29334,0.083760634
29335,0.015615716
29336,0.058533806
29337,0.005310157
29338,0.51535326
29339,0.21296677
29340,0.082763255
29341,0.38383764
29342,0.14340793
29343,0.24859668
29344,0.3739565
29345,0.41158968
29346,0.25651088
29347,0.23331851
29348,0.13308464
29349,0.98841727
29350,0.442422
29351,0.44373077
29352,0.025773808
29353,0.20595539
29354,0.07852453
29355,0.026508627
29356,0.019762797
29357,0.010348411
29358,0.055752613
29359,0.0052623865
29360,0.01034424
29361,0.036169294
29362,0.22566357
29363,0.114742704
29364,0.1046441
29365,0.110405244
29366,0.10316547
29367,0.26036736
29368,0.36131793
29369,0.030734416
29370,0.10672984
29371,0.28379256
29372,0.021346988
29373,0.074590564
29374,0.9640776
29375,0.94370973
29376,0.7132754
29377,0.005775614
29378,0.025267418
29379,0.016486622
29380,0.10044634
29381,0.41814893
29382,0.093066275
29383,0.01661314
29384,0.07965869
29385,0.065179996
29386,0.06583204
29387,0.053274542
29388,0.011988488
29389,0.42089352
29390,0.016397366
29391,0.036008146
29392,0.112810776
29393,0.11387271
29394,0.05280382
29395,0.05033076
29396,0.38281274
29397,0.22619528
29398,0.024767676
29399,0.2099311
29400,0.1105081
29401,0.11080801
29402,1.0274042
29403,0.9113182
29404,0.589515
29405,0.014278861
29406,0.21718471
29407,0.020833082
29408,0.00858268
29409,0.48598585
29410,0.08809822
29411,0.25799128
29412,0.04275032
29413,0.10696446
29414,0.01974072
29415,0.11879322
29416,0.11069551
29417,0.15235056
29418,0.16491434
29419,0.49887437
29420,0.46399802
29421,0.25379923
29422,0.13094945
29423,0.096732855
29424,0.06694416
29425,0.117956355
29426,0.0588962
29427,0.029856406
29428,0.022840006
29429,0.22834395
29430,0.1587024
29431,0.06356248
29432,0.11542787
29433,0.026573563
29434,0.97967905
29435,1.0107298
29436,0.9569507
29437,0.13273048
29438,0.045321807
29439,0.4054902
29440,0.4441012
29441,0.022683136
29442,0.010876515
29443,0.015655804
29444,0.056319904
29445,0.11166922
29446,0.05450499
29447,0.40287527
29448,1.0134721
29449,0.06754064
29450,0.11042982
29451,0.08691907
29452,0.14348866
29453,0.08222498
29454,0.41416276
29455,0.2624814
29456,0.031506233
29457,0.095832944
29458,0.11101431
29459,0.10787666
29460,0.060920704
29461,0.4223748
29462,0.38776633
29463,0.23323661
29464,0.08763923
29465,0.024058076
29466,0.11837687
29467,0.008845603
29468,0.080862
29469,0.18097587
29470,0.033586454
29471,0.0466005
29472,0.014994629
29473,0.020907689
29474,0.046471328
29475,0.048590012
29476,0.41873935
29477,0.5516721
29478,0.2855187
29479,0.2907759
29480,0.11665804
29481,0.15185195
29482,0.15817483
29483,0.53907055
29484,0.0713246
29485,0.034999307
29486,0.033338483
29487,0.17005056
29488,0.1682051
29489,0.17117994
29490,0.45985627
29491,0.28288472
29492,0.14863245
29493,0.8995515
29494,0.10713458
29495,0.01651692
29496,0.14240904
29497,0.24309498
29498,0.022020184
29499,0.06059902
29500,0.4858716
29501,0.063292965
29502,0.04289256
29503,0.039894648
29504,0.055888392
29505,0.24405567
29506,0.40127078
29507,0.2795979
29508,0.576916
29509,0.29586172
29510,0.15866199
29511,0.14783674
29512,0.3952474
29513,0.023672992
29514,0.16482048
29515,0.08813405
29516,0.05303374
29517,0.4059176
29518,0.26438805
29519,0.059017804
29520,0.599508
29521,0.3900483
29522,0.08625862
29523,0.24228872
29524,0.087099545
29525,0.04444118
29526,0.011769827
29527,0.008694712
29528,0.033844214
29529,0.057814915
29530,0.095870025
29531,0.11042373
29532,0.119651735
29533,0.40314364
29534,0.7176147
29535,0.40540203
29536,0.38567436
29537,0.62338054
29538,0.10516386
29539,0.073745586
29540,0.07467834
29541,0.15511441
29542,0.2607013
29543,0.07177953
29544,0.026335554
29545,0.0777785
29546,0.14493914
29547,0.02166172
29548,0.055206783
29549,0.11639855
29550,0.01761975
29551,0.035324384
29552,0.032922164
29553,0.0849069
29554,0.06168021
29555,0.07766505
29556,0.40966126
29557,0.23942822
29558,0.38294387
29559,0.66768986
29560,0.5651361
29561,0.28546932
29562,0.118651
29563,0.040419206
29564,0.05231028
29565,0.10805518
29566,0.014803029
29567,0.0077995416
29568,0.0332835
29569,1.0047699
29570,0.054794718
29571,0.017866973
29572,0.07277163
29573,0.05455826
29574,0.22475743
29575,0.049056698
29576,0.056605387
29577,0.014289347
29578,0.04347457
29579,0.011995634
29580,0.030841913
29581,0.08670008
29582,0.11654592
29583,0.6204397
29584,0.39215866
29585,0.26018223
29586,1.0297755
29587,0.39223877
29588,0.42577574
29589,0.16451697
29590,0.03739722
29591,0.028227238
29592,0.031790745
29593,0.06081432
29594,0.056174118
29595,0.034091935
29596,0.060643476
29597,0.4333166
29598,0.11642359
29599,0.37603813
29600,0.026902243
29601,0.10682413
29602,0.1370983
29603,0.14247176
29604,0.18302602
29605,0.05318265
29606,0.029723937
29607,0.04129308
29608,0.14522493
29609,0.9972422
29610,0.39761373
29611,0.6490728
29612,0.38132772
29613,0.37648687
29614,0.23881966
29615,0.25076488
29616,0.068096586
29617,0.011358556
29618,0.022192055
29619,0.012567064
29620,0.03271973
29621,0.12588449
29622,0.14109105
29623,0.09627923
29624,0.4395547
29625,0.026860487
29626,0.083812006
29627,0.011276865
29628,0.3928379
29629,0.056165427
29630,0.10373211
29631,0.25112247
29632,0.036311537
29633,0.0052339835
29634,0.23038459
29635,0.2478438
29636,0.07878238
29637,0.11225738
29638,0.10410336
29639,0.07903218
29640,0.036001027
29641,0.12948191
29642,0.11549738
29643,0.0076779826
29644,0.22757187
29645,0.011675251
29646,0.1014096
29647,0.038908448
29648,0.03130352
29649,0.12540264
29650,0.03771314
29651,0.06395849
29652,0.05268585
29653,0.16342422
29654,0.28663868
29655,0.61837274
29656,0.14827108
29657,0.011967181
29658,0.026671045
29659,0.06779101
29660,0.065302335
29661,0.13545987
29662,0.014432216
29663,0.04012672
29664,0.014461519
29665,0.029814882
29666,0.018556314
29667,0.010732049
29668,0.016802954
29669,0.08257081
29670,0.10875284
29671,0.38063836
29672,0.015180706
29673,0.0614787
29674,0.07540127
29675,0.103563026
29676,0.40886965
29677,0.16078098
29678,0.015438351
29679,0.2245069
29680,0.012406936
29681,0.034157548
29682,0.016294219
29683,0.09009849
29684,0.24616359
29685,0.058943454
29686,0.015583745
29687,0.017635055
29688,0.0081844125
29689,0.19501242
29690,0.016145235
29691,0.027366564
29692,0.13557383
29693,0.072212525
29694,0.04113112
29695,0.017705066
29696,0.029574905
29697,0.06385356
29698,0.3923382
29699,0.029403042
29700,0.011252129
29701,0.017733296
29702,0.027026365
29703,0.04118316
29704,0.061793264
29705,0.25963026
29706,0.06628508
29707,0.17251478
29708,0.10251252
29709,0.028346188
29710,0.015202997
29711,0.053722627
29712,0.061741393
29713,0.02849489
29714,0.46335474
29715,0.01661893
29716,0.17323387
29717,0.015123711
29718,0.09745544
29719,0.049394492
29720,0.009928357
29721,0.29482436
29722,0.5299965
29723,0.1278939
29724,0.08810235
29725,0.012475189
29726,0.09121142
29727,0.06257395
29728,0.06397771
29729,0.106318146
29730,0.10956723
29731,0.11163947
29732,0.9573338
29733,0.0815064
29734,0.013057483
29735,0.08338433
29736,0.0812607
29737,0.03662969
29738,0.1335244
29739,0.4579235
29740,0.08315133
29741,0.25226456
29742,0.02767895
29743,0.015562842
29744,0.08206331
29745,0.02349897
29746,0.09148203
29747,0.03118144
29748,0.030360987
29749,0.06691017
29750,0.070113435
29751,0.023477366
29752,0.069273606
29753,0.16310398
29754,0.034135617
29755,0.04103988
29756,0.032142173
29757,0.08199236
29758,0.11661829
29759,0.023979396
29760,0.050763715
29761,1.0138717
29762,0.06274204
29763,0.116281524
29764,0.054934066
29765,0.0382796
29766,0.0424248
29767,0.047044594
29768,0.015080391
29769,0.013760483
29770,0.43145406
29771,0.029665727
29772,0.002619242
29773,0.004590221
29774,0.009307496
29775,0.008739843
29776,0.015792001
29777,0.056388818
29778,0.1303085
29779,0.017980512
29780,0.008641971
29781,0.115550354
29782,0.03976719
29783,0.01916694
29784,0.04683615
29785,0.3915705
29786,0.026151916
29787,0.021835912
29788,0.003535344
29789,0.0423401
29790,0.010362094
29791,0.030687213
29792,0.15923066
29793,0.070301004
29794,0.012949008
29795,0.014138897
29796,0.08090989
29797,0.24748299
29798,0.11385872
29799,0.08746878
29800,0.07361843
29801,0.028711066
29802,0.05648677
29803,0.01748156
29804,0.07941322
29805,0.27235812
29806,0.3621392
29807,0.008330173
29808,0.023834307
29809,0.0130918855
29810,0.010094013
29811,0.019202266
29812,0.008160084
29813,0.020079514
29814,0.013801082
29815,0.017479498
29816,0.02573535
29817,0.067951724
29818,0.059321556
29819,0.122610815
29820,0.005201838
29821,0.15252872
29822,0.008358681
29823,0.30181864
29824,0.01334646
29825,0.023285324
29826,0.023549011
29827,0.010172787
29828,0.016115056
29829,0.013652744
29830,0.026723411
29831,0.011695316
29832,0.0061581503
29833,0.009054393
29834,0.0061177844
29835,0.09470713
29836,0.006195844
29837,0.030033058
29838,0.053507645
29839,0.014271698
29840,0.06025984
29841,0.016037142
29842,0.011363513
29843,0.007864135
29844,0.11144733
29845,0.0271919
29846,0.04401041
29847,0.0050108656
29848,0.014154651
29849,0.033314966
29850,0.01749883
29851,0.10995859
29852,0.018092554
29853,0.0026574335
29854,0.44355842
29855,0.066695355
29856,0.07016537
29857,0.0911144
29858,0.05233271
29859,0.0212421
29860,0.007161729
29861,0.115645476
29862,0.11243116
29863,0.16256583
29864,0.015734846
29865,0.028017428
29866,0.028227765
29867,0.02734619
29868,0.025873084
29869,0.032995723
29870,0.007057879
29871,0.087200254
29872,0.078046955
29873,0.27913085
29874,0.018524894
29875,0.026177507
29876,0.0035539253
29877,0.017887859
29878,0.044451453
29879,0.019230518
29880,0.028541187
29881,0.016550077
29882,0.032421567
29883,0.009621229
29884,0.008385444
29885,0.030353555
29886,0.28758353
29887,0.25754872
29888,0.020071216
29889,0.124655835
29890,0.023217715
29891,0.0071324613
29892,0.0377501
29893,0.024821078
29894,0.043893054
29895,0.05030242
29896,0.03417547
29897,0.032985207
29898,0.0448327
29899,0.027617522
29900,0.086020626
29901,0.030715233
29902,0.17411882
29903,0.034194995
29904,0.030672431
29905,0.2623327
29906,0.42356443
29907,0.031454068
29908,0.25256592
29909,0.053996954
29910,0.2948867
29911,0.025469888
29912,0.28481746
29913,0.06572899
29914,0.028236171
29915,0.10906754
29916,0.014676698
29917,0.025342626
29918,0.012036535
29919,0.2579127
29920,0.038939483
29921,0.6319155
29922,0.2491444
29923,0.044055425
29924,0.26274025
29925,0.012395731
29926,0.040736597
29927,0.035251833
29928,0.058417067
29929,0.29373977
29930,0.63052905
29931,0.5645552
29932,0.048995234
29933,0.08428363
29934,0.13407668
29935,0.15062815
29936,0.0067433626
29937,0.0029758026
29938,0.06152461
29939,0.052999392
29940,0.07402602
29941,0.105295934
29942,0.036810335
29943,0.428627
29944,0.22461733
29945,0.39643416
29946,0.5972037
29947,0.1294045
29948,0.4915861
29949,0.07798668
29950,0.22016852
29951,0.07987816
29952,0.061862767
29953,0.030526746
29954,0.09318936
29955,0.09400263
29956,0.118109986
29957,0.107959166
29958,0.02683213
29959,0.045211185
29960,0.055323005
29961,0.29694963
29962,0.051533215
29963,0.07932843
29964,0.07279169
29965,0.09674355
29966,0.038808763
29967,0.030290412
29968,0.030652286
29969,0.2538528
29970,0.08583146
29971,0.17859955
29972,0.06173776
29973,0.042239495
29974,0.00456537
29975,0.4692434
29976,0.14023505
29977,0.014813063
29978,0.08649726
29979,0.1859305
29980,0.3014521
29981,0.0993694
29982,0.07111626
29983,0.011815272
29984,0.015802113
29985,0.03858446
29986,0.009590886
29987,0.077661894
29988,0.073516496
29989,0.08857961
29990,0.08799533
29991,0.25869638
29992,0.27506116
29993,0.015416786
29994,0.37111157
29995,0.061976027
29996,0.03137111
29997,0.28218096
29998,0.018570075
29999,0.04251084
30000,0.01106115
30001,0.2300565
30002,0.04346499
30003,0.024602082
30004,0.26703978
30005,0.5488757
30006,0.12058965
30007,0.021873903
30008,0.023757765
30009,0.05981535
30010,0.07581108
30011,0.00944675
30012,0.030527094
30013,0.13673994
30014,0.16544354
30015,0.11638809
30016,0.08953636
30017,0.059119042
30018,0.0025534637
30019,0.008396086
30020,0.040848233
30021,0.033440597
30022,0.030476132
30023,0.036821663
30024,0.12997194
30025,0.066052414
30026,0.22718818
30027,0.01730471
30028,0.039849058
30029,0.030455424
30030,0.016989352
30031,0.014427723
30032,0.025412235
30033,0.04556958
30034,0.022465471
30035,0.068241745
30036,0.5132403
30037,0.38614297
30038,0.04110324
30039,0.04021598
30040,0.10277466
30041,0.07231949
30042,0.016445026
30043,0.069237426
30044,0.014675759
30045,0.013273038
30046,0.028175805
30047,0.25451902
30048,0.03000761
30049,0.022231515
30050,0.034729835
30051,0.21229851
30052,0.07577887
30053,0.23215058
30054,0.2252665
30055,0.38525128
30056,0.06808689
30057,0.047476828
30058,0.01751341
30059,0.05614372
30060,0.041987468
30061,0.25437945
30062,0.048449893
30063,0.5686986
30064,0.10139867
30065,0.022040045
30066,0.111787945
30067,0.07298229
30068,0.048870414
30069,0.018540334
30070,0.015236498
30071,0.062012862
30072,0.030799884
30073,0.01944709
30074,0.020915622
30075,0.07482239
30076,0.041694462
30077,0.091556266
30078,0.061127704
30079,0.11955508
30080,0.39530843
30081,0.4188738
30082,0.07102556
30083,0.024806058
30084,0.08032622
30085,0.015073825
30086,0.040901
30087,0.027895166
30088,0.089667246
30089,0.06770469
30090,0.12234354
30091,0.053724054
30092,0.10563514
30093,0.04391601
30094,0.061780278
30095,0.027251946
30096,0.016570106
30097,0.15204152
30098,0.008924926
30099,0.069544144
30100,0.028157517
30101,0.008341869
30102,0.023799129
30103,0.042832874
30104,0.06763728
30105,0.07872026
30106,0.2173098
30107,0.1187515
30108,0.4227539
30109,0.25662434
30110,0.25002804
30111,0.01038781
30112,0.1047387
30113,0.053494535
30114,0.045707095
30115,0.08876696
30116,0.021111166
30117,0.054952186
30118,0.055964287
30119,0.052107863
30120,0.08525616
30121,0.03012867
30122,0.06602651
30123,0.023018004
30124,0.08850872
30125,0.015433582
30126,0.03991201
30127,0.14912552
30128,0.06909859
30129,0.22961481
30130,0.50910455
30131,0.11728015
30132,0.11707512
30133,0.063692324
30134,0.0828058
30135,0.0721207
30136,0.0899163
30137,0.05718471
30138,0.008450145
30139,0.019852147
30140,0.29710495
30141,0.07495797
30142,0.080584824
30143,0.0575106
30144,0.07341027
30145,0.016968248
30146,0.021543631
30147,0.020954037
30148,0.041347492
30149,0.29497012
30150,0.06466072
30151,0.044350192
30152,0.11207126
30153,0.62371093
30154,0.09613043
30155,0.014052335
30156,0.24192715
30157,0.065636925
30158,0.24422494
30159,0.3010698
30160,0.07824129
30161,0.05807385
30162,0.08817194
30163,0.116043754
30164,0.15907621
30165,0.042905517
30166,0.16464312
30167,0.09915642
30168,0.0840292
30169,0.014251124
30170,0.012569596
30171,0.015138826
30172,0.019781709
30173,0.06642086
30174,0.078464106
30175,0.014642232
30176,0.11800065
30177,0.15908226
30178,0.25470918
30179,0.087494195
30180,0.03455516
30181,0.11106486
30182,0.16643092
30183,0.3568591
30184,0.07320466
30185,0.047515452
30186,0.023110703
30187,0.070570804
30188,0.52933747
30189,0.04197904
30190,0.11282565
30191,0.3862939
30192,0.23458649
30193,0.019149857
30194,0.009021309
30195,0.011147903
30196,0.043916736
30197,0.06103636
30198,0.37866646
30199,0.40802237
30200,0.008325115
30201,0.11688831
30202,0.108821124
30203,0.1361386
30204,0.16259585
30205,0.1259768
30206,0.19569294
30207,0.39670926
30208,0.086435065
30209,0.018156044
30210,0.052409697
30211,0.10330935
30212,0.05668545
30213,0.28939426
30214,0.99130154
30215,0.06277379
30216,0.38551956
30217,0.015718872
30218,0.04971876
30219,0.3722031
30220,0.005670781
30221,0.04672022
30222,0.0845786
30223,0.0154773565
30224,0.05738844
30225,0.0034417647
30226,0.49416503
30227,0.2364913
30228,0.08318112
30229,0.4073251
30230,0.14826629
30231,0.23811747
30232,0.40632197
30233,0.4316742
30234,0.16783513
30235,0.11713216
30236,0.12416792
30237,1.015867
30238,0.4286852
30239,0.4619158
30240,0.024959398
30241,0.11720089
30242,0.06519848
30243,0.008281447
30244,0.056726225
30245,0.0039282236
30246,0.007689811
30247,0.010618262
30248,0.037018556
30249,0.07025515
30250,0.11198829
30251,0.104137376
30252,0.11707534
30253,0.0985284
30254,0.24998093
30255,0.22441125
30256,0.027881183
30257,0.09597217
30258,0.42515942
30259,0.06921228
30260,0.9783164
30261,0.89983875
30262,0.6295676
30263,0.0062203836
30264,0.024278224
30265,0.015455185
30266,0.0973545
30267,0.4223501
30268,0.087493554
30269,0.014995324
30270,0.07301068
30271,0.0078013265
30272,0.05233864
30273,0.06337879
30274,0.052038416
30275,0.011212975
30276,0.40506548
30277,0.017244847
30278,0.04057763
30279,0.118094616
30280,0.12295116
30281,0.05546704
30282,0.048579294
30283,0.24346834
30284,0.22199972
30285,0.025624588
30286,0.22439289
30287,0.09599688
30288,0.11576827
30289,0.9932486
30290,1.00027
30291,0.5843296
30292,0.22505783
30293,0.023452777
30294,0.0068016704
30295,0.4626851
30296,0.09356648
30297,0.18720034
30298,0.043046806
30299,0.12503286
30300,0.019141134
30301,0.1206145
30302,0.11267503
30303,0.15347263
30304,0.16557513
30305,0.49818727
30306,0.45400771
30307,0.23492827
30308,0.14721681
30309,0.07964836
30310,0.06855678
30311,0.11381036
30312,0.057624515
30313,0.028314177
30314,0.13984302
30315,0.15722245
30316,0.057927825
30317,0.114113025
30318,0.022906484
30319,0.99799645
30320,0.9651659
30321,1.023742
30322,0.12360757
30323,0.05706361
30324,0.40061316
30325,0.012632987
30326,0.4281374
30327,0.024878435
30328,0.01869871
30329,0.015077838
30330,0.057794325
30331,0.104930766
30332,0.05281795
30333,0.38188905
30334,1.0073053
30335,0.08529395
30336,0.10460643
30337,0.099282764
30338,0.14550133
30339,0.07582317
30340,0.3654943
30341,0.24541794
30342,0.031686768
30343,0.094001934
30344,0.121464305
30345,0.12470375
30346,0.060129642
30347,0.029896548
30348,0.29165497
30349,0.389816
30350,0.24780805
30351,0.0812456
30352,0.024258237
30353,0.12892108
30354,0.011036321
30355,0.08448946
30356,0.18135695
30357,0.031351615
30358,0.03826881
30359,0.055766582
30360,0.043816946
30361,0.046283152
30362,0.38102436
30363,0.6195411
30364,0.2706401
30365,0.16884203
30366,0.1010801
30367,0.15130986
30368,0.16372491
30369,0.5214699
30370,0.07169934
30371,0.027239498
30372,0.037720256
30373,0.029155076
30374,0.15783712
30375,0.16023666
30376,0.25998592
30377,0.4683984
30378,0.27655333
30379,0.26030666
30380,0.91994286
30381,0.11442649
30382,0.016451601
30383,0.15624571
30384,0.25254202
30385,0.023077713
30386,0.05391215
30387,0.47097397
30388,0.071152255
30389,0.039360814
30390,0.038101073
30391,0.05275971
30392,0.23848742
30393,0.41384616
30394,0.2784682
30395,0.5521334
30396,0.29818434
30397,0.15026125
30398,0.13495761
30399,0.37988353
30400,0.023595352
30401,0.16815631
30402,0.084957786
30403,0.054849293
30404,0.42196506
30405,0.2593536
30406,0.064289436
30407,0.5773532
30408,0.27998427
30409,0.0065782717
30410,0.09202246
30411,0.14568827
30412,0.083610184
30413,0.045248512
30414,0.010320719
30415,0.0060737105
30416,0.032330804
30417,0.056960538
30418,0.096589185
30419,0.11551105
30420,0.123120524
30421,0.41416582
30422,0.7082386
30423,0.4406234
30424,0.3006167
30425,0.619127
30426,0.108707644
30427,0.07820807
30428,0.06964413
30429,0.13160223
30430,0.39481485
30431,0.06984313
30432,0.025494793
30433,0.07062325
30434,0.15306887
30435,0.02039016
30436,0.05413869
30437,0.110728
30438,0.024307286
30439,0.037704457
30440,0.019069457
30441,0.019965742
30442,0.032747567
30443,0.09102052
30444,0.060272492
30445,0.08111172
30446,0.42157626
30447,0.26265514
30448,0.3779266
30449,0.6229147
30450,0.54164755
30451,0.42102787
30452,0.24887915
30453,0.04562504
30454,0.01967385
30455,0.051601294
30456,0.11829158
30457,0.012477876
30458,0.029606614
30459,1.0203286
30460,0.052217875
30461,0.015444118
30462,0.22756796
30463,0.0628786
30464,0.2133755
30465,0.04655569
30466,0.055390205
30467,0.015049253
30468,0.040268674
30469,0.02953477
30470,0.09304723
30471,0.11709396
30472,0.5861724
30473,0.37918946
30474,0.23711537
30475,1.0353034
30476,0.39825037
30477,0.4233261
30478,0.16047826
30479,0.035391893
30480,0.02878772
30481,0.04039048
30482,0.058879577
30483,0.055657845
30484,0.03440943
30485,0.061942533
30486,0.44103068
30487,0.10910796
30488,0.3787036
30489,0.032379545
30490,0.09773105
30491,0.13065016
30492,0.13798586
30493,0.19910434
30494,0.05456536
30495,0.028953632
30496,0.042544585
30497,0.15973884
30498,0.97319627
30499,0.38524023
30500,0.62237924
30501,0.4206178
30502,0.39967835
30503,0.16073263
30504,0.2592651
30505,0.0712082
30506,0.022524439
30507,0.013247449
30508,0.015679047
30509,0.060675476
30510,0.030413147
30511,0.13086838
30512,0.13273811
30513,0.11563137
30514,0.2851783
30515,0.03107152
30516,0.07762838
30517,0.28079602
30518,0.056869145
30519,0.11051626
30520,0.3954157
30521,0.037521064
30522,0.24066876
30523,0.24602196
30524,0.07531712
30525,0.1188432
30526,0.11728472
30527,0.08647144
30528,0.044140995
30529,0.12958573
30530,0.121256344
30531,0.04642569
30532,0.007835078
30533,0.24623759
30534,0.10502052
30535,0.03993294
30536,0.032379087
30537,0.11684023
30538,0.039755292
30539,0.06018481
30540,0.054869093
30541,0.176884
30542,0.36920393
30543,0.54710025
30544,0.13773309
30545,0.013185909
30546,0.018383157
30547,0.067126
30548,0.06820127
30549,0.13757297
30550,0.03310555
30551,0.015072089
30552,0.023984753
30553,0.015216542
30554,0.011286965
30555,0.031499878
30556,0.08379267
30557,0.09827367
30558,0.4048452
30559,0.012119186
30560,0.016823607
30561,0.053151898
30562,0.0821757
30563,0.1077339
30564,0.4464443
30565,0.13646598
30566,0.011365991
30567,0.2301557
30568,0.032789975
30569,0.01655517
30570,0.07822006
30571,0.16856077
30572,0.05501005
30573,0.019864857
30574,0.011441078
30575,0.29476154
30576,0.04014877
30577,0.016331874
30578,0.01856926
30579,0.026650831
30580,0.13374327
30581,0.067088135
30582,0.042179212
30583,0.016547408
30584,0.02578001
30585,0.063504
30586,0.30356693
30587,0.032952607
30588,0.01821869
30589,0.026350753
30590,0.03982597
30591,0.06489285
30592,0.26545835
30593,0.06628722
30594,0.25868478
30595,0.095818736
30596,0.02916362
30597,0.013899594
30598,0.051778242
30599,0.06367668
30600,0.029488666
30601,0.4593581
30602,0.018368168
30603,0.27267697
30604,0.016274244
30605,0.102714345
30606,0.053736616
30607,0.01010114
30608,0.3139138
30609,0.51684755
30610,0.23802152
30611,0.08776084
30612,0.10344787
30613,0.05858425
30614,0.05390841
30615,0.09943279
30616,0.10251333
30617,0.09197855
30618,0.9975975
30619,0.017988728
30620,0.07991041
30621,0.0139386
30622,0.08255488
30623,0.08291014
30624,0.018238885
30625,0.032072186
30626,0.13742763
30627,0.4943378
30628,0.074593134
30629,0.24705946
30630,0.026103023
30631,0.0952781
30632,0.021997146
30633,0.08981328
30634,0.030811986
30635,0.025556372
30636,0.055916112
30637,0.069016606
30638,0.024618957
30639,0.0187465
30640,0.077243805
30641,0.01252006
30642,0.16082957
30643,0.042900607
30644,0.028909357
30645,0.07937915
30646,0.1117024
30647,0.024641855
30648,0.024454452
30649,0.050051697
30650,1.0252337
30651,0.07567819
30652,0.12211589
30653,0.05374799
30654,0.040124726
30655,0.041068435
30656,0.049846362
30657,0.01175562
30658,0.014970728
30659,0.29774466
30660,0.026339894
30661,0.0035560215
30662,0.006669365
30663,0.006130035
30664,0.006700451
30665,0.017807484
30666,0.053801022
30667,0.12728128
30668,0.24279074
30669,0.041523356
30670,0.041416
30671,0.37419412
30672,0.030340875
30673,0.01988729
30674,0.0082052685
30675,0.021162411
30676,0.012324331
30677,0.04425503
30678,0.0069621815
30679,0.03533033
30680,0.27222136
30681,0.08153501
30682,0.011128021
30683,0.01896422
30684,0.008092578
30685,0.07194793
30686,0.24652077
30687,0.12215137
30688,0.085503615
30689,0.0911503
30690,0.027197422
30691,0.058163818
30692,0.019589525
30693,0.08439833
30694,0.2621223
30695,0.15121917
30696,0.008944483
30697,0.013220127
30698,0.0116975475
30699,0.020911265
30700,0.007901821
30701,0.014224316
30702,0.016820047
30703,0.011906552
30704,0.02618548
30705,0.064905435
30706,0.06545639
30707,0.10010001
30708,0.14186653
30709,0.0069724494
30710,0.29166272
30711,0.011487818
30712,0.023264326
30713,0.007061209
30714,0.02522563
30715,0.012154823
30716,0.007818822
30717,0.017037008
30718,0.020553533
30719,0.015003962
30720,0.024634104
30721,0.011631444
30722,0.00987668
30723,0.09306233
30724,0.054424226
30725,0.013561488
30726,0.058086198
30727,0.01784022
30728,0.007124628
30729,0.012898715
30730,0.005537445
30731,0.13000327
30732,0.025232522
30733,0.04190905
30734,0.0026253383
30735,0.036123823
30736,0.016030544
30737,0.10793461
30738,0.0122903455
30739,0.0048744516
30740,0.41604304
30741,0.064407766
30742,0.0631756
30743,0.08054037
30744,0.046493433
30745,0.02147711
30746,0.007146336
30747,0.12237222
30748,0.015110997
30749,0.12988135
30750,0.16924934
30751,0.016347498
30752,0.037428103
30753,0.037475415
30754,0.031251118
30755,0.026332634
30756,0.003753775
30757,0.034521498
30758,0.011993516
30759,0.10231402
30760,0.07090029
30761,0.029658508
30762,0.0050975992
30763,0.18050124
30764,0.017519081
30765,0.02698268
30766,0.030269522
30767,0.0035826114
30768,0.013685837
30769,0.04924586
30770,0.021227255
30771,0.030428873
30772,0.034370854
30773,0.011105141
30774,0.03378202
30775,0.4234344
30776,0.23798001
30777,0.012208578
30778,0.017713105
30779,0.11617867
30780,0.013911664
30781,0.022992685
30782,0.044547785
30783,0.0358115
30784,0.02786519
30785,0.019084236
30786,0.03678699
30787,0.013551293
30788,0.037006237
30789,0.046900604
30790,0.039124865
30791,0.031096157
30792,0.07002075
30793,0.03754319
30794,0.4179622
30795,0.035710193
30796,0.016423818
30797,0.42265832
30798,0.35770044
30799,0.034859896
30800,0.26833937
30801,0.050308265
30802,0.38858932
30803,0.05960193
30804,0.14568591
30805,0.068504706
30806,0.01521168
30807,0.24950911
30808,0.0033960596
30809,0.03488474
30810,0.014333101
30811,0.37151036
30812,0.051036764
30813,0.6391375
30814,0.2546547
30815,0.03725183
30816,0.2722428
30817,0.008559752
30818,0.025113769
30819,0.022673657
30820,0.042890407
30821,0.010330602
30822,0.04364759
30823,0.091536134
30824,0.40599388
30825,0.58191174
30826,0.52624696
30827,0.05314439
30828,0.0742078
30829,0.11715468
30830,0.37608406
30831,0.06803765
30832,0.0555953
30833,0.07749627
30834,0.22845976
30835,0.0362461
30836,0.4092657
30837,0.2245905
30838,0.28376415
30839,0.6014463
30840,0.13483135
30841,0.02339107
30842,0.48359048
30843,0.07361682
30844,0.22637503
30845,0.067030415
30846,0.05628362
30847,0.032474447
30848,0.08714807
30849,0.09026531
30850,0.11196841
30851,0.2287323
30852,0.028647307
30853,0.05394977
30854,0.07087362
30855,0.29147375
30856,0.05160945
30857,0.08002133
30858,0.08780128
30859,0.102672145
30860,0.035654932
30861,0.029447237
30862,0.05077949
30863,0.16379221
30864,0.08750439
30865,0.3841397
30866,0.05471942
30867,0.041741695
30868,0.027555423
30869,0.013490628
30870,0.014854265
30871,0.43229932
30872,0.12240221
30873,0.09187619
30874,0.42734417
30875,0.31350926
30876,0.009380096
30877,0.109850325
30878,0.06934562
30879,0.01815989
30880,0.011239373
30881,0.07448259
30882,0.09396106
30883,0.10552936
30884,0.25943932
30885,0.4166618
30886,0.21795703
30887,0.05310714
30888,0.030649321
30889,0.38855046
30890,0.019100437
30891,0.044126417
30892,0.008138265
30893,0.085879296
30894,0.033839557
30895,0.025957063
30896,0.27944148
30897,0.5434544
30898,0.11692262
30899,0.018235134
30900,0.024066713
30901,0.05681257
30902,0.07420861
30903,0.029452203
30904,0.013956024
30905,0.13888896
30906,0.16327704
30907,0.10371347
30908,0.085341655
30909,0.070749976
30910,0.009758095
30911,0.046486907
30912,0.032217424
30913,0.029973997
30914,0.03665247
30915,0.13302052
30916,0.066583134
30917,0.23795769
30918,0.012701671
30919,0.03815044
30920,0.03225443
30921,0.016813332
30922,0.016211282
30923,0.024124183
30924,0.04247774
30925,0.061013702
30926,0.49694273
30927,0.2843612
30928,0.043243527
30929,0.038213935
30930,0.09929022
30931,0.073745765
30932,0.01314634
30933,0.074051745
30934,0.030220555
30935,0.25913677
30936,0.028756524
30937,0.022364667
30938,0.03427812
30939,0.062639795
30940,0.070798434
30941,0.37492424
30942,0.38004708
30943,0.36536708
30944,0.06563895
30945,0.045531847
30946,0.01774275
30947,0.0571382
30948,0.044181757
30949,0.2669933
30950,0.050874006
30951,0.58960044
30952,0.11714886
30953,0.020938983
30954,0.10362078
30955,0.06096411
30956,0.051723
30957,0.022883596
30958,0.009053663
30959,0.057364598
30960,0.009384974
30961,0.022238722
30962,0.017039252
30963,0.019125428
30964,0.07979042
30965,0.041774746
30966,0.09183001
30967,0.06273731
30968,0.11869612
30969,0.38379088
30970,0.40374082
30971,0.07126372
30972,0.026204182
30973,0.088075645
30974,0.016519671
30975,0.03796986
30976,0.0074031036
30977,0.10014782
30978,0.070282385
30979,0.1432347
30980,0.059818268
30981,0.116440095
30982,0.040118095
30983,0.05696087
30984,0.029908568
30985,0.016435366
30986,0.022422122
30987,0.14699952
30988,0.07135663
30989,0.031219361
30990,0.022500044
30991,0.03642535
30992,0.06886834
30993,0.0848511
30994,0.12992094
30995,0.117979445
30996,0.2608667
30997,0.261863
30998,0.2584335
30999,0.011390362
31000,0.100603886
31001,0.0088787805
31002,0.056171298
31003,0.009486829
31004,0.042184614
31005,0.08585961
31006,0.032322552
31007,0.054187216
31008,0.06144423
31009,0.013034534
31010,0.05644629
31011,0.077273354
31012,0.024423582
31013,0.06458537
31014,0.026616514
31015,0.03632569
31016,0.09666315
31017,0.01233272
31018,0.046852604
31019,0.1397657
31020,0.066896915
31021,0.23086384
31022,0.49972814
31023,0.12192263
31024,0.112092264
31025,0.07126197
31026,0.07711839
31027,0.08322707
31028,0.08148742
31029,0.058353685
31030,0.27788416
31031,0.07487641
31032,0.08138541
31033,0.052224178
31034,0.07166402
31035,0.020682275
31036,0.027232053
31037,0.021870647
31038,0.019774409
31039,0.04040413
31040,0.30630633
31041,0.073928915
31042,0.045515984
31043,0.13217486
31044,0.7060954
31045,0.094941415
31046,0.013080671
31047,0.23625071
31048,0.0688157
31049,0.24832167
31050,0.30500266
31051,0.07127497
31052,0.021248635
31053,0.060291052
31054,0.08337954
31055,0.11336801
31056,0.24560261
31057,0.04387512
31058,0.23358941
31059,0.09059649
31060,0.0059964336
31061,0.07957083
31062,0.010102422
31063,0.015880672
31064,0.019104784
31065,0.07505558
31066,0.07752633
31067,0.015830165
31068,0.11700702
31069,0.17893355
31070,0.25915924
31071,0.08726498
31072,0.030840363
31073,0.10908886
31074,0.18005256
31075,0.37371162
31076,0.06214036
31077,0.055697028
31078,0.02587459
31079,0.067835756
31080,0.57197934
31081,0.044838257
31082,0.106221706
31083,0.38194275
31084,0.23747899
31085,0.015199269
31086,0.010494442
31087,0.03926932
31088,0.061581165
31089,0.42917097
31090,0.39025933
31091,0.0073307096
31092,0.11280643
31093,0.11078828
31094,0.26065794
31095,0.15311177
31096,0.13102068
31097,0.17920077
31098,0.38261485
31099,0.08752892
31100,0.019502815
31101,0.0510646
31102,0.09980466
31103,0.05763036
31104,0.19128172
31105,0.99811065
31106,0.059891623
31107,0.4352664
31108,0.0154769365
31109,0.05092484
31110,0.2678408
31111,0.009936251
31112,0.05295286
31113,0.085730776
31114,0.019099217
31115,0.05496405
31116,0.52617395
31117,0.24014597
31118,0.08774148
31119,0.27228743
31120,0.14842916
31121,0.24310194
31122,0.4100867
31123,0.39793813
31124,0.27209538
31125,0.11867589
31126,0.122720845
31127,1.0116318
31128,0.4446479
31129,0.41575605
31130,0.0255062
31131,0.13224483
31132,0.08570793
31133,0.02666376
31134,0.02095077
31135,0.009435466
31136,0.056271702
31137,0.007344106
31138,0.008303005
31139,0.013011847
31140,0.03637375
31141,0.07430089
31142,0.11224898
31143,0.1028751
31144,0.111239955
31145,0.10011066
31146,0.25019747
31147,0.22875994
31148,0.02948476
31149,0.10161581
31150,0.36743656
31151,0.015658084
31152,0.07027788
31153,0.9800216
31154,0.98994017
31155,0.6144875
31156,0.004507838
31157,0.023755513
31158,0.10062023
31159,0.4279289
31160,0.08841957
31161,0.07166403
31162,0.047293626
31163,0.006137926
31164,0.061433956
31165,0.07293912
31166,0.054095086
31167,0.0151364505
31168,0.44803834
31169,0.017362364
31170,0.035577297
31171,0.11941881
31172,0.10536311
31173,0.055514008
31174,0.048153754
31175,0.37345812
31176,0.2292726
31177,0.024948427
31178,0.22431093
31179,0.110767744
31180,0.11971208
31181,0.9852926
31182,0.9656137
31183,0.63070065
31184,0.015191922
31185,0.23123778
31186,0.021324826
31187,0.00525646
31188,0.47233927
31189,0.100866474
31190,0.19204837
31191,0.040998686
31192,0.11508321
31193,0.019241767
31194,0.11463447
31195,0.11004342
31196,0.17046374
31197,0.14599016
31198,0.49603996
31199,0.4386484
31200,0.22280364
31201,0.14193504
31202,0.09473211
31203,0.069579534
31204,0.11889995
31205,0.057890575
31206,0.029108666
31207,0.022406992
31208,0.13277064
31209,0.17285754
31210,0.066222124
31211,0.11694117
31212,0.02512249
31213,0.9332844
31214,1.0159354
31215,1.0159485
31216,0.1263145
31217,0.050228577
31218,0.13585408
31219,0.40071476
31220,0.02491779
31221,0.0088128215
31222,0.016992535
31223,0.017263222
31224,0.058443457
31225,0.10923518
31226,0.054110367
31227,0.399348
31228,0.9957702
31229,0.06904972
31230,0.112593584
31231,0.09299597
31232,0.14347562
31233,0.07734574
31234,0.39702204
31235,0.26038924
31236,0.030814134
31237,0.1022846
31238,0.10255908
31239,0.11108169
31240,0.048519596
31241,0.022063358
31242,0.42140988
31243,0.39923885
31244,0.23701127
31245,0.07693091
31246,0.023766764
31247,0.101872906
31248,0.009265951
31249,0.07656177
31250,0.1855722
31251,0.030717738
31252,0.04450614
31253,0.05734253
31254,0.014849761
31255,0.018310769
31256,0.04343532
31257,0.04656739
31258,0.3975182
31259,0.5651652
31260,0.28205565
31261,0.1743972
31262,0.10974045
31263,0.16245686
31264,0.14945138
31265,0.56396455
31266,0.078739055
31267,0.035808932
31268,0.03166206
31269,0.15268971
31270,0.15764137
31271,0.15964563
31272,0.47316355
31273,0.28217027
31274,0.1395416
31275,0.92250836
31276,0.10763358
31277,0.01529502
31278,0.14422703
31279,0.25395933
31280,0.01952598
31281,0.054186635
31282,0.51142
31283,0.07004445
31284,0.04089986
31285,0.040319763
31286,0.04965717
31287,0.14711888
31288,0.41188625
31289,0.28400144
31290,0.5521334
31291,0.28617498
31292,0.16686365
31293,0.14269254
31294,0.24478804
31295,0.027251283
31296,0.16878794
31297,0.08574866
31298,0.05239396
31299,0.52270526
31300,0.4024541
31301,0.061850645
31302,0.548917
31303,0.41177976
31304,0.08357647
31305,0.14457472
31306,0.09188513
31307,0.043266356
31308,0.013702643
31309,0.010049107
31310,0.00691208
31311,0.03184445
31312,0.056437265
31313,0.09842394
31314,0.10955803
31315,0.12650052
31316,0.39831364
31317,0.75250465
31318,0.4182112
31319,0.28677487
31320,0.6079329
31321,0.11407319
31322,0.06694298
31323,0.07858594
31324,0.1592299
31325,0.3871295
31326,0.07479825
31327,0.027452884
31328,0.07167826
31329,0.14851807
31330,0.017333552
31331,0.052173533
31332,0.11568383
31333,0.019069986
31334,0.014549339
31335,0.036531422
31336,0.021951413
31337,0.019749798
31338,0.032773137
31339,0.09497016
31340,0.059067823
31341,0.078985944
31342,0.39873236
31343,0.2530797
31344,0.35236296
31345,0.6343863
31346,0.61628395
31347,0.3512408
31348,0.23137368
31349,0.043143835
31350,0.01975134
31351,0.053030673
31352,0.114711106
31353,0.017024897
31354,1.0260402
31355,0.053264022
31356,0.016216405
31357,0.072287634
31358,0.06065246
31359,0.23172112
31360,0.05400604
31361,0.04380436
31362,0.032620516
31363,0.09235697
31364,0.11722046
31365,0.5818844
31366,0.3898296
31367,0.25372872
31368,1.0554315
31369,0.3765295
31370,0.46352857
31371,0.17047821
31372,0.031639032
31373,0.03707504
31374,0.056002792
31375,0.059762973
31376,0.0153583605
31377,0.05747019
31378,0.41199195
31379,0.1203685
31380,0.39548084
31381,0.027407637
31382,0.09772961
31383,0.13752289
31384,0.14644644
31385,0.26267475
31386,0.051950935
31387,0.029352445
31388,0.009198225
31389,0.04482072
31390,0.14780891
31391,0.96422845
31392,0.4133729
31393,0.5734634
31394,0.4001235
31395,0.37797242
31396,0.16228499
31397,0.2441733
31398,0.075566046
31399,0.02295341
31400,0.011309025
31401,0.013745164
31402,0.059154157
31403,0.029507829
31404,0.13012403
31405,0.13879143
31406,0.110725775
31407,0.38974854
31408,0.025770662
31409,0.0732326
31410,0.39612252
31411,0.05767807
31412,0.11964891
31413,0.24100713
31414,0.039054472
31415,0.0051865056
31416,0.22874524
31417,0.26152244
31418,0.07866197
31419,0.12388806
31420,0.09652452
31421,0.079964064
31422,0.044289775
31423,0.12797838
31424,0.11673895
31425,0.01029569
31426,0.22381939
31427,0.01269603
31428,0.118689544
31429,0.041208304
31430,0.032276936
31431,0.11744096
31432,0.037693825
31433,0.05943755
31434,0.056909
31435,0.17145272
31436,0.39514974
31437,0.6406209
31438,0.14851616
31439,0.0104121845
31440,0.018528461
31441,0.069162786
31442,0.06783924
31443,0.13861273
31444,0.01177484
31445,0.0348434
31446,0.013496992
31447,0.0321944
31448,0.0177719
31449,0.011971249
31450,0.026730116
31451,0.08234724
31452,0.10230676
31453,0.39849755
31454,0.014984152
31455,0.017666789
31456,0.05192156
31457,0.07263717
31458,0.099554904
31459,0.423319
31460,0.16369992
31461,0.014095347
31462,0.14270887
31463,0.032319568
31464,0.014512986
31465,0.08372681
31466,0.14058504
31467,0.04917013
31468,0.0151451025
31469,0.009240189
31470,0.19348748
31471,0.04209277
31472,0.014104497
31473,0.020461628
31474,0.027602732
31475,0.1359595
31476,0.06976584
31477,0.044812396
31478,0.015460082
31479,0.03126529
31480,0.059150446
31481,0.311605
31482,0.02946983
31483,0.020118121
31484,0.02797141
31485,0.040755548
31486,0.07454047
31487,0.2600491
31488,0.062664576
31489,0.17051652
31490,0.10552044
31491,0.029398229
31492,0.011861762
31493,0.048796665
31494,0.056830145
31495,0.03409502
31496,0.27303457
31497,0.017129816
31498,0.27598035
31499,0.016594648
31500,0.100721024
31501,0.051477686
31502,0.3060515
31503,0.41131443
31504,0.22945915
31505,0.091579765
31506,0.09713942
31507,0.066078
31508,0.0589482
31509,0.11804303
31510,0.107984364
31511,0.101531915
31512,0.99134624
31513,0.01767442
31514,0.08185495
31515,0.01395281
31516,0.079597265
31517,0.079117954
31518,0.018614588
31519,0.03262556
31520,0.12812072
31521,0.50727034
31522,0.08922975
31523,0.23657832
31524,0.020089474
31525,0.08715488
31526,0.021188438
31527,0.0928428
31528,0.032717586
31529,0.028660683
31530,0.057178654
31531,0.072765455
31532,0.030080276
31533,0.071485564
31534,0.013557688
31535,0.14425917
31536,0.031106245
31537,0.044200677
31538,0.012726765
31539,0.030380018
31540,0.08325232
31541,0.103008315
31542,0.02479868
31543,0.06440519
31544,1.0018787
31545,0.05518258
31546,0.12085692
31547,0.052541085
31548,0.034857582
31549,0.04096271
31550,0.052358706
31551,0.015271613
31552,0.40120715
31553,0.025148837
31554,0.005974686
31555,0.0038851593
31556,0.008120334
31557,0.008546919
31558,0.058367938
31559,0.1326161
31560,0.022279738
31561,0.11852932
31562,0.04018528
31563,0.022687774
31564,0.047162835
31565,0.40146402
31566,0.029228108
31567,0.020552346
31568,0.020075114
31569,0.045332957
31570,0.265946
31571,0.07773592
31572,0.014677097
31573,0.015327142
31574,0.07872411
31575,0.16837578
31576,0.22390838
31577,0.08828093
31578,0.07102434
31579,0.054988626
31580,0.016117413
31581,0.073932156
31582,0.25687888
31583,0.22812994
31584,0.006687542
31585,0.025978854
31586,0.014538501
31587,0.012998402
31588,0.017559675
31589,0.0070513147
31590,0.018570682
31591,0.029212141
31592,0.07390182
31593,0.065434374
31594,0.13145839
31595,0.008028658
31596,0.010978146
31597,0.15456589
31598,0.0096980445
31599,0.30553636
31600,0.025663761
31601,0.0101503385
31602,0.009142465
31603,0.01927136
31604,0.020199306
31605,0.017922362
31606,0.030571148
31607,0.0079441955
31608,0.09124804
31609,0.027085586
31610,0.05650017
31611,0.012458552
31612,0.057846442
31613,0.013851625
31614,0.012707714
31615,0.10367541
31616,0.026372923
31617,0.033403296
31618,0.008007571
31619,0.035958573
31620,0.108764365
31621,0.009368052
31622,0.012318968
31623,0.44982842
31624,0.057835672
31625,0.0751221
31626,0.08264453
31627,0.05169589
31628,0.022937585
31629,0.0076849256
31630,0.12961665
31631,0.015271508
31632,0.11357004
31633,0.007890626
31634,0.15075321
31635,0.02911905
31636,0.035506714
31637,0.032613374
31638,0.02837394
31639,0.02994661
31640,0.01233702
31641,0.03153374
31642,0.011836713
31643,0.01159659
31644,0.008191565
31645,0.006310041
31646,0.08599825
31647,0.07553125
31648,0.034349654
31649,0.18330021
31650,0.024701938
31651,0.0092774425
31652,0.014764339
31653,0.049037162
31654,0.013229997
31655,0.02817226
31656,0.03504945
31657,0.1526283
31658,0.25414178
31659,0.010150473
31660,0.11559193
31661,0.02309672
31662,0.04654185
31663,0.018831482
31664,0.038807172
31665,0.05342422
31666,0.0315287
31667,0.059929397
31668,0.016292822
31669,0.03456557
31670,0.02745798
31671,0.03685046
31672,0.04212143
31673,0.08241868
31674,0.039240878
31675,0.38144752
31676,0.045012757
31677,0.2217343
31678,0.3494337
31679,0.40274918
31680,0.01832988
31681,0.030726368
31682,0.2685911
31683,0.049935173
31684,0.41095087
31685,0.070303515
31686,0.27967104
31687,0.07174604
31688,0.024995126
31689,0.24934602
31690,0.01629411
31691,0.27381143
31692,0.81485915
31693,0.2811882
31694,0.066901766
31695,0.04110819
31696,0.14528254
31697,0.06597899
31698,0.02413982
31699,0.04693435
31700,0.0386695
31701,0.071807526
31702,0.31743872
31703,0.5870801
31704,0.54198104
31705,0.047320966
31706,0.07790874
31707,0.106929764
31708,0.2703309
31709,0.062140144
31710,0.05303222
31711,0.06871086
31712,0.13049862
31713,0.4417466
31714,0.13741197
31715,0.278984
31716,0.6006458
31717,0.1322775
31718,0.026529733
31719,0.5458308
31720,0.016636273
31721,0.069701746
31722,0.25835136
31723,0.075088225
31724,0.06127192
31725,0.034010135
31726,0.10259699
31727,0.029838985
31728,0.211828
31729,0.1376481
31730,0.10358554
31731,0.0296025
31732,0.060438897
31733,0.10111646
31734,0.18946809
31735,0.055842068
31736,0.004252803
31737,0.029850183
31738,0.06943442
31739,0.05134924
31740,0.11419682
31741,0.03444889
31742,0.046041362
31743,0.03203099
31744,0.030430969
31745,0.28875548
31746,0.10599362
31747,0.40820023
31748,0.047133833
31749,0.059448782
31750,0.03977435
31751,0.009417521
31752,0.014675167
31753,0.51975805
31754,0.14351527
31755,0.107015796
31756,0.46472105
31757,0.44442272
31758,0.010579814
31759,0.09348084
31760,0.06986453
31761,0.018837135
31762,0.02364607
31763,0.038949355
31764,0.075525664
31765,0.09371363
31766,0.09540193
31767,0.3884797
31768,0.4630367
31769,0.22720434
31770,0.060585495
31771,0.0081742
31772,0.028704347
31773,0.023914011
31774,0.033788703
31775,0.41014996
31776,0.01859375
31777,0.04260057
31778,0.012236119
31779,0.10979729
31780,0.04076639
31781,0.2837016
31782,0.56305003
31783,0.14156216
31784,0.023042075
31785,0.0639366
31786,0.071991235
31787,0.026224459
31788,0.013379586
31789,0.15797366
31790,0.26993003
31791,0.11182791
31792,0.09740057
31793,0.07094719
31794,0.008585159
31795,0.03805845
31796,0.03252999
31797,0.03017158
31798,0.03655083
31799,0.13869582
31800,0.068446346
31801,0.22631188
31802,0.01725441
31803,0.04134853
31804,0.032141697
31805,0.016781492
31806,0.01618824
31807,0.021932987
31808,0.04556535
31809,0.0075475923
31810,0.024260119
31811,0.06736997
31812,0.50303316
31813,0.39904162
31814,0.038827237
31815,0.038137384
31816,0.040744
31817,0.113098115
31818,0.07871095
31819,0.015553032
31820,0.06732023
31821,0.015861996
31822,0.02974774
31823,0.2464474
31824,0.028918553
31825,0.024065377
31826,0.03394626
31827,0.07359286
31828,0.07354008
31829,0.37570626
31830,0.24415098
31831,0.24774203
31832,0.067837834
31833,0.04086228
31834,0.016697122
31835,0.05380383
31836,0.045351606
31837,0.36339945
31838,0.050921086
31839,0.6068597
31840,0.12375038
31841,0.013950681
31842,0.13900386
31843,0.056644477
31844,0.049601354
31845,0.019968534
31846,0.012191176
31847,0.07640457
31848,0.017295303
31849,0.02210413
31850,0.084110655
31851,0.044646185
31852,0.09330233
31853,0.06514314
31854,0.118003406
31855,0.24991761
31856,0.39433488
31857,0.07492986
31858,0.02471655
31859,0.08685978
31860,0.017533366
31861,0.044113547
31862,0.112934664
31863,0.06917497
31864,0.13157836
31865,0.0573262
31866,0.10830717
31867,0.036641818
31868,0.060541462
31869,0.035596155
31870,0.018645255
31871,0.16864204
31872,0.009477818
31873,0.030731706
31874,0.083530694
31875,0.030152017
31876,0.009848188
31877,0.01095768
31878,0.026553204
31879,0.03756795
31880,0.07010315
31881,0.08454945
31882,0.13250817
31883,0.12037249
31884,0.41886038
31885,0.38771853
31886,0.24819408
31887,0.014590771
31888,0.09909261
31889,0.011287678
31890,0.054045342
31891,0.041602504
31892,0.0951685
31893,0.023985174
31894,0.060711984
31895,0.06758049
31896,0.012015543
31897,0.054743502
31898,0.08409281
31899,0.032060027
31900,0.065718494
31901,0.006566869
31902,0.025927799
31903,0.033994798
31904,0.01604422
31905,0.07994198
31906,0.012421293
31907,0.037851255
31908,0.16916496
31909,0.069397375
31910,0.14696267
31911,0.5212274
31912,0.11622043
31913,0.11858141
31914,0.06513145
31915,0.08832202
31916,0.07872444
31917,0.09166526
31918,0.058669887
31919,0.022688258
31920,0.28465852
31921,0.082674995
31922,0.087331586
31923,0.06563011
31924,0.0771646
31925,0.02671923
31926,0.019410832
31927,0.020419473
31928,0.04503317
31929,0.31206882
31930,0.06986108
31931,0.04236619
31932,0.113849804
31933,0.781799
31934,0.096721835
31935,0.015235217
31936,0.25221163
31937,0.0648478
31938,0.16635713
31939,0.29025453
31940,0.08072833
31941,0.02303468
31942,0.05889939
31943,0.09432664
31944,0.10746252
31945,0.16743791
31946,0.05080159
31947,0.15832916
31948,0.09765969
31949,0.005432429
31950,0.069539614
31951,0.015271552
31952,0.01645943
31953,0.021195754
31954,0.07794898
31955,0.081041895
31956,0.016074521
31957,0.12599859
31958,0.15778677
31959,0.27448633
31960,0.07973528
31961,0.03280205
31962,0.11277057
31963,0.2251574
31964,0.2691348
31965,0.0693196
31966,0.061280042
31967,0.02544095
31968,0.06768817
31969,0.5361141
31970,0.047341313
31971,0.14682321
31972,0.39487875
31973,0.23187579
31974,0.013509895
31975,0.012424407
31976,0.016039956
31977,0.044940747
31978,0.054389317
31979,0.4022369
31980,0.4384879
31981,0.11460323
31982,0.10740367
31983,0.27281785
31984,0.2401564
31985,0.12780847
31986,0.16926953
31987,0.39219022
31988,0.08519052
31989,0.048205696
31990,0.11150622
31991,0.056501456
31992,0.18753833
31993,0.9739275
31994,0.004041442
31995,0.06783373
31996,0.39025703
31997,0.014024501
31998,0.047786936
31999,0.2720953
32000,0.015287693
32001,0.012025719
32002,0.04258609
32003,0.083188795
32004,0.019827655
32005,0.054955993
32006,0.0053271037
32007,0.5547677
32008,0.06903623
32009,0.08484632
32010,0.3817303
32011,0.1431209
32012,0.18505152
32013,0.3844699
32014,0.43838838
32015,0.17849404
32016,0.11635152
32017,0.13421626
32018,0.99599856
32019,0.4283175
32020,0.4608758
32021,0.0068057077
32022,0.027290365
32023,0.21632613
32024,0.016606681
32025,0.07009654
32026,0.025363754
32027,0.008057885
32028,0.0595427
32029,0.011471565
32030,0.03777129
32031,0.07584061
32032,0.1180803
32033,0.09950699
32034,0.11586514
32035,0.09933852
32036,0.26139227
32037,0.24370766
32038,0.10192674
32039,0.2730517
32040,0.019025495
32041,0.06763338
32042,0.9671658
32043,0.9553559
32044,0.63541377
32045,0.008130995
32046,0.014989612
32047,0.139421
32048,0.49262655
32049,0.08874352
32050,0.06908281
32051,0.053169902
32052,0.05623809
32053,0.05743324
32054,0.058182333
32055,0.01250158
32056,0.42091295
32057,0.01705679
32058,0.034599416
32059,0.11547864
32060,0.11296991
32061,0.056170404
32062,0.038636964
32063,0.38464493
32064,0.22918251
32065,0.027791683
32066,0.2462933
32067,0.10751873
32068,0.12908144
32069,1.01108
32070,0.9133211
32071,0.5634384
32072,0.071861744
32073,0.025401523
32074,0.005535475
32075,0.516503
32076,0.099382326
32077,0.27025387
32078,0.045782104
32079,0.12949036
32080,0.019570965
32081,0.12203511
32082,0.11608776
32083,0.14478108
32084,0.15619114
32085,0.5333879
32086,0.47852042
32087,0.28998375
32088,0.14795841
32089,0.09310307
32090,0.06472604
32091,0.101779476
32092,0.053896815
32093,0.031903736
32094,0.21772753
32095,0.15057538
32096,0.06922576
32097,0.12129998
32098,0.027611988
32099,0.9679883
32100,1.0095315
32101,0.9931682
32102,0.09600784
32103,0.057134386
32104,0.24904282
32105,0.44463122
32106,0.026318815
32107,0.017320786
32108,0.01289649
32109,0.05839706
32110,0.109441236
32111,0.052754816
32112,0.39895412
32113,1.0017713
32114,0.06729625
32115,0.1239311
32116,0.10055681
32117,0.13834122
32118,0.08245068
32119,0.24244942
32120,0.26827055
32121,0.035263985
32122,0.09103244
32123,0.11922292
32124,0.1299272
32125,0.05634652
32126,0.023024116
32127,0.4352306
32128,0.35973942
32129,0.2476563
32130,0.075766824
32131,0.025835358
32132,0.11670327
32133,0.0101055205
32134,0.08005182
32135,0.29580677
32136,0.034099534
32137,0.03818397
32138,0.05563282
32139,0.01768043
32140,0.020523636
32141,0.0489241
32142,0.04435989
32143,0.41415018
32144,0.627412
32145,0.27490944
32146,0.15305151
32147,0.11026772
32148,0.14689635
32149,0.156362
32150,0.60881335
32151,0.071187064
32152,0.02920502
32153,0.043235216
32154,0.03580083
32155,0.16414733
32156,0.17998098
32157,0.1681706
32158,0.4646944
32159,0.40116763
32160,0.14371762
32161,0.981078
32162,0.12618577
32163,0.015863083
32164,0.25701198
32165,0.1996452
32166,0.02334556
32167,0.059271835
32168,0.4923677
32169,0.0667088
32170,0.03514574
32171,0.039000582
32172,0.048549324
32173,0.15343238
32174,0.4398189
32175,0.37567738
32176,0.6067953
32177,0.44807863
32178,0.14070125
32179,0.14243491
32180,0.397512
32181,0.024565026
32182,0.19207333
32183,0.08549828
32184,0.055179715
32185,0.54729825
32186,0.25726447
32187,0.054066725
32188,0.5725924
32189,0.2784345
32190,0.086420216
32191,0.13762833
32192,0.09379104
32193,0.044535585
32194,0.009811691
32195,0.03353305
32196,0.059190836
32197,0.08977732
32198,0.10824502
32199,0.1137099
32200,0.43603295
32201,0.7470584
32202,0.4309752
32203,0.39583132
32204,0.6143693
32205,0.09840929
32206,0.077606976
32207,0.07328145
32208,0.23172137
32209,0.39989403
32210,0.07431974
32211,0.02921356
32212,0.06753545
32213,0.16095327
32214,0.018461931
32215,0.054484487
32216,0.09123206
32217,0.019441772
32218,0.017496409
32219,0.019567266
32220,0.03348215
32221,0.09675186
32222,0.061990675
32223,0.0853432
32224,0.38864496
32225,0.24377526
32226,0.35730094
32227,0.71118957
32228,0.66669184
32229,0.4146374
32230,0.2379766
32231,0.0042577744
32232,0.040880434
32233,0.021345437
32234,0.057116102
32235,0.11751397
32236,0.013990495
32237,0.03251152
32238,0.9833404
32239,0.056690317
32240,0.017112078
32241,0.07526621
32242,0.06601247
32243,0.11297744
32244,0.044756137
32245,0.057514094
32246,0.014302244
32247,0.042872116
32248,0.029813254
32249,0.08379696
32250,0.11635686
32251,0.5795023
32252,0.39428282
32253,0.26015958
32254,1.0312971
32255,0.38603893
32256,0.5087112
32257,0.17289022
32258,0.042878993
32259,0.034319103
32260,0.038540494
32261,0.053724367
32262,0.06257386
32263,0.035750613
32264,0.061041288
32265,0.44641545
32266,0.117600486
32267,0.38107
32268,0.031432047
32269,0.10620761
32270,0.13682446
32271,0.16015239
32272,0.17818785
32273,0.059225295
32274,0.033648532
32275,0.046526834
32276,0.13691163
32277,1.0109519
32278,0.3940834
32279,0.6454857
32280,0.39515948
32281,0.40020245
32282,0.1688262
32283,0.26987815
32284,0.059013717
32285,0.023561662
32286,0.01476431
32287,0.059072524
32288,0.030941812
32289,0.14713016
32290,0.12528783
32291,0.12668581
32292,0.2971514
32293,0.035177205
32294,0.09293185
32295,0.37443545
32296,0.052540008
32297,0.07409935
32298,0.008297709
32299,0.010854956
32300,0.108835414
32301,0.40674585
32302,0.03448851
32303,0.23065293
32304,0.16516988
32305,0.07591755
32306,0.12292236
32307,0.10172388
32308,0.079592675
32309,0.047811456
32310,0.12971617
32311,0.1383629
32312,0.050719228
32313,0.010901172
32314,0.22079046
32315,0.013726041
32316,0.12054735
32317,0.0434428
32318,0.034484092
32319,0.13258837
32320,0.037101008
32321,0.060449522
32322,0.007838509
32323,0.05352843
32324,0.16881043
32325,0.40297303
32326,0.6129888
32327,0.16432619
32328,0.017156277
32329,0.029228568
32330,0.07264724
32331,0.0178184
32332,0.065862104
32333,0.22688383
32334,0.01153068
32335,0.056980878
32336,0.014557368
32337,0.030290848
32338,0.017966514
32339,0.029829185
32340,0.07746876
32341,0.09793334
32342,0.414847
32343,0.015174518
32344,0.016854024
32345,0.05844098
32346,0.07569431
32347,0.10313348
32348,0.42429528
32349,0.15778163
32350,0.014396263
32351,0.23643288
32352,0.031529084
32353,0.082750276
32354,0.16067724
32355,0.06129738
32356,0.012273771
32357,0.01762221
32358,0.008280475
32359,0.28337052
32360,0.06016671
32361,0.013505773
32362,0.020641573
32363,0.026961358
32364,0.13918763
32365,0.06733444
32366,0.04246704
32367,0.01757621
32368,0.02976785
32369,0.066743225
32370,0.28940007
32371,0.03197766
32372,0.017658254
32373,0.029295668
32374,0.043259688
32375,0.07196488
32376,0.25754786
32377,0.07161489
32378,0.24865274
32379,0.107626244
32380,0.0320163
32381,0.0140350275
32382,0.0473164
32383,0.06334966
32384,0.03257545
32385,0.4660443
32386,0.015905391
32387,0.16293988
32388,0.014877891
32389,0.09906232
32390,0.04865688
32391,0.009394043
32392,0.3173119
32393,0.53157496
32394,0.23995928
32395,0.105524115
32396,0.09347724
32397,0.068897106
32398,0.06463764
32399,0.1127815
32400,0.09903471
32401,0.10270459
32402,0.992375
32403,0.017982204
32404,0.08684769
32405,0.015287705
32406,0.085075386
32407,0.08722064
32408,0.01851271
32409,0.16722126
32410,0.5157472
32411,0.07706495
32412,0.2437297
32413,0.027275313
32414,0.12773623
32415,0.023214724
32416,0.091737606
32417,0.031551022
32418,0.0070354114
32419,0.027218753
32420,0.061402835
32421,0.073269926
32422,0.028416436
32423,0.0174406
32424,0.06637041
32425,0.16866885
32426,0.038272765
32427,0.039021045
32428,0.017523834
32429,0.033679605
32430,0.0887896
32431,0.11023105
32432,0.019249039
32433,0.022575244
32434,0.05480937
32435,0.98280376
32436,0.055061717
32437,0.14034574
32438,0.05544629
32439,0.040647827
32440,0.046942584
32441,0.04651987
32442,0.014041911
32443,0.013258466
32444,0.46750993
32445,0.028793514
32446,0.016575227
32447,0.26257694
32448,0.02317048
32449,0.12141953
32450,0.04416539
32451,0.024661543
32452,0.045300856
32453,0.39941946
32454,0.038340356
32455,0.020651944
32456,0.022846399
32457,0.038983766
32458,0.006642756
32459,0.032560788
32460,0.34818152
32461,0.077093266
32462,0.016101673
32463,0.077699654
32464,0.17216998
32465,0.11528644
32466,0.09017284
32467,0.083533265
32468,0.030405639
32469,0.069280006
32470,0.017494187
32471,0.08575377
32472,0.26674268
32473,0.23145966
32474,0.027295291
32475,0.013198535
32476,0.008927126
32477,0.016316032
32478,0.0104576275
32479,0.025542233
32480,0.07728874
32481,0.059612542
32482,0.124432385
32483,0.0048307492
32484,0.16989261
32485,0.008196857
32486,0.30232862
32487,0.008588504
32488,0.020799141
32489,0.0103265615
32490,0.02386377
32491,0.010017748
32492,0.017504131
32493,0.021650607
32494,0.00655109
32495,0.015058507
32496,0.028730966
32497,0.010852964
32498,0.033153772
32499,0.048309635
32500,0.013511238
32501,0.06266791
32502,0.012108539
32503,0.007720795
32504,0.15378758
32505,0.025792707
32506,0.042846307
32507,0.03326362
32508,0.016902955
32509,0.10454974
32510,0.015156973
32511,0.0029689195
32512,0.013343344
32513,0.29391357
32514,0.07613406
32515,0.07779804
32516,0.08868692
32517,0.0141543215
32518,0.06248575
32519,0.02115176
32520,0.009621532
32521,0.140949
32522,0.018307203
32523,0.11104231
32524,0.1746854
32525,0.030961743
32526,0.038444903
32527,0.03303788
32528,0.027769832
32529,0.026384681
32530,0.010350287
32531,0.0074103298
32532,0.009838609
32533,0.004357578
32534,0.010204957
32535,0.03559783
32536,0.009849554
32537,0.008304099
32538,0.009749293
32539,0.1103675
32540,0.084707685
32541,0.00512487
32542,0.1865972
32543,0.027727801
32544,0.009865511
32545,0.014227859
32546,0.046485428
32547,0.02086543
32548,0.029321922
32549,0.033189166
32550,0.010502188
32551,0.013156585
32552,0.03304421
32553,0.29551998
32554,0.2709126
32555,0.13030207
32556,0.015022313
32557,0.021263056
32558,0.008222135
32559,0.050786056
32560,0.008130011
32561,0.043749247
32562,0.027073652
32563,0.023763733
32564,0.0034342424
32565,0.04317711
32566,0.03537105
32567,0.032119457
32568,0.046090856
32569,0.047002863
32570,0.08047741
32571,0.045811143
32572,0.03800061
32573,0.029595207
32574,0.3672986
32575,0.029507916
32576,0.037987895
32577,0.02534405
32578,0.24009758
32579,0.35720444
32580,0.017727839
32581,0.035761982
32582,0.27371004
32583,0.056426812
32584,0.38656655
32585,0.061929826
32586,0.37219846
32587,0.11927242
32588,0.14834385
32589,0.8115381
32590,0.15219048
32591,0.060438953
32592,0.043809276
32593,0.29062483
32594,0.06754488
32595,0.030126635
32596,0.046469737
32597,0.016289055
32598,0.03340714
32599,0.079445995
32600,0.27777508
32601,0.5868717
32602,0.5974256
32603,0.037058447
32604,0.07458489
32605,0.12249047
32606,0.14896695
32607,0.05414148
32608,0.046300095
32609,0.078351766
32610,0.12937036
32611,0.035117775
32612,0.43721002
32613,0.13698642
32614,0.2791615
32615,0.5707277
32616,0.13189426
32617,0.02372947
32618,0.5041399
32619,0.06656352
32620,0.24908443
32621,0.07366789
32622,0.06271482
32623,0.040629864
32624,0.1069517
32625,0.09937125
32626,0.23819453
32627,0.23204786
32628,0.030100282
32629,0.059119135
32630,0.110546306
32631,0.2866908
32632,0.05271794
32633,0.03245322
32634,0.07111929
32635,0.06569177
32636,0.112125106
32637,0.033283036
32638,0.046642736
32639,0.006320669
32640,0.056128528
32641,0.0706324
32642,0.25863752
32643,0.10728388
32644,0.39362416
32645,0.051579475
32646,0.043844882
32647,0.02425264
32648,0.009343151
32649,0.52069145
32650,0.1483801
32651,0.1073271
32652,0.49931595
32653,0.44279438
32654,0.10351547
32655,0.066635996
32656,0.01819007
32657,0.01431241
32658,0.03430752
32659,0.082941756
32660,0.22763245
32661,0.26899594
32662,0.45264032
32663,0.22414356
32664,0.05903122
32665,0.032274675
32666,0.02658597
32667,0.033969652
32668,0.3051371
32669,0.019508276
32670,0.040503535
32671,0.010605554
32672,0.009514497
32673,0.11242131
32674,0.038592722
32675,0.02152818
32676,0.29331163
32677,0.6148702
32678,0.1444369
32679,0.024807533
32680,0.061896607
32681,0.069082364
32682,0.030831207
32683,0.1588979
32684,0.19463232
32685,0.112438895
32686,0.09498211
32687,0.074526794
32688,0.033388846
32689,0.03177683
32690,0.038242802
32691,0.13870735
32692,0.067175314
32693,0.22616534
32694,0.015599578
32695,0.044873353
32696,0.030870449
32697,0.015577935
32698,0.01686482
32699,0.022076372
32700,0.04702858
32701,0.025148116
32702,0.076141246
32703,0.49533477
32704,0.39200094
32705,0.04442894
32706,0.04208675
32707,0.12255393
32708,0.07626386
32709,0.015732732
32710,0.07386255
32711,0.017453577
32712,0.029345466
32713,0.2504938
32714,0.028829666
32715,0.023106769
32716,0.03289084
32717,0.07107589
32718,0.08120849
32719,0.36745113
32720,0.38989404
32721,0.3970346
32722,0.07015169
32723,0.041009646
32724,0.019448986
32725,0.058634415
32726,0.042426553
32727,0.2578782
32728,0.045588408
32729,0.5506449
32730,0.112996094
32731,0.018811798
32732,0.11095494
32733,0.058880318
32734,0.051867563
32735,0.021925332
32736,0.008298547
32737,0.065988004
32738,0.028788548
32739,0.019639684
32740,0.08386732
32741,0.035475224
32742,0.22633775
32743,0.06484992
32744,0.12276423
32745,0.24001463
32746,0.41886058
32747,0.06537391
32748,0.026030999
32749,0.09452112
32750,0.015292434
32751,0.043365028
32752,0.026281595
32753,0.008384231
32754,0.107213795
32755,0.06615575
32756,0.12873152
32757,0.05930731
32758,0.10908265
32759,0.036939528
32760,0.061478034
32761,0.035600066
32762,0.01735968
32763,0.15857643
32764,0.0695654
32765,0.030668579
32766,0.010780409
32767,0.023039646
32768,0.03880766
32769,0.068605006
32770,0.083219305
32771,0.1352618
32772,0.12496517
32773,0.38838726
32774,0.260828
32775,0.2611638
32776,0.01356245
32777,0.10779891
32778,0.052202992
32779,0.045018315
32780,0.106574774
32781,0.05476014
32782,0.054667253
32783,0.016081097
32784,0.053225197
32785,0.08115755
32786,0.029575385
32787,0.06417247
32788,0.0057930923
32789,0.08428591
32790,0.011304123
32791,0.039930858
32792,0.17018813
32793,0.067120686
32794,0.1538373
32795,0.4816149
32796,0.11255548
32797,0.2164227
32798,0.06609514
32799,0.08451407
32800,0.07520088
32801,0.09523183
32802,0.055940475
32803,0.006900838
32804,0.019785024
32805,0.2657497
32806,0.08095358
32807,0.0755247
32808,0.065701574
32809,0.076873
32810,0.029811254
32811,0.02112395
32812,0.017533135
32813,0.04463869
32814,0.493322
32815,0.071900986
32816,0.0437663
32817,0.10859328
32818,0.8235507
32819,0.10200583
32820,0.014410464
32821,0.22278805
32822,0.06232133
32823,0.17032844
32824,0.2862057
32825,0.07452318
32826,0.018023873
32827,0.06252677
32828,0.08897205
32829,0.1042945
32830,0.25835142
32831,0.051754467
32832,0.240532
32833,0.09024126
32834,0.0066888025
32835,0.07510816
32836,0.02037325
32837,0.0759606
32838,0.07580689
32839,0.016327914
32840,0.12708269
32841,0.14933486
32842,0.26325262
32843,0.087093666
32844,0.031606387
32845,0.10358431
32846,0.16372508
32847,0.25193775
32848,0.06402992
32849,0.007971434
32850,0.05621046
32851,0.026938051
32852,0.07407272
32853,0.56063145
32854,0.043498218
32855,0.1346185
32856,0.3939701
32857,0.24441315
32858,0.01254686
32859,0.017313164
32860,0.012768553
32861,0.046854813
32862,0.060409736
32863,0.3898022
32864,0.39068833
32865,0.11056948
32866,0.10217122
32867,0.14449374
32868,0.15525512
32869,0.13475914
32870,0.17174003
32871,0.39818957
32872,0.084956825
32873,0.04289107
32874,0.11324835
32875,0.05314656
32876,0.1979242
32877,1.004738
32878,0.06761754
32879,0.3853981
32880,0.015875228
32881,0.045052484
32882,0.25669023
32883,0.011217077
32884,0.049969457
32885,0.0846273
32886,0.018676616
32887,0.056276176
32888,0.51748013
32889,0.059441097
32890,0.0892761
32891,0.36766395
32892,0.13457292
32893,0.18719172
32894,0.38998106
32895,0.34939784
32896,0.031375997
32897,0.17189819
32898,0.117197156
32899,0.11994606
32900,0.9664133
32901,0.44309103
32902,0.4493148
32903,0.025038054
32904,0.21019898
32905,0.084792174
32906,0.03354726
32907,0.02296775
32908,0.0147620905
32909,0.009141538
32910,0.054554604
32911,0.011433477
32912,0.03012932
32913,0.072318725
32914,0.109426305
32915,0.101072244
32916,0.11388162
32917,0.09920827
32918,0.29209453
32919,0.24615988
32920,0.030383414
32921,0.11366644
32922,0.27669448
32923,0.019447219
32924,0.07003409
32925,0.97773546
32926,0.98992276
32927,0.6654453
32928,0.0050705923
32929,0.017419487
32930,0.13346134
32931,0.4517793
32932,0.090493366
32933,0.068687856
32934,0.05394307
32935,0.058528583
32936,0.06226611
32937,0.013421178
32938,0.43283603
32939,0.01794444
32940,0.03738284
32941,0.12826063
32942,0.10100565
32943,0.05589581
32944,0.04933505
32945,0.4246796
32946,0.21574958
32947,0.026708122
32948,0.14081253
32949,0.10761206
32950,0.12999101
32951,1.0038874
32952,0.9251364
32953,0.62610376
32954,0.011861556
32955,0.016537666
32956,0.0660342
32957,0.0239126
32958,0.485017
32959,0.08946912
32960,0.26741692
32961,0.03872548
32962,0.12574345
32963,0.021371998
32964,0.12180956
32965,0.11294928
32966,0.24919684
32967,0.17458522
32968,0.51742333
32969,0.47684425
32970,0.22626063
32971,0.13303679
32972,0.0959697
32973,0.071085736
32974,0.10529948
32975,0.056827642
32976,0.033981245
32977,0.12365349
32978,0.15821846
32979,0.07038885
32980,0.12627573
32981,0.026003873
32982,0.9414986
32983,1.007892
32984,1.0156966
32985,0.10411856
32986,0.05283996
32987,0.23335277
32988,0.45696542
32989,0.02802392
32990,0.01772338
32991,0.015571409
32992,0.056124914
32993,0.10675997
32994,0.051537808
32995,0.3922625
32996,0.9958135
32997,0.067164645
32998,0.12135267
32999,0.10166517
33000,0.12961446
33001,0.07549693
33002,0.2461306
33003,0.25886467
33004,0.09252117
33005,0.11580877
33006,0.12248435
33007,0.06099136
33008,0.023838492
33009,0.4318287
33010,0.39416888
33011,0.24277234
33012,0.07983263
33013,0.024418429
33014,0.12004148
33015,0.074024595
33016,0.18927775
33017,0.030477101
33018,0.042941082
33019,0.057312477
33020,0.01720044
33021,0.049485955
33022,0.04867899
33023,0.38404277
33024,0.7585845
33025,0.27834857
33026,0.15157509
33027,0.10939621
33028,0.15888281
33029,0.15771592
33030,0.6014736
33031,0.07923224
33032,0.02637086
33033,0.036412776
33034,0.03234687
33035,0.15666561
33036,0.15850323
33037,0.16644144
33038,0.47200355
33039,0.27675572
33040,0.12321336
33041,0.9989393
33042,0.24245314
33043,0.24880153
33044,0.2578804
33045,0.023199279
33046,0.060422074
33047,0.48375478
33048,0.070696965
33049,0.03532394
33050,0.03775986
33051,0.049374286
33052,0.15709163
33053,0.41719365
33054,0.3954581
33055,0.3000388
33056,0.43031463
33057,0.14484207
33058,0.14757413
33059,0.39906156
33060,0.023754818
33061,0.1689574
33062,0.08433019
33063,0.056940418
33064,0.49118838
33065,0.24567911
33066,0.05970375
33067,0.5470777
33068,0.39512995
33069,0.090967245
33070,0.15185452
33071,0.09836748
33072,0.0091927145
33073,0.01671012
33074,0.03087357
33075,0.056556664
33076,0.08762933
33077,0.11088331
33078,0.123999
33079,0.435014
33080,0.7567706
33081,0.45749146
33082,0.2902423
33083,0.63259685
33084,0.09827323
33085,0.07945069
33086,0.060501292
33087,0.1339301
33088,0.38639727
33089,0.07664115
33090,0.02826309
33091,0.07091484
33092,0.15490165
33093,0.020267684
33094,0.052963935
33095,0.08495266
33096,0.02090571
33097,0.015341147
33098,0.09723367
33099,0.059464067
33100,0.088968076
33101,0.3960852
33102,0.25169766
33103,0.35842443
33104,0.7052237
33105,0.6208848
33106,0.27836892
33107,0.22712043
33108,0.04021609
33109,0.019719604
33110,0.054326627
33111,0.114864185
33112,0.034858406
33113,1.0615203
33114,0.05794783
33115,0.017433519
33116,0.07172778
33117,0.06853224
33118,0.12138606
33119,0.05122524
33120,0.056498885
33121,0.017133694
33122,0.042298652
33123,0.017080164
33124,0.015002064
33125,0.028962025
33126,0.09639937
33127,0.113089144
33128,0.6384359
33129,0.38995805
33130,0.3889557
33131,1.0690404
33132,0.4004518
33133,0.49456656
33134,0.18324001
33135,0.03750683
33136,0.033600416
33137,0.038251564
33138,0.047813453
33139,0.063110285
33140,0.03434879
33141,0.064318284
33142,0.45958498
33143,0.11796242
33144,0.39880538
33145,0.03138238
33146,0.107624166
33147,0.14691205
33148,0.15891984
33149,0.25528723
33150,0.056216527
33151,0.03336655
33152,0.042267807
33153,0.14976904
33154,0.9955387
33155,0.39754224
33156,0.66136307
33157,0.42605802
33158,0.25801343
33159,0.17265654
33160,0.2656687
33161,0.04249776
33162,0.024608111
33163,0.06639728
33164,0.032858156
33165,0.13975851
33166,0.13011938
33167,0.124994025
33168,0.28707287
33169,0.02991413
33170,0.07657698
33171,0.27836284
33172,0.060255587
33173,0.0125626335
33174,0.10867331
33175,0.39003333
33176,0.036478914
33177,0.3672429
33178,0.14969997
33179,0.08178912
33180,0.12828952
33181,0.11046795
33182,0.08019895
33183,0.049049746
33184,0.13159595
33185,0.13721864
33186,0.044053048
33187,0.030418143
33188,0.12020929
33189,0.010234042
33190,0.117323734
33191,0.038492795
33192,0.03311678
33193,0.13394432
33194,0.036806107
33195,0.062399905
33196,0.058126416
33197,0.18066716
33198,0.4118237
33199,0.61088824
33200,0.17579624
33201,0.017996883
33202,0.019391594
33203,0.03392735
33204,0.07236823
33205,0.06823294
33206,0.11846552
33207,0.012465828
33208,0.056197923
33209,0.032588303
33210,0.021946795
33211,0.02241546
33212,0.006889944
33213,0.081450686
33214,0.09812691
33215,0.39972058
33216,0.0135027375
33217,0.01713548
33218,0.06309199
33219,0.074521065
33220,0.10672663
33221,0.42924696
33222,0.15664004
33223,0.016272204
33224,0.010434836
33225,0.23691529
33226,0.012256797
33227,0.037077505
33228,0.014368147
33229,0.08196475
33230,0.16400349
33231,0.060149737
33232,0.015700588
33233,0.01084735
33234,0.2894433
33235,0.054931745
33236,0.016347267
33237,0.029687278
33238,0.13516338
33239,0.066084884
33240,0.042190786
33241,0.015729869
33242,0.029262625
33243,0.06211541
33244,0.36603394
33245,0.030059438
33246,0.017903415
33247,0.02891091
33248,0.041892055
33249,0.065335944
33250,0.18075942
33251,0.0746748
33252,0.4014377
33253,0.10390445
33254,0.03011191
33255,0.013641587
33256,0.04731459
33257,0.0641397
33258,0.033760387
33259,0.47224033
33260,0.017203648
33261,0.15351655
33262,0.016591618
33263,0.09745602
33264,0.048952706
33265,0.38324314
33266,0.5717997
33267,0.23625603
33268,0.12637775
33269,0.01449173
33270,0.091590144
33271,0.06601593
33272,0.06839222
33273,0.12542324
33274,0.096672356
33275,0.10336487
33276,0.9984625
33277,0.017115802
33278,0.07571122
33279,0.082380205
33280,0.087895885
33281,0.017057402
33282,0.16083427
33283,0.5035416
33284,0.08874845
33285,0.2528429
33286,0.02459783
33287,0.0168093
33288,0.11190989
33289,0.02146947
33290,0.08899186
33291,0.03130197
33292,0.030674795
33293,0.062682
33294,0.06425894
33295,0.031269237
33296,0.08643856
33297,0.15769073
33298,0.038633917
33299,0.03399056
33300,0.012280264
33301,0.03758747
33302,0.09073893
33303,0.107129425
33304,0.022712478
33305,0.024867352
33306,0.06642391
33307,1.0152948
33308,0.0548389
33309,0.1606615
33310,0.04995352
33311,0.04008681
33312,0.03984158
33313,0.04380967
33314,0.010485777
33315,0.01693974
33316,0.4311441
33317,0.023539523
33318,0.0053835837
33319,0.008357176
33320,0.055524234
33321,0.24930969
33322,0.023093782
33323,0.13609146
33324,0.044712596
33325,0.023140647
33326,0.004281081
33327,0.3959506
33328,0.03492746
33329,0.01986681
33330,0.007982683
33331,0.021288035
33332,0.03743031
33333,0.005954181
33334,0.030919835
33335,0.16061218
33336,0.07735641
33337,0.015840631
33338,0.0789099
33339,0.16879778
33340,0.11069398
33341,0.098395005
33342,0.075735226
33343,0.028424852
33344,0.052295875
33345,0.018747203
33346,0.08628472
33347,0.16018604
33348,0.15582329
33349,0.006117996
33350,0.009361974
33351,0.026808174
33352,0.021480601
33353,0.009904745
33354,0.026723372
33355,0.07909843
33356,0.06626227
33357,0.12698142
33358,0.15967913
33359,0.38781244
33360,0.013731599
33361,0.008508546
33362,0.024280349
33363,0.0101448735
33364,0.017457314
33365,0.014092771
33366,0.033769477
33367,0.011709105
33368,0.08286469
33369,0.032046866
33370,0.061115634
33371,0.01367241
33372,0.0137059735
33373,0.060176104
33374,0.016122093
33375,0.012270078
33376,0.008430344
33377,0.13915622
33378,0.02848115
33379,0.042769913
33380,0.03364392
33381,0.017462892
33382,0.10664082
33383,0.013627876
33384,0.004723563
33385,0.0076210788
33386,0.39815515
33387,0.07261579
33388,0.062338926
33389,0.1009164
33390,0.0164508
33391,0.067654304
33392,0.020826764
33393,0.00967329
33394,0.13042058
33395,0.015827015
33396,0.13308696
33397,0.16738163
33398,0.03588764
33399,0.03531425
33400,0.028799597
33401,0.026337894
33402,0.00778399
33403,0.008011823
33404,0.030539073
33405,0.0079100905
33406,0.011417103
33407,0.0077707698
33408,0.1276456
33409,0.09089167
33410,0.29023516
33411,0.016678402
33412,0.027831644
33413,0.025985437
33414,0.0047574714
33415,0.042789176
33416,0.020319043
33417,0.029603492
33418,0.037879065
33419,0.011009093
33420,0.03332449
33421,0.28346342
33422,0.26775497
33423,0.022447154
33424,0.124689855
33425,0.014519527
33426,0.015572853
33427,0.020502402
33428,0.01037722
33429,0.023625843
33430,0.046264812
33431,0.013981239
33432,0.029865693
33433,0.044867262
33434,0.03768264
33435,0.038303662
33436,0.051330756
33437,0.07667165
33438,0.043402676
33439,0.02657653
33440,0.3719631
33441,0.046770103
33442,0.058354948
33443,0.04499856
33444,0.25417402
33445,0.2564317
33446,0.039415125
33447,0.2919113
33448,0.062220845
33449,0.39855906
33450,0.11928608
33451,0.06626672
33452,0.13320751
33453,0.011734839
33454,0.28089416
33455,0.7976258
33456,0.27558708
33457,0.058983877
33458,0.05338831
33459,0.30502278
33460,0.05961967
33461,0.009243469
33462,0.024240011
33463,0.047720123
33464,0.014964984
33465,0.013440244
33466,0.08944979
33467,0.29633757
33468,0.6935778
33469,0.6226665
33470,0.043494076
33471,0.067708574
33472,0.11606477
33473,0.14896695
33474,0.0632946
33475,0.049776785
33476,0.062823884
33477,0.1213077
33478,0.035128165
33479,0.42231727
33480,0.22983328
33481,0.3879156
33482,0.6303473
33483,0.24565072
33484,0.5367006
33485,0.06552774
33486,0.15306339
33487,0.08219101
33488,0.06319286
33489,0.03472133
33490,0.109411724
33491,0.029134803
33492,0.09273063
33493,0.13708995
33494,0.12713031
33495,0.03126708
33496,0.054210022
33497,0.08077265
33498,0.26911086
33499,0.05074338
33500,0.024197837
33501,0.075844735
33502,0.07336893
33503,0.123311274
33504,0.04337785
33505,0.04274
33506,0.033023633
33507,0.0789519
33508,0.14894247
33509,0.09894804
33510,0.17154224
33511,0.050077345
33512,0.052450057
33513,0.04467022
33514,0.55422604
33515,0.15049252
33516,0.10211086
33517,0.49806306
33518,0.4311802
33519,0.0021417646
33520,0.09724035
33521,0.07791236
33522,0.015398064
33523,0.025889337
33524,0.01844693
33525,0.03736427
33526,0.07636728
33527,0.08920625
33528,0.1018404
33529,0.25283897
33530,0.5531283
33531,0.33738613
33532,0.05669661
33533,0.030274363
33534,0.023771135
33535,0.037225727
33536,0.30682617
33537,0.040238652
33538,0.09633176
33539,0.027891798
33540,0.17205994
33541,0.6050699
33542,0.26523018
33543,0.022975504
33544,0.02669048
33545,0.06350759
33546,0.06423453
33547,0.031433534
33548,0.15793611
33549,0.17705987
33550,0.11363599
33551,0.10281549
33552,0.057741348
33553,0.042913873
33554,0.032944907
33555,0.03153907
33556,0.03764543
33557,0.13514963
33558,0.070159
33559,0.2401566
33560,0.014155411
33561,0.042346086
33562,0.029611304
33563,0.016754711
33564,0.016456172
33565,0.027335346
33566,0.04915752
33567,0.026607245
33568,0.06687165
33569,0.49985787
33570,0.3873449
33571,0.04251894
33572,0.04321201
33573,0.03803341
33574,0.111913964
33575,0.07321495
33576,0.074168324
33577,0.015868088
33578,0.034147423
33579,0.01152865
33580,0.25595376
33581,0.02882513
33582,0.021861894
33583,0.03394985
33584,0.0031962579
33585,0.0674694
33586,0.074658744
33587,0.39000162
33588,0.38008696
33589,0.37735578
33590,0.068677776
33591,0.048679296
33592,0.017241694
33593,0.052800864
33594,0.048234228
33595,0.25549763
33596,0.04941573
33597,0.59485674
33598,0.11400616
33599,0.020657934
33600,0.11245508
33601,0.060341615
33602,0.056269
33603,0.016764179
33604,0.009853125
33605,0.0135165695
33606,0.07036124
33607,0.012898266
33608,0.02736468
33609,0.07760044
33610,0.038290482
33611,0.09348654
33612,0.06356223
33613,0.11536214
33614,0.24887198
33615,0.4146157
33616,0.07412559
33617,0.026533317
33618,0.09833894
33619,0.014699807
33620,0.042346623
33621,0.024270417
33622,0.10582433
33623,0.06796359
33624,0.13706651
33625,0.058523335
33626,0.10940177
33627,0.059074774
33628,0.034025565
33629,0.017366908
33630,0.022581931
33631,0.15966529
33632,0.028330818
33633,0.066250905
33634,0.029338386
33635,0.008779021
33636,0.021603543
33637,0.038598664
33638,0.06885322
33639,0.08540125
33640,0.12966922
33641,0.113442056
33642,0.424302
33643,0.15565848
33644,0.27742168
33645,0.01066509
33646,0.1042614
33647,0.011724084
33648,0.0531399
33649,0.042568196
33650,0.10343155
33651,0.032516867
33652,0.058129184
33653,0.053703815
33654,0.051056612
33655,0.08351985
33656,0.0709655
33657,0.024723282
33658,0.038434997
33659,0.09005374
33660,0.01314493
33661,0.042617522
33662,0.17668185
33663,0.070534796
33664,0.1535921
33665,0.5194416
33666,0.11828075
33667,0.11019346
33668,0.06541709
33669,0.08290084
33670,0.07995501
33671,0.09916371
33672,0.056007408
33673,0.0090221735
33674,0.012366766
33675,0.021097196
33676,0.2666327
33677,0.08515976
33678,0.08670326
33679,0.06466876
33680,0.07435074
33681,0.025842592
33682,0.019566437
33683,0.020391455
33684,0.044751275
33685,0.5194319
33686,0.070413865
33687,0.04299644
33688,0.10727074
33689,0.7201258
33690,0.09628824
33691,0.014078171
33692,0.22253534
33693,0.06969325
33694,0.1741956
33695,0.28256318
33696,0.07593518
33697,0.062231053
33698,0.0844678
33699,0.104417235
33700,0.1640093
33701,0.053328585
33702,0.25061616
33703,0.094702736
33704,0.07478239
33705,0.0149115315
33706,0.08000019
33707,0.07364431
33708,0.014426532
33709,0.12088246
33710,0.14883417
33711,0.2676238
33712,0.09043558
33713,0.03299108
33714,0.110058576
33715,0.16372508
33716,0.2517958
33717,0.066910066
33718,0.05869932
33719,0.025653536
33720,0.06892957
33721,0.52878696
33722,0.047108397
33723,0.14121267
33724,0.42469484
33725,0.24134603
33726,0.011715897
33727,0.009987836
33728,0.0068731043
33729,0.04314211
33730,0.056311972
33731,0.4087042
33732,0.39919883
33733,0.11950706
33734,0.099231884
33735,0.28175968
33736,0.23865844
33737,0.14586025
33738,0.17617679
33739,0.2656276
33740,0.084871344
33741,0.042112324
33742,0.11249288
33743,0.05548678
33744,0.28071705
33745,0.99303436
33746,0.06435111
33747,0.39659047
33748,0.014622039
33749,0.046190333
33750,0.20179775
33751,0.013857216
33752,0.012668745
33753,0.046033636
33754,0.08659012
33755,0.0196261
33756,0.061509933
33757,0.5025384
33758,0.062269118
33759,0.08836489
33760,0.37581605
33761,0.14100324
33762,0.18458967
33763,0.39368558
33764,0.44071254
33765,0.027532294
33766,0.1607957
33767,0.11332682
33768,0.14070377
33769,0.9504053
33770,0.42291152
33771,0.304005
33772,0.02345196
33773,0.21019898
33774,0.06924185
33775,0.026796522
33776,0.021032324
33777,0.01134457
33778,0.053824898
33779,0.0076156054
33780,0.01171724
33781,0.036153026
33782,0.06848507
33783,0.108956575
33784,0.104929075
33785,0.11383122
33786,0.09212164
33787,0.1699023
33788,0.12157497
33789,0.116820335
33790,0.27583078
33791,0.017240675
33792,0.06794153
33793,1.0116642
33794,0.9937176
33795,0.6441958
33796,0.02372044
33797,0.13419172
33798,0.5253457
33799,0.09547605
33800,0.07089912
33801,0.009670533
33802,0.059203126
33803,0.06419973
33804,0.058960702
33805,0.011124842
33806,0.43046707
33807,0.018955136
33808,0.03531839
33809,0.113931954
33810,0.09935132
33811,0.05134527
33812,0.047417745
33813,0.3909352
33814,0.09714323
33815,0.022419268
33816,0.1477224
33817,0.10817473
33818,0.12696959
33819,1.0113027
33820,0.9186252
33821,0.60715353
33822,0.07166721
33823,0.020556988
33824,0.520153
33825,0.08750189
33826,0.25948665
33827,0.05379712
33828,0.13155003
33829,0.019138293
33830,0.12370195
33831,0.11472415
33832,0.14414175
33833,0.16394308
33834,0.5307302
33835,0.47478157
33836,0.16665328
33837,0.15347373
33838,0.10009005
33839,0.06103967
33840,0.10415945
33841,0.06044988
33842,0.03419658
33843,0.025317645
33844,0.11647337
33845,0.17835616
33846,0.06143482
33847,0.119153135
33848,0.026620489
33849,0.9855457
33850,1.0223927
33851,1.0288427
33852,0.10312847
33853,0.06661217
33854,0.26266935
33855,0.46474513
33856,0.023128014
33857,0.017281633
33858,0.01762369
33859,0.10757264
33860,0.050503112
33861,0.4194496
33862,0.9745384
33863,0.07879531
33864,0.12935537
33865,0.11442845
33866,0.15151826
33867,0.0916438
33868,0.24396032
33869,0.24876092
33870,0.03546084
33871,0.10147322
33872,0.10484059
33873,0.124456
33874,0.058420658
33875,0.023207063
33876,0.42922148
33877,0.3932531
33878,0.24373357
33879,0.0824796
33880,0.022055209
33881,0.124518976
33882,0.07812616
33883,0.17543192
33884,0.03186688
33885,0.04519871
33886,0.057892922
33887,0.023143116
33888,0.04672874
33889,0.049153224
33890,0.3751847
33891,0.6320112
33892,0.15830597
33893,0.27182192
33894,0.119235836
33895,0.15041463
33896,0.13979179
33897,0.6991875
33898,0.069793046
33899,0.03013901
33900,0.04598787
33901,0.034180567
33902,0.15391406
33903,0.16386458
33904,0.16362278
33905,0.47417295
33906,0.27333215
33907,0.12527701
33908,1.003454
33909,0.12429403
33910,0.018273648
33911,0.25552714
33912,0.25226033
33913,0.020122543
33914,0.05728258
33915,0.25899783
33916,0.066663325
33917,0.036449622
33918,0.038028833
33919,0.04820477
33920,0.14137113
33921,0.41959554
33922,0.38626835
33923,0.29578102
33924,0.4054663
33925,0.14893718
33926,0.14379543
33927,0.4324775
33928,0.01423824
33929,0.024400648
33930,0.1712341
33931,0.088344716
33932,0.05349469
33933,0.48788813
33934,0.2582062
33935,0.058806438
33936,0.5904872
33937,0.27576616
33938,0.092282705
33939,0.15817101
33940,0.09648929
33941,0.047479138
33942,0.0116649205
33943,0.03824916
33944,0.055260286
33945,0.09441093
33946,0.11150632
33947,0.12628573
33948,0.41152143
33949,0.7250532
33950,0.4518457
33951,0.2874651
33952,0.62975466
33953,0.0992929
33954,0.0724969
33955,0.07699677
33956,0.133254
33957,0.26911676
33958,0.07250004
33959,0.023788227
33960,0.06783569
33961,0.1571609
33962,0.056281243
33963,0.086161494
33964,0.039647266
33965,0.021370705
33966,0.021944698
33967,0.01106588
33968,0.031626377
33969,0.09317693
33970,0.06104006
33971,0.07643832
33972,0.39712873
33973,0.26301208
33974,0.3628303
33975,0.68335885
33976,0.66060257
33977,0.26911545
33978,0.13738336
33979,0.04528318
33980,0.01989656
33981,0.054836806
33982,0.11702835
33983,0.03150133
33984,1.0070868
33985,0.06101621
33986,0.017331507
33987,0.07271622
33988,0.06435824
33989,0.22477314
33990,0.05200214
33991,0.055374622
33992,0.015916534
33993,0.04132589
33994,0.014894467
33995,0.027598372
33996,0.077754945
33997,0.11092832
33998,0.62333053
33999,0.39662334
34000,0.40094662
34001,1.0486399
34002,0.39897153
34003,0.4617983
34004,0.15564571
34005,0.040479023
34006,0.03168533
34007,0.038666636
34008,0.052362476
34009,0.064422384
34010,0.030799467
34011,0.058717024
34012,0.46853787
34013,0.117462635
34014,0.37204587
34015,0.03360647
34016,0.117635325
34017,0.13694802
34018,0.16272123
34019,0.25586075
34020,0.059783146
34021,0.028925769
34022,0.04113448
34023,0.16007426
34024,0.99070454
34025,0.39981794
34026,0.69053173
34027,0.38909248
34028,0.27974203
34029,0.17429152
34030,0.26465493
34031,0.06410945
34032,0.013196254
34033,0.025546942
34034,0.011974085
34035,0.06620798
34036,0.037294388
34037,0.1313849
34038,0.12385106
34039,0.10224819
34040,0.2868273
34041,0.023557208
34042,0.08388034
34043,0.28560725
34044,0.0552022
34045,0.01353589
34046,0.0090358425
34047,0.11416359
34048,0.2446835
34049,0.037758823
34050,0.37166297
34051,0.23994651
34052,0.08016817
34053,0.13288529
34054,0.030882863
34055,0.116536394
34056,0.10218398
34057,0.04791066
34058,0.12958416
34059,0.123918004
34060,0.04986069
34061,0.009457786
34062,0.22852108
34063,0.011122454
34064,0.11027646
34065,0.03480592
34066,0.12378209
34067,0.040057074
34068,0.06674569
34069,0.05642427
34070,0.17783532
34071,0.29299822
34072,0.592512
34073,0.16345319
34074,0.015170639
34075,0.016842257
34076,0.022025883
34077,0.025412593
34078,0.07300555
34079,0.07219626
34080,0.11980925
34081,0.012056911
34082,0.053377002
34083,0.015402669
34084,0.029231178
34085,0.018168956
34086,0.007938389
34087,0.022556981
34088,0.084461085
34089,0.09563156
34090,0.41932705
34091,0.015289465
34092,0.0154033825
34093,0.05945468
34094,0.0747051
34095,0.10597439
34096,0.43737978
34097,0.17249618
34098,0.23784137
34099,0.013321469
34100,0.03879672
34101,0.018196812
34102,0.088879764
34103,0.15487406
34104,0.05878765
34105,0.008064508
34106,0.009999928
34107,0.014571804
34108,0.012441976
34109,0.28539294
34110,0.05068395
34111,0.014153735
34112,0.030532505
34113,0.14006677
34114,0.06850311
34115,0.044450022
34116,0.015638346
34117,0.03138433
34118,0.067848235
34119,0.3772406
34120,0.029589746
34121,0.01886602
34122,0.026000142
34123,0.0423971
34124,0.067973495
34125,0.25615498
34126,0.06978357
34127,0.2658297
34128,0.099043265
34129,0.030269383
34130,0.013117562
34131,0.049172617
34132,0.064296275
34133,0.033602413
34134,0.4827237
34135,0.16777745
34136,0.016131593
34137,0.09763224
34138,0.04671382
34139,0.012207805
34140,0.38410604
34141,0.5653752
34142,0.23282745
34143,0.10790084
34144,0.017820086
34145,0.096659936
34146,0.06686372
34147,0.06218332
34148,0.118790805
34149,0.10674372
34150,0.11498035
34151,0.9674459
34152,0.019535903
34153,0.08604224
34154,0.016656937
34155,0.08511339
34156,0.08122069
34157,0.019555839
34158,0.16882242
34159,0.50103503
34160,0.08024648
34161,0.2645737
34162,0.02374192
34163,0.110834666
34164,0.022234885
34165,0.088397145
34166,0.027785558
34167,0.026755705
34168,0.05941507
34169,0.06905483
34170,0.02168227
34171,0.01805403
34172,0.06841621
34173,0.016744316
34174,0.15929739
34175,0.037159346
34176,0.038753185
34177,0.015001884
34178,0.03138344
34179,0.08073796
34180,0.116419494
34181,0.054776013
34182,0.95868814
34183,0.06159637
34184,0.13045393
34185,0.054293033
34186,0.034596443
34187,0.04397149
34188,0.04739656
34189,0.01844136
34190,0.44903407
34191,0.023804646
34192,0.0067736353
34193,0.0557822
34194,0.24891998
34195,0.021699728
34196,0.120844394
34197,0.042986877
34198,0.024219813
34199,0.043455172
34200,0.28898248
34201,0.035915054
34202,0.018952575
34203,0.02133053
34204,0.012586655
34205,0.0364929
34206,0.004950877
34207,0.03034916
34208,0.27937177
34209,0.07835054
34210,0.018959021
34211,0.08063739
34212,0.16101192
34213,0.12661108
34214,0.09270161
34215,0.07914151
34216,0.030891739
34217,0.05220291
34218,0.015412653
34219,0.07397486
34220,0.16365138
34221,0.160071
34222,0.013181678
34223,0.02107509
34224,0.008584027
34225,0.015211044
34226,0.014034846
34227,0.016564786
34228,0.009226854
34229,0.03182645
34230,0.07509753
34231,0.06579237
34232,0.1177061
34233,0.01011599
34234,0.16996878
34235,0.3663973
34236,0.0092947045
34237,0.008950639
34238,0.017408717
34239,0.018941183
34240,0.00925068
34241,0.017592192
34242,0.03053344
34243,0.014847545
34244,0.0135681
34245,0.0049527125
34246,0.08702426
34247,0.027116325
34248,0.060162317
34249,0.011526282
34250,0.05965323
34251,0.015565998
34252,0.011385937
34253,0.0069262045
34254,0.13807791
34255,0.025465982
34256,0.036935356
34257,0.033485826
34258,0.11346272
34259,0.013109029
34260,0.009149425
34261,0.0106424745
34262,0.4337229
34263,0.07331291
34264,0.07391218
34265,0.09498938
34266,0.014632357
34267,0.061017454
34268,0.023053462
34269,0.008374137
34270,0.13931097
34271,0.016934615
34272,0.11944823
34273,0.2596619
34274,0.028114328
34275,0.04045602
34276,0.03525381
34277,0.028452063
34278,0.02547778
34279,0.0067167953
34280,0.03699837
34281,0.012551076
34282,0.13042678
34283,0.08691494
34284,0.0067722728
34285,0.2964304
34286,0.02635686
34287,0.027074127
34288,0.0042189374
34289,0.001533737
34290,0.046358675
34291,0.02090174
34292,0.028122766
34293,0.01515577
34294,0.03490529
34295,0.010655261
34296,0.012792047
34297,0.03326589
34298,0.30493864
34299,0.18243171
34300,0.020107744
34301,0.12755413
34302,0.015549667
34303,0.021877533
34304,0.008677746
34305,0.057554178
34306,0.018760787
34307,0.032203473
34308,0.038210325
34309,0.036458608
34310,0.0728995
34311,0.04306174
34312,0.36973527
34313,0.0249618
34314,0.04745662
34315,0.023726622
34316,0.14016181
34317,0.35856706
34318,0.02742024
34319,0.26538056
34320,0.087443344
34321,0.3524471
34322,0.056420483
34323,0.11533954
34324,0.07000271
34325,0.029246584
34326,0.12570499
34327,0.36981234
34328,0.86060303
34329,0.26269048
34330,0.05583485
34331,0.047264595
34332,0.28268996
34333,0.07044329
34334,0.0094888015
34335,0.029890101
34336,0.031808313
34337,0.018749313
34338,0.0132556595
34339,0.07100226
34340,0.29403982
34341,0.605574
34342,0.52991307
34343,0.055401064
34344,0.08642705
34345,0.12948874
34346,0.27253222
34347,0.051746584
34348,0.049279433
34349,0.06568023
34350,0.112532035
34351,0.031902496
34352,0.43615904
34353,0.24001123
34354,0.26919156
34355,0.7125362
34356,0.12975575
34357,0.02476259
34358,0.5638269
34359,0.073411725
34360,0.19799808
34361,0.08038993
34362,0.06754351
34363,0.03393483
34364,0.103357986
34365,0.09795303
34366,0.13507845
34367,0.130753
34368,0.030745799
34369,0.058758244
34370,0.07965941
34371,0.2733349
34372,0.053559538
34373,0.06604859
34374,0.076674916
34375,0.112309754
34376,0.046896912
34377,0.039970934
34378,0.03137594
34379,0.058383256
34380,0.154205
34381,0.09356931
34382,0.18600155
34383,0.046642445
34384,0.072751105
34385,0.04396489
34386,0.013883232
34387,0.014470206
34388,0.51953197
34389,0.13758475
34390,0.24388428
34391,0.45210433
34392,0.42050418
34393,0.10029781
34394,0.06711317
34395,0.019543175
34396,0.022557044
34397,0.03759359
34398,0.009123176
34399,0.06901974
34400,0.09900834
34401,0.0961146
34402,0.15248077
34403,0.45941186
34404,0.018315652
34405,0.3642497
34406,0.061737746
34407,0.028914118
34408,0.025778985
34409,0.30238822
34410,0.019417994
34411,0.038904794
34412,0.10338344
34413,0.02459928
34414,0.38983953
34415,0.58928573
34416,0.16670397
34417,0.021194793
34418,0.024526596
34419,0.06067831
34420,0.073293634
34421,0.15799597
34422,0.18113357
34423,0.11113434
34424,0.1102164
34425,0.0722509
34426,0.0073041604
34427,0.0074613243
34428,0.041989718
34429,0.03444966
34430,0.030966472
34431,0.03764543
34432,0.1344911
34433,0.07895158
34434,0.22099598
34435,0.016716829
34436,0.041893262
34437,0.028517598
34438,0.017164044
34439,0.017215913
34440,0.02566269
34441,0.04549961
34442,0.023924867
34443,0.07175812
34444,0.49626088
34445,0.3854628
34446,0.041243277
34447,0.041717432
34448,0.038767733
34449,0.11519604
34450,0.08256036
34451,0.07491573
34452,0.014072244
34453,0.014059342
34454,0.03182167
34455,0.16775629
34456,0.029449737
34457,0.03210553
34458,0.004849274
34459,0.06944551
34460,0.06737978
34461,0.23938897
34462,0.23672941
34463,0.3986099
34464,0.062017325
34465,0.045705114
34466,0.018688714
34467,0.054211985
34468,0.045128107
34469,0.25469977
34470,0.05504586
34471,0.5982078
34472,0.112141155
34473,0.021361046
34474,0.120054275
34475,0.056700774
34476,0.051986378
34477,0.022492982
34478,0.0064304364
34479,0.0142714735
34480,0.09199435
34481,0.010434671
34482,0.03396524
34483,0.015473586
34484,0.02352387
34485,0.08994984
34486,0.091032244
34487,0.05838685
34488,0.11756452
34489,0.25062296
34490,0.4122032
34491,0.07180199
34492,0.022307819
34493,0.09551952
34494,0.015343599
34495,0.043493155
34496,0.0055978745
34497,0.02567362
34498,0.09822261
34499,0.07173185
34500,0.12005284
34501,0.056416556
34502,0.12508649
34503,0.041902564
34504,0.058778297
34505,0.027865667
34506,0.01707373
34507,0.1520514
34508,0.030127466
34509,0.070721395
34510,0.028674025
34511,0.012202889
34512,0.02395624
34513,0.040063523
34514,0.06984142
34515,0.07515657
34516,0.13302758
34517,0.111277804
34518,0.38856518
34519,0.26329908
34520,0.26009724
34521,0.010097591
34522,0.10882554
34523,0.01059201
34524,0.05430012
34525,0.042568196
34526,0.09716695
34527,0.05967584
34528,0.05320079
34529,0.055482823
34530,0.075204425
34531,0.067807086
34532,0.03151106
34533,0.014589742
34534,0.093236625
34535,0.015805447
34536,0.040748775
34537,0.17262258
34538,0.06911685
34539,0.14776848
34540,0.46201771
34541,0.11666505
34542,0.11045779
34543,0.0689169
34544,0.07921027
34545,0.08516759
34546,0.08944926
34547,0.05533114
34548,0.009256801
34549,0.27364612
34550,0.07800984
34551,0.07979472
34552,0.058496203
34553,0.07380749
34554,0.028621778
34555,0.020542959
34556,0.020048305
34557,0.046134353
34558,0.5093953
34559,0.07387856
34560,0.041474003
34561,0.118509784
34562,0.82477367
34563,0.095112115
34564,0.015926799
34565,0.11484715
34566,0.06520417
34567,0.1734945
34568,0.3888971
34569,0.072109014
34570,0.020720858
34571,0.06806081
34572,0.090506494
34573,0.10019594
34574,0.18151073
34575,0.041044697
34576,0.16132881
34577,0.090390444
34578,0.07378221
34579,0.07481681
34580,0.06896784
34581,0.014622643
34582,0.12417508
34583,0.15651336
34584,0.26696968
34585,0.09099261
34586,0.034218136
34587,0.1057209
34588,0.1855979
34589,0.25796688
34590,0.06877305
34591,0.0642017
34592,0.027681945
34593,0.009249427
34594,0.07301526
34595,0.49186635
34596,0.046704706
34597,0.13571829
34598,0.40375772
34599,0.24154477
34600,0.01651576
34601,0.011681858
34602,0.009712694
34603,0.043320075
34604,0.056130107
34605,0.3886506
34606,0.44714296
34607,0.11352928
34608,0.106947765
34609,0.28528824
34610,0.14805941
34611,0.13036682
34612,0.17084187
34613,0.27746993
34614,0.08677318
34615,0.04206195
34616,0.10254084
34617,0.051456608
34618,0.29378477
34619,0.9684677
34620,0.065387614
34621,0.42099437
34622,0.01610397
34623,0.04499307
34624,0.25650305
34625,0.016888816
34626,0.011763841
34627,0.049632005
34628,0.08887167
34629,0.01676258
34630,0.054997697
34631,0.5314891
34632,0.06777435
34633,0.08493778
34634,0.26371348
34635,0.14344156
34636,0.24686775
34637,0.38120222
34638,0.42636684
34639,0.28128326
34640,0.118120976
34641,0.13270077
34642,1.0107635
34643,0.44049558
34644,0.45250067
34645,0.025847018
34646,0.10957322
34647,0.07507071
34648,0.024186494
34649,0.021600595
34650,0.06042641
34651,0.007309214
34652,0.011189187
34653,0.03579562
34654,0.06955271
34655,0.109635435
34656,0.10403057
34657,0.115727246
34658,0.098535344
34659,0.16335958
34660,0.22887221
34661,0.029385094
34662,0.104174696
34663,0.43416762
34664,0.021613507
34665,0.07434559
34666,1.0006487
34667,0.95541567
34668,0.6031759
34669,0.13472733
34670,0.49163496
34671,0.0979691
34672,0.019989766
34673,0.069168344
34674,0.0083862655
34675,0.054846242
34676,0.070478015
34677,0.056720167
34678,0.01236495
34679,0.4448744
34680,0.019142142
34681,0.036479793
34682,0.11649998
34683,0.11153651
34684,0.052727457
34685,0.046825733
34686,0.24931976
34687,0.09339655
34688,0.023531942
34689,0.12275531
34690,0.105862215
34691,0.12691133
34692,1.0344214
34693,0.95816725
34694,0.6168316
34695,0.012202171
34696,0.016402252
34697,0.0648352
34698,0.029685197
34699,0.008679637
34700,0.52948356
34701,0.08363059
34702,0.26430613
34703,0.047932975
34704,0.12166427
34705,0.122031964
34706,0.11897471
34707,0.14223093
34708,0.15942621
34709,0.5065739
34710,0.50455284
34711,0.16004567
34712,0.1455831
34713,0.09722654
34714,0.07395129
34715,0.1143534
34716,0.06096003
34717,0.034161426
34718,0.021877768
34719,0.122720785
34720,0.15207145
34721,0.072715156
34722,0.12204297
34723,0.02346107
34724,1.0078343
34725,1.022946
34726,0.94779253
34727,0.10639205
34728,0.06585421
34729,0.2436622
34730,0.011523088
34731,0.42706224
34732,0.023729308
34733,0.01533657
34734,0.017420981
34735,0.05894161
34736,0.10815043
34737,0.055339344
34738,0.41368067
34739,0.9831477
34740,0.069405
34741,0.11713655
34742,0.11287052
34743,0.13332161
34744,0.07689248
34745,0.26220977
34746,0.13834406
34747,0.0997437
34748,0.10973961
34749,0.12075944
34750,0.060358956
34751,0.02268301
34752,0.42614833
34753,0.37374437
34754,0.23576376
34755,0.08123559
34756,0.02776825
34757,0.11063572
34758,0.07899284
34759,0.29447156
34760,0.032511026
34761,0.0420163
34762,0.056046378
34763,0.015962303
34764,0.048494857
34765,0.0469518
34766,0.37517062
34767,0.58267283
34768,0.2704584
34769,0.2807769
34770,0.13259812
34771,0.25121158
34772,0.15064166
34773,0.5084857
34774,0.07539686
34775,0.029688464
34776,0.031578626
34777,0.034379907
34778,0.16725598
34779,0.26849908
34780,0.2653317
34781,0.47757226
34782,0.27596918
34783,0.14629392
34784,0.986436
34785,0.22705877
34786,0.013784415
34787,0.25574607
34788,0.17673008
34789,0.02464066
34790,0.057861645
34791,0.18158759
34792,0.06726145
34793,0.03481236
34794,0.041444667
34795,0.04641929
34796,0.15269092
34797,0.4451236
34798,0.38645947
34799,0.2937667
34800,0.28401834
34801,0.14584647
34802,0.14625797
34803,0.40190256
34804,0.022702485
34805,0.17193672
34806,0.081197746
34807,0.057378348
34808,0.52784497
34809,0.39275002
34810,0.066291936
34811,0.55907035
34812,0.39423248
34813,0.00573407
34814,0.08498719
34815,0.14112234
34816,0.09176266
34817,0.044838004
34818,0.010311986
34819,0.008483044
34820,0.014577307
34821,0.030044213
34822,0.055128608
34823,0.09628582
34824,0.10743954
34825,0.22390126
34826,0.42573798
34827,0.75658786
34828,0.46950048
34829,0.29018846
34830,0.41250592
34831,0.11318558
34832,0.017971156
34833,0.07695532
34834,0.079997115
34835,0.23834124
34836,0.21876821
34837,0.075753264
34838,0.024041062
34839,0.07899585
34840,0.15065593
34841,0.04955115
34842,0.08878871
34843,0.039336883
34844,0.033217482
34845,0.102682464
34846,0.058799386
34847,0.06929463
34848,0.39297488
34849,0.26424906
34850,0.36092842
34851,0.6874192
34852,0.6477212
34853,0.28124914
34854,0.13439336
34855,0.041087396
34856,0.01970458
34857,0.052483402
34858,0.12676367
34859,0.029723734
34860,0.97271085
34861,0.05230601
34862,0.018579245
34863,0.06944342
34864,0.0660071
34865,0.37322384
34866,0.04633355
34867,0.061676156
34868,0.015189421
34869,0.045776606
34870,0.030897075
34871,0.09266597
34872,0.11682177
34873,0.5649369
34874,0.38382417
34875,0.26554447
34876,1.039917
34877,0.39957306
34878,0.44967797
34879,0.17696437
34880,0.03713832
34881,0.03182211
34882,0.039302416
34883,0.054405905
34884,0.06540647
34885,0.04072329
34886,0.060007483
34887,0.47231844
34888,0.11663808
34889,0.26343432
34890,0.032847386
34891,0.11927911
34892,0.25119737
34893,0.2582696
34894,0.26746497
34895,0.05804836
34896,0.030209713
34897,0.04278794
34898,0.13291658
34899,0.9746735
34900,0.39513567
34901,0.6801021
34902,0.3938215
34903,0.3880195
34904,0.16186558
34905,0.15392374
34906,0.012720276
34907,0.023031183
34908,0.012810035
34909,0.060162578
34910,0.02934297
34911,0.14414255
34912,0.13996628
34913,0.10935424
34914,0.2926265
34915,0.030984579
34916,0.07887287
34917,0.39115915
34918,0.05603737
34919,0.010463779
34920,0.10842677
34921,0.24886395
34922,0.035508033
34923,0.22850856
34924,0.16521947
34925,0.08186032
34926,0.14113444
34927,0.03087788
34928,0.10274226
34929,0.08544526
34930,0.046987973
34931,0.24288508
34932,0.12617971
34933,0.045857385
34934,0.0108107
34935,0.25693986
34936,0.014726988
34937,0.1075922
34938,0.043963436
34939,0.033030152
34940,0.12545964
34941,0.039749507
34942,0.06087711
34943,0.054817583
34944,0.17120187
34945,0.28515756
34946,0.6258625
34947,0.17054366
34948,0.013860568
34949,0.018111335
34950,0.019757869
34951,0.028703183
34952,0.06958761
34953,0.06306427
34954,0.119155064
34955,0.015771415
34956,0.050089464
34957,0.013668657
34958,0.03278355
34959,0.018560354
34960,0.011244225
34961,0.03309901
34962,0.007893737
34963,0.08461994
34964,0.0949366
34965,0.40459934
34966,0.014262804
34967,0.016359163
34968,0.06277201
34969,0.069706276
34970,0.10761144
34971,0.4336048
34972,0.16397764
34973,0.24631569
34974,0.030726947
34975,0.08271607
34976,0.16683511
34977,0.055382542
34978,0.009051167
34979,0.015696332
34980,0.2741184
34981,0.05908873
34982,0.016256185
34983,0.019806057
34984,0.027756758
34985,0.1366042
34986,0.067735694
34987,0.039651547
34988,0.016984753
34989,0.027992612
34990,0.07214346
34991,0.40580124
34992,0.03383088
34993,0.0057316693
34994,0.018429674
34995,0.032347616
34996,0.043094955
34997,0.07158667
34998,0.26773658
34999,0.06745299
35000,0.25789192
35001,0.11390573
35002,0.02797394
35003,0.017973907
35004,0.04692026
35005,0.06911468
35006,0.030990086
35007,0.4784136
35008,0.015882084
35009,0.28581125
35010,0.021052063
35011,0.09999731
35012,0.048174895
35013,0.28021574
35014,0.56943274
35015,0.24814317
35016,0.108524874
35017,0.0141911125
35018,0.10249616
35019,0.07001882
35020,0.06522375
35021,0.11923811
35022,0.09702813
35023,0.106475964
35024,0.95930165
35025,0.016541604
35026,0.08111033
35027,0.08471311
35028,0.07634022
35029,0.015446977
35030,0.16043541
35031,0.4756964
35032,0.0809786
35033,0.24622038
35034,0.029288108
35035,0.100707926
35036,0.02399287
35037,0.09275887
35038,0.033618692
35039,0.03070311
35040,0.05416248
35041,0.072996944
35042,0.032057565
35043,0.018354584
35044,0.074406885
35045,0.01748638
35046,0.16215403
35047,0.04285688
35048,0.015641967
35049,0.033155154
35050,0.101263754
35051,0.10661513
35052,0.057736844
35053,0.97151345
35054,0.057652775
35055,0.26543477
35056,0.06282371
35057,0.03679472
35058,0.041705307
35059,0.048489787
35060,0.0143415425
35061,0.015465977
35062,0.46231064
35063,0.025374198
35064,0.007582485
35065,0.0060783457
35066,0.0112997955
35067,0.05862616
35068,0.16877183
35069,0.023618137
35070,0.1243753
35071,0.03957055
35072,0.0273297
35073,0.046962894
35074,0.36926383
35075,0.035898823
35076,0.021149017
35077,0.0031492745
35078,0.012662585
35079,0.039517
35080,0.0075561525
35081,0.032937914
35082,0.13913614
35083,0.08150096
35084,0.016179841
35085,0.07495501
35086,0.1707192
35087,0.13128443
35088,0.097817145
35089,0.06637607
35090,0.033135463
35091,0.06756197
35092,0.016641356
35093,0.09288532
35094,0.1828969
35095,0.1584239
35096,0.029582825
35097,0.010952624
35098,0.010781322
35099,0.022081656
35100,0.007466456
35101,0.01380065
35102,0.018672487
35103,0.016779067
35104,0.011022783
35105,0.028229648
35106,0.08089031
35107,0.06497871
35108,0.13297747
35109,0.012341458
35110,0.25020865
35111,0.007852349
35112,0.3849378
35113,0.008875837
35114,0.025499692
35115,0.027247155
35116,0.010792902
35117,0.016085224
35118,0.007941176
35119,0.0149753215
35120,0.028850261
35121,0.014524849
35122,0.015791444
35123,0.08964791
35124,0.030079057
35125,0.05320908
35126,0.01574282
35127,0.014354596
35128,0.061968047
35129,0.0063410397
35130,0.012650278
35131,0.1326883
35132,0.024578715
35133,0.039934922
35134,0.010734301
35135,0.03320002
35136,0.114588894
35137,0.0050421148
35138,0.012641713
35139,0.01102499
35140,0.00967635
35141,0.2938844
35142,0.07662435
35143,0.06593501
35144,0.098294176
35145,0.06264131
35146,0.023478715
35147,0.14009649
35148,0.014812928
35149,0.118225366
35150,0.16362458
35151,0.018944245
35152,0.02671567
35153,0.034509093
35154,0.02786261
35155,0.036376435
35156,0.013170995
35157,0.1079527
35158,0.07728849
35159,0.17106383
35160,0.02500103
35161,0.026285643
35162,0.0116506545
35163,0.049725994
35164,0.021091593
35165,0.013941773
35166,0.01903597
35167,0.025551235
35168,0.011100223
35169,0.032379176
35170,0.29822835
35171,0.25549963
35172,0.022643019
35173,0.13753033
35174,0.021805914
35175,0.007738033
35176,0.04034511
35177,0.011972187
35178,0.015440023
35179,0.03741156
35180,0.037839722
35181,0.027269728
35182,0.034260686
35183,0.023119938
35184,0.068507716
35185,0.03860812
35186,0.03542669
35187,0.37907177
35188,0.04260405
35189,0.05575833
35190,0.037230685
35191,0.3721105
35192,0.25078276
35193,0.049246065
35194,0.009204845
35195,0.010983645
35196,0.37912717
35197,0.033906348
35198,0.38006902
35199,0.01863453
35200,0.36095002
35201,0.07138143
35202,0.0848608
35203,0.024448192
35204,0.016530301
35205,0.24690057
35206,0.039407197
35207,0.89764243
35208,0.27864644
35209,0.027127264
35210,0.28495917
35211,0.058366954
35212,0.009211346
35213,0.0294505
35214,0.040962916
35215,0.013903666
35216,0.011348954
35217,0.05433504
35218,0.41886535
35219,0.56083506
35220,0.517672
35221,0.042338487
35222,0.06738592
35223,0.028903887
35224,0.22009364
35225,0.12966244
35226,0.009030711
35227,0.020940399
35228,0.04443346
35229,0.04810289
35230,0.05717313
35231,0.26338592
35232,0.031921957
35233,0.4124699
35234,0.21743922
35235,0.2766814
35236,0.57970625
35237,0.1372813
35238,0.49857277
35239,0.018035796
35240,0.08594064
35241,0.18365356
35242,0.05046376
35243,0.05275538
35244,0.033731475
35245,0.09549414
35246,0.11295828
35247,0.12569322
35248,0.11737091
35249,0.03077358
35250,0.07861789
35251,0.10631025
35252,0.28499198
35253,0.05508253
35254,0.06533388
35255,0.058043275
35256,0.09481398
35257,0.029048549
35258,0.044323005
35259,0.053289548
35260,0.16296175
35261,0.06507433
35262,0.18653943
35263,0.046254087
35264,0.05018407
35265,0.039520398
35266,0.025779
35267,0.013059006
35268,0.0179084
35269,0.5044087
35270,0.12413437
35271,0.23594894
35272,0.40467453
35273,0.4081359
35274,0.093554065
35275,0.08039979
35276,0.025129883
35277,0.017204225
35278,0.03780123
35279,0.21450801
35280,0.10072699
35281,0.14181131
35282,0.45417643
35283,0.34779176
35284,0.064914845
35285,0.033820402
35286,0.022612192
35287,0.3210243
35288,0.020256624
35289,0.037538856
35290,0.08143929
35291,0.40575612
35292,0.56218827
35293,0.123435855
35294,0.019610293
35295,0.025800405
35296,0.075107835
35297,0.083451554
35298,0.011162522
35299,0.033098176
35300,0.012815933
35301,0.14275907
35302,0.1778716
35303,0.11328979
35304,0.11048109
35305,0.066030174
35306,0.048830647
35307,0.033260193
35308,0.0279896
35309,0.038517505
35310,0.13880248
35311,0.073452145
35312,0.10424106
35313,0.015053951
35314,0.04094745
35315,0.031326856
35316,0.016262786
35317,0.01578875
35318,0.022315448
35319,0.04773976
35320,0.023085052
35321,0.062401243
35322,0.47234344
35323,0.41866973
35324,0.039455798
35325,0.040552806
35326,0.03771294
35327,0.1089061
35328,0.06719979
35329,0.014096867
35330,0.06677902
35331,0.015042369
35332,0.03195242
35333,0.26761752
35334,0.028442474
35335,0.023506546
35336,0.031996332
35337,0.056532595
35338,0.07084739
35339,0.23977633
35340,0.23936833
35341,0.38813105
35342,0.060222045
35343,0.046970725
35344,0.018887911
35345,0.049516454
35346,0.039010536
35347,0.010959404
35348,0.25698677
35349,0.055244822
35350,0.5763046
35351,0.10941443
35352,0.021611372
35353,0.1120511
35354,0.053138513
35355,0.054185465
35356,0.019033916
35357,0.005790293
35358,0.07017851
35359,0.019306852
35360,0.020673845
35361,0.0839869
35362,0.032190554
35363,0.09003472
35364,0.05841108
35365,0.10827323
35366,0.24274708
35367,0.42254573
35368,0.060563613
35369,0.02576923
35370,0.085582405
35371,0.016892469
35372,0.04327501
35373,0.103108265
35374,0.06258506
35375,0.11112977
35376,0.06906831
35377,0.11233676
35378,0.04532782
35379,0.055143826
35380,0.015660066
35381,0.022630407
35382,0.14384153
35383,0.0124634905
35384,0.028200958
35385,0.06770896
35386,0.033035018
35387,0.023896031
35388,0.04478174
35389,0.060278185
35390,0.07612463
35391,0.12357288
35392,0.10890808
35393,0.38818252
35394,0.26379836
35395,0.2440441
35396,0.01220243
35397,0.09079037
35398,0.048887767
35399,0.049897317
35400,0.09343838
35401,0.027279615
35402,0.021418406
35403,0.073072225
35404,0.05137889
35405,0.07319642
35406,0.026577912
35407,0.06783413
35408,0.0056333696
35409,0.026148178
35410,0.030322896
35411,0.076747075
35412,0.013876257
35413,0.043161735
35414,0.16925359
35415,0.059648037
35416,0.13304278
35417,0.506122
35418,0.10416311
35419,0.110954635
35420,0.06753565
35421,0.07628571
35422,0.07171227
35423,0.087959886
35424,0.05729056
35425,0.28225642
35426,0.08965296
35427,0.06907361
35428,0.059078682
35429,0.06470219
35430,0.02146323
35431,0.028347794
35432,0.017104106
35433,0.01853784
35434,0.045774233
35435,0.29400232
35436,0.06156309
35437,0.04446406
35438,0.09868977
35439,0.8106486
35440,0.09695935
35441,0.013671287
35442,0.22358906
35443,0.05867976
35444,0.26628947
35445,0.3031947
35446,0.06652136
35447,0.06535844
35448,0.07925671
35449,0.08948875
35450,0.17461409
35451,0.04552922
35452,0.22837904
35453,0.0848277
35454,0.07187342
35455,0.015655652
35456,0.018458754
35457,0.061390813
35458,0.06298008
35459,0.016729727
35460,0.11350269
35461,0.1417447
35462,0.2680136
35463,0.07825388
35464,0.031464156
35465,0.109538585
35466,0.16171217
35467,0.27243006
35468,0.068687074
35469,0.059148774
35470,0.024237223
35471,0.061278164
35472,0.48931158
35473,0.046621375
35474,0.12739411
35475,0.37080213
35476,0.16357373
35477,0.016948432
35478,0.016311483
35479,0.0133922715
35480,0.04333872
35481,0.06292859
35482,0.26554537
35483,0.39023533
35484,0.10986513
35485,0.08833357
35486,0.12641038
35487,0.22631925
35488,0.14462638
35489,0.162689
35490,0.3889167
35491,0.056678545
35492,0.0055813924
35493,0.019839697
35494,0.04577822
35495,0.11664753
35496,0.05974243
35497,0.1904364
35498,0.9625721
35499,0.07569704
35500,0.37972012
35501,0.01652352
35502,0.04625317
35503,0.27304462
35504,0.043302905
35505,0.075485274
35506,0.018147167
35507,0.058917385
35508,0.0047444724
35509,0.5143475
35510,0.063897684
35511,0.078894496
35512,0.27040133
35513,0.12656052
35514,0.24804664
35515,0.27378732
35516,0.42486587
35517,0.028482776
35518,0.17215577
35519,0.11479319
35520,0.1237251
35521,0.9395391
35522,0.4190292
35523,0.42597285
35524,0.026328778
35525,0.13327362
35526,0.060749255
35527,0.031097934
35528,0.020558093
35529,0.013874302
35530,0.0074992226
35531,0.05126507
35532,0.008987879
35533,0.012162581
35534,0.033846557
35535,0.06475276
35536,0.12146549
35537,0.09482067
35538,0.10227668
35539,0.0792718
35540,0.24408175
35541,0.1093875
35542,0.026680484
35543,0.09647968
35544,0.26865214
35545,0.018206393
35546,0.081563465
35547,0.97249204
35548,1.0151795
35549,0.554624
35550,0.0131206205
35551,0.028543627
35552,0.016505428
35553,0.11356314
35554,0.4243796
35555,0.080798484
35556,0.019365251
35557,0.04992792
35558,0.047071394
35559,0.055801
35560,0.056845903
35561,0.0120275915
35562,0.4491656
35563,0.014604321
35564,0.038275667
35565,0.10172075
35566,0.09207161
35567,0.053561274
35568,0.043869074
35569,0.23497307
35570,0.09243947
35571,0.023407152
35572,0.14272077
35573,0.110771395
35574,0.11423103
35575,0.9594935
35576,0.9315903
35577,0.49527448
35578,0.014009103
35579,0.06554883
35580,0.023262402
35581,0.008616071
35582,0.46571234
35583,0.08361677
35584,0.27220955
35585,0.04387011
35586,0.12170211
35587,0.018863514
35588,0.098932646
35589,0.109261565
35590,0.13793203
35591,0.16412391
35592,0.4692211
35593,0.50349754
35594,0.13467272
35595,0.14108498
35596,0.08822242
35597,0.06208067
35598,0.10294322
35599,0.06183942
35600,0.030654378
35601,0.02416412
35602,0.12446747
35603,0.15762803
35604,0.057117652
35605,0.11461316
35606,0.023261052
35607,0.98876953
35608,0.99531716
35609,1.0107167
35610,0.05706207
35611,0.059294213
35612,0.24009852
35613,0.39911133
35614,0.028228845
35615,0.011309894
35616,0.0153387915
35617,0.013122202
35618,0.046739485
35619,0.088530034
35620,0.059543014
35621,0.38920096
35622,1.0124846
35623,0.07144996
35624,0.124628425
35625,0.107972115
35626,0.120639995
35627,0.080201745
35628,0.24376972
35629,0.11583792
35630,0.036658734
35631,0.08881902
35632,0.11342059
35633,0.13613401
35634,0.05322323
35635,0.026313206
35636,0.30078503
35637,0.3531222
35638,0.1540148
35639,0.11525595
35640,0.071461745
35641,0.18341088
35642,0.026995178
35643,0.040793393
35644,0.053374756
35645,0.015251753
35646,0.049208596
35647,0.043229315
35648,0.24583349
35649,0.55601954
35650,0.2764584
35651,0.15134688
35652,0.11884231
35653,0.14239287
35654,0.14407493
35655,0.6312562
35656,0.0804065
35657,0.030309306
35658,0.032834414
35659,0.029614815
35660,0.15539616
35661,0.16553251
35662,0.26788095
35663,0.4681784
35664,0.3714916
35665,0.118717656
35666,0.9867436
35667,0.22855252
35668,0.013520696
35669,0.1292487
35670,0.17185521
35671,0.020856356
35672,0.0640258
35673,0.448082
35674,0.06554856
35675,0.03713721
35676,0.041779373
35677,0.04980994
35678,0.15249977
35679,0.4000027
35680,0.40160286
35681,0.5780262
35682,0.40683702
35683,0.14195591
35684,0.14310715
35685,0.4036265
35686,0.026717812
35687,0.17864609
35688,0.06644072
35689,0.06400321
35690,0.49502096
35691,0.27369514
35692,0.055909798
35693,0.6110737
35694,0.41185084
35695,0.003762293
35696,0.08256705
35697,0.1370913
35698,0.076561145
35699,0.04494255
35700,0.0120078735
35701,0.026740834
35702,0.048390277
35703,0.089449964
35704,0.10774092
35705,0.111003175
35706,0.41031447
35707,0.74104553
35708,0.43187737
35709,0.28964266
35710,0.6297135
35711,0.08923913
35712,0.06932566
35713,0.0673515
35714,0.22674969
35715,0.19569133
35716,0.06560849
35717,0.0239071
35718,0.06283861
35719,0.1531982
35720,0.01651846
35721,0.05210999
35722,0.07405365
35723,0.024931215
35724,0.013828411
35725,0.036271505
35726,0.0119740935
35727,0.031095361
35728,0.08539097
35729,0.06328422
35730,0.07130832
35731,0.40462047
35732,0.26067042
35733,0.22605196
35734,0.66384846
35735,0.62356424
35736,0.27562323
35737,0.14234644
35738,0.039302196
35739,0.017830702
35740,0.05732701
35741,0.1162384
35742,0.014899494
35743,0.030981205
35744,0.99455875
35745,0.062295265
35746,0.0170661
35747,0.057669576
35748,0.07332035
35749,0.24238499
35750,0.04476325
35751,0.05574789
35752,0.018353427
35753,0.045570258
35754,0.026774427
35755,0.082980625
35756,0.10053651
35757,0.5824846
35758,0.390784
35759,0.26575878
35760,1.0686969
35761,0.39095363
35762,0.4168864
35763,0.18328786
35764,0.038575552
35765,0.032156188
35766,0.03644217
35767,0.06021082
35768,0.06800846
35769,0.034737118
35770,0.20993909
35771,0.40412804
35772,0.11881776
35773,0.27252367
35774,0.032234427
35775,0.11186844
35776,0.13625595
35777,0.1597844
35778,0.26579306
35779,0.06261095
35780,0.002970404
35781,0.032164585
35782,0.008201371
35783,0.044153687
35784,0.12423473
35785,0.9960695
35786,0.3861566
35787,0.68308914
35788,0.39905262
35789,0.42122397
35790,0.16656332
35791,0.14159451
35792,0.043173622
35793,0.025690766
35794,0.010760023
35795,0.05898116
35796,0.03442236
35797,0.12714797
35798,0.111422084
35799,0.05846315
35800,0.29881045
35801,0.02827718
35802,0.078141086
35803,0.40238792
35804,0.061240576
35805,0.008544113
35806,0.10201065
35807,0.26825708
35808,0.035440564
35809,0.26178646
35810,0.13985313
35811,0.072596386
35812,0.14037149
35813,0.03137752
35814,0.094458364
35815,0.07782833
35816,0.040493913
35817,0.12915388
35818,0.0049842936
35819,0.13000464
35820,0.04016811
35821,0.026722927
35822,0.21950682
35823,0.01512152
35824,0.016462358
35825,0.114275895
35826,0.03642147
35827,0.11022007
35828,0.03684141
35829,0.05933519
35830,0.053931165
35831,0.16493003
35832,0.276461
35833,0.6610043
35834,0.1808199
35835,0.01238597
35836,0.011547704
35837,0.017832287
35838,0.018937917
35839,0.02557959
35840,0.071867995
35841,0.06490972
35842,0.2346342
35843,0.011522735
35844,0.023527864
35845,0.030705053
35846,0.016496079
35847,0.03083142
35848,0.074758194
35849,0.094320394
35850,0.40735027
35851,0.013023122
35852,0.056439746
35853,0.06436413
35854,0.09944455
35855,0.3942832
35856,0.18983169
35857,0.014435866
35858,0.009845889
35859,0.17030884
35860,0.0365736
35861,0.07685678
35862,0.15099381
35863,0.06299826
35864,0.009441733
35865,0.016079042
35866,0.009389236
35867,0.3895366
35868,0.01390902
35869,0.020981945
35870,0.025658345
35871,0.12677377
35872,0.05738809
35873,0.04708853
35874,0.016927665
35875,0.02600421
35876,0.0643505
35877,0.28531367
35878,0.03078781
35879,0.018381534
35880,0.03757443
35881,0.044192676
35882,0.07364991
35883,0.2665569
35884,0.06340219
35885,0.25330785
35886,0.097698696
35887,0.029042492
35888,0.01613513
35889,0.048951365
35890,0.0851113
35891,0.032829434
35892,0.30437365
35893,0.29516998
35894,0.016175687
35895,0.091325596
35896,0.044706397
35897,0.009576125
35898,0.29160058
35899,0.4875896
35900,0.2540404
35901,0.12576948
35902,0.08334021
35903,0.080855645
35904,0.06763187
35905,0.102073744
35906,0.09443744
35907,0.106463246
35908,0.9758417
35909,0.087371774
35910,0.08131732
35911,0.07367655
35912,0.014838803
35913,0.18473153
35914,0.4570553
35915,0.06421233
35916,0.26044157
35917,0.027017564
35918,0.121631436
35919,0.022656607
35920,0.08385092
35921,0.03367742
35922,0.02082908
35923,0.057983764
35924,0.06818635
35925,0.028514633
35926,0.082566656
35927,0.014292983
35928,0.01564066
35929,0.30316108
35930,0.037484206
35931,0.043429162
35932,0.018579084
35933,0.033735123
35934,0.08358791
35935,0.11118606
35936,1.0007777
35937,0.06243907
35938,0.25480953
35939,0.06787466
35940,0.035893057
35941,0.03941968
35942,0.03799054
35943,0.01577799
35944,0.46967003
35945,0.022461902
35946,0.006019005
35947,0.007714427
35948,0.01806603
35949,0.00977642
35950,0.054007027
35951,0.13859475
35952,0.023330912
35953,0.12801449
35954,0.040900107
35955,0.023350049
35956,0.005695067
35957,0.043170333
35958,0.38009903
35959,0.030750163
35960,0.004595594
35961,0.020631656
35962,0.012731315
35963,0.036918
35964,0.033375755
35965,0.14174923
35966,0.078829825
35967,0.021258963
35968,0.020117315
35969,0.06371115
35970,0.16645876
35971,0.12127004
35972,0.088753566
35973,0.09628613
35974,0.026953975
35975,0.06026925
35976,0.021720823
35977,0.08816976
35978,0.17451966
35979,0.23583038
35980,0.007722834
35981,0.016742565
35982,0.017622942
35983,0.0114346435
35984,0.02314036
35985,0.011794048
35986,0.016757723
35987,0.009385663
35988,0.017059876
35989,0.019674454
35990,0.029618952
35991,0.079172015
35992,0.088132255
35993,0.12027661
35994,0.23611714
35995,0.006885402
35996,0.33059195
35997,0.026793163
35998,0.011378634
35999,0.015544139
36000,0.020443827
36001,0.013908534
36002,0.027303962
36003,0.01169063
36004,0.0078019523
36005,0.06489881
36006,0.027675211
36007,0.082850784
36008,0.06587539
36009,0.020860992
36010,0.0076634004
36011,0.011601173
36012,0.13359708
36013,0.022487618
36014,0.040185817
36015,0.013329204
36016,0.038166687
36017,0.018219193
36018,0.10657527
36019,0.012332416
36020,0.30573916
36021,0.059636094
36022,0.065920606
36023,0.088605866
36024,0.016064025
36025,0.0656293
36026,0.023863396
36027,0.11873747
36028,0.016228361
36029,0.1270116
36030,0.16521408
36031,0.019731602
36032,0.027277708
36033,0.03339354
36034,0.029341808
36035,0.038778093
36036,0.011086776
36037,0.14175354
36038,0.08536361
36039,0.20379657
36040,0.02792835
36041,0.030314937
36042,0.0019755333
36043,0.010436646
36044,0.049821448
36045,0.024699396
36046,0.044669874
36047,0.012798844
36048,0.031396553
36049,0.30874425
36050,0.28122774
36051,0.020809604
36052,0.122908525
36053,0.021453932
36054,0.032724664
36055,0.035076145
36056,0.028122352
36057,0.03096383
36058,0.052332878
36059,0.037966512
36060,0.033957433
36061,0.028867949
36062,0.040425155
36063,0.08837817
36064,0.030897686
36065,0.3770637
36066,0.0473262
36067,0.027513035
36068,0.039507587
36069,0.2645437
36070,0.3641372
36071,0.024410252
36072,0.025899796
36073,0.028779916
36074,0.26529086
36075,0.03996742
36076,0.39843482
36077,0.038928915
36078,0.11065716
36079,0.07770893
36080,0.099865206
36081,0.024584794
36082,0.36630234
36083,0.8173447
36084,0.27932152
36085,0.056642726
36086,0.04378202
36087,0.3086557
36088,0.04895115
36089,0.010172134
36090,0.026318286
36091,0.023383878
36092,0.015936503
36093,0.07898686
36094,0.27514672
36095,0.6280695
36096,0.4913598
36097,0.04240788
36098,0.07413608
36099,0.21960844
36100,0.1583892
36101,0.020076763
36102,0.05320206
36103,0.047787104
36104,0.053880926
36105,0.14593889
36106,0.39650792
36107,0.2192914
36108,0.27062505
36109,0.6176439
36110,0.1396421
36111,0.020775603
36112,0.47243366
36113,0.018838026
36114,0.07799962
36115,0.14712335
36116,0.0647037
36117,0.06423792
36118,0.033465557
36119,0.11354089
36120,0.1218177
36121,0.12721281
36122,0.12372049
36123,0.03731419
36124,0.06443392
36125,0.10043908
36126,0.28930154
36127,0.056273904
36128,0.029379755
36129,0.06712086
36130,0.06572671
36131,0.10373553
36132,0.038575158
36133,0.09395685
36134,0.06842464
36135,0.15760201
36136,0.071896546
36137,0.17750691
36138,0.056078784
36139,0.043309662
36140,0.014125018
36141,0.45912564
36142,0.23555401
36143,0.09594423
36144,0.4392838
36145,0.41183847
36146,0.0865122
36147,0.07994578
36148,0.019052811
36149,0.026920354
36150,0.029824222
36151,0.06966783
36152,0.069779985
36153,0.101606205
36154,0.28385296
36155,0.45786515
36156,0.36103642
36157,0.063253045
36158,0.010208875
36159,0.027065674
36160,0.032970496
36161,0.30624205
36162,0.01938182
36163,0.034746636
36164,0.00862193
36165,0.097678445
36166,0.027352978
36167,0.39929026
36168,0.62271416
36169,0.13382335
36170,0.018923914
36171,0.02842968
36172,0.070601545
36173,0.066797204
36174,0.015687112
36175,0.027073076
36176,0.01091872
36177,0.14198194
36178,0.19274792
36179,0.10766703
36180,0.09706113
36181,0.061598957
36182,0.044315033
36183,0.033767615
36184,0.033340316
36185,0.03446353
36186,0.14818563
36187,0.07054448
36188,0.11278325
36189,0.016245084
36190,0.03626429
36191,0.029541695
36192,0.017546099
36193,0.016180413
36194,0.021502592
36195,0.050330747
36196,0.023587845
36197,0.06238591
36198,0.4583477
36199,0.39498436
36200,0.038178604
36201,0.042762432
36202,0.03379361
36203,0.10506478
36204,0.06744895
36205,0.017280342
36206,0.06908007
36207,0.014974609
36208,0.031111218
36209,0.26020598
36210,0.026058463
36211,0.022256223
36212,0.038670577
36213,0.06092554
36214,0.06489117
36215,0.24191126
36216,0.26548645
36217,0.24402903
36218,0.06511535
36219,0.047456656
36220,0.017177137
36221,0.05185963
36222,0.0413337
36223,0.27377006
36224,0.052383557
36225,0.5985604
36226,0.11295238
36227,0.120587744
36228,0.048385873
36229,0.020945702
36230,0.0729337
36231,0.03560041
36232,0.017082755
36233,0.082851715
36234,0.033364374
36235,0.087336965
36236,0.06178946
36237,0.10298618
36238,0.23101737
36239,0.4059645
36240,0.06753866
36241,0.022784771
36242,0.09712795
36243,0.017934578
36244,0.038008306
36245,0.09343873
36246,0.0655808
36247,0.12021024
36248,0.071703
36249,0.11488555
36250,0.03925278
36251,0.051854786
36252,0.014783201
36253,0.14030614
36254,0.0126171475
36255,0.02705933
36256,0.06135495
36257,0.028950112
36258,0.023964608
36259,0.03518912
36260,0.065944344
36261,0.0761886
36262,0.12611273
36263,0.1150388
36264,0.24379821
36265,0.26268306
36266,0.26358372
36267,0.008656889
36268,0.09029536
36269,0.04986995
36270,0.047932863
36271,0.09078122
36272,0.027739454
36273,0.018446932
36274,0.06577563
36275,0.0843089
36276,0.052472156
36277,0.07866558
36278,0.069464125
36279,0.07980162
36280,0.013827458
36281,0.041353397
36282,0.17735304
36283,0.061856765
36284,0.21275905
36285,0.49941596
36286,0.11623269
36287,0.11158407
36288,0.061842166
36289,0.07809296
36290,0.07074278
36291,0.080158554
36292,0.054408602
36293,0.012790235
36294,0.022668393
36295,0.2924799
36296,0.062002163
36297,0.06726102
36298,0.056351133
36299,0.07387431
36300,0.018273639
36301,0.026189046
36302,0.020799479
36303,0.050228316
36304,0.47461346
36305,0.05878136
36306,0.04037021
36307,0.105572045
36308,0.8188659
36309,0.10133123
36310,0.015206766
36311,0.11179655
36312,0.0635991
36313,0.25473493
36314,0.38274747
36315,0.06431686
36316,0.025240887
36317,0.07181307
36318,0.07975888
36319,0.087242335
36320,0.17295198
36321,0.049816646
36322,0.2535981
36323,0.090955414
36324,0.07068713
36325,0.014103922
36326,0.018395329
36327,0.07723464
36328,0.06565515
36329,0.01646357
36330,0.11084051
36331,0.12902369
36332,0.26671892
36333,0.081372544
36334,0.03348557
36335,0.10057131
36336,0.15129544
36337,0.18596354
36338,0.06511317
36339,0.06527638
36340,0.026760709
36341,0.05339066
36342,0.574141
36343,0.045669395
36344,0.135808
36345,0.31701085
36346,0.1548048
36347,0.013092063
36348,0.017174799
36349,0.007143425
36350,0.042435236
36351,0.049371745
36352,0.2512068
36353,0.3847723
36354,0.10263833
36355,0.1099985
36356,0.14140476
36357,0.23832218
36358,0.12487833
36359,0.18601073
36360,0.38723287
36361,0.07642524
36362,0.052853245
36363,0.11324805
36364,0.049302164
36365,0.30301633
36366,0.97238183
36367,0.078073785
36368,0.38197204
36369,0.013354566
36370,0.040393557
36371,0.21745244
36372,0.041234504
36373,0.07109915
36374,0.01524307
36375,0.05885801
36376,0.008484461
36377,0.5351813
36378,0.06717798
36379,0.085504316
36380,0.27764952
36381,0.12762064
36382,0.18839154
36383,0.2703449
36384,0.18311505
36385,0.030967629
36386,0.2690719
36387,0.24194963
36388,0.12734607
36389,0.957347
36390,0.40183336
36391,0.42242447
36392,0.021395205
36393,0.23056346
36394,0.06272682
36395,0.028799998
36396,0.020223435
36397,0.01111827
36398,0.008551754
36399,0.05101886
36400,0.011964754
36401,0.036813904
36402,0.067145824
36403,0.099654794
36404,0.094535165
36405,0.11221736
36406,0.08706773
36407,0.1348831
36408,0.10684235
36409,0.02706167
36410,0.09992733
36411,0.2715784
36412,0.06693907
36413,1.0084952
36414,1.0198948
36415,0.57734674
36416,0.0034306007
36417,0.026021162
36418,0.099448465
36419,0.43436888
36420,0.08288224
36421,0.019284893
36422,0.050348964
36423,0.0064111827
36424,0.008177023
36425,0.050492197
36426,0.064533256
36427,0.059650484
36428,0.44699833
36429,0.019431077
36430,0.037916124
36431,0.095777
36432,0.0974894
36433,0.05110512
36434,0.039064992
36435,0.37102965
36436,0.09519668
36437,0.14261504
36438,0.10761268
36439,0.117671184
36440,1.0652709
36441,0.93831736
36442,0.4875237
36443,0.0138563495
36444,0.06544077
36445,0.026765954
36446,0.0057344437
36447,0.47063345
36448,0.06781713
36449,0.27547756
36450,0.046093564
36451,0.12448829
36452,0.02104693
36453,0.100933306
36454,0.11670677
36455,0.14223102
36456,0.15680245
36457,0.48067316
36458,0.5052321
36459,0.1497955
36460,0.13674444
36461,0.082988776
36462,0.057871327
36463,0.0942789
36464,0.05327178
36465,0.0305536
36466,0.11432727
36467,0.15754823
36468,0.06904608
36469,0.1096016
36470,0.028167358
36471,1.0095408
36472,0.96979547
36473,0.93026394
36474,0.053035066
36475,0.068079114
36476,0.2376836
36477,0.4242691
36478,0.029636655
36479,0.01350978
36480,0.015426824
36481,0.09730098
36482,0.06103436
36483,0.42227602
36484,0.9705474
36485,0.07103914
36486,0.12699568
36487,0.09157274
36488,0.121010095
36489,0.06937532
36490,0.2346574
36491,0.11660688
36492,0.037603244
36493,0.08858371
36494,0.11393412
36495,0.11913217
36496,0.057093285
36497,0.4345256
36498,0.37937328
36499,0.13257413
36500,0.07936966
36501,0.09662237
36502,0.069804884
36503,0.1948158
36504,0.03161445
36505,0.04536286
36506,0.05265604
36507,0.01457245
36508,0.052017897
36509,0.04575277
36510,0.37251118
36511,0.6241678
36512,0.1374862
36513,0.15347682
36514,0.11012637
36515,0.14026926
36516,0.15150312
36517,0.5630162
36518,0.07108577
36519,0.029816318
36520,0.03348323
36521,0.14922154
36522,0.16501236
36523,0.4181553
36524,0.31497532
36525,0.29327217
36526,0.12868007
36527,0.96924436
36528,0.24423978
36529,0.017173184
36530,0.13432443
36531,0.16991504
36532,0.019262578
36533,0.054626692
36534,0.42507204
36535,0.057739828
36536,0.037207216
36537,0.035474706
36538,0.05223117
36539,0.15102698
36540,0.41281283
36541,0.25994146
36542,0.5873463
36543,0.41310805
36544,0.13931875
36545,0.15509573
36546,0.2501729
36547,0.027266782
36548,0.1904154
36549,0.0800378
36550,0.056472562
36551,0.46800217
36552,0.268042
36553,0.05731692
36554,0.5742716
36555,0.38188946
36556,0.002487094
36557,0.07565035
36558,0.12985621
36559,0.07677719
36560,0.045353938
36561,0.011309116
36562,0.032551643
36563,0.050256293
36564,0.08757513
36565,0.10411891
36566,0.11660504
36567,0.40136692
36568,0.7581034
36569,0.42459184
36570,0.29442143
36571,0.6339975
36572,0.08754641
36573,0.021507248
36574,0.0652813
36575,0.0639585
36576,0.24209657
36577,0.17035346
36578,0.06262422
36579,0.026164187
36580,0.06021549
36581,0.1403476
36582,0.01965417
36583,0.0490664
36584,0.08846681
36585,0.015613854
36586,0.03914513
36587,0.008557464
36588,0.036871966
36589,0.09426628
36590,0.05521217
36591,0.061935518
36592,0.40427583
36593,0.25189468
36594,0.38471234
36595,0.6417144
36596,0.59441584
36597,0.2778118
36598,0.1417068
36599,0.044290815
36600,0.021849237
36601,0.054521758
36602,0.11385867
36603,0.015154178
36604,0.033826545
36605,0.97289145
36606,0.059101824
36607,0.013243965
36608,0.06893247
36609,0.080373384
36610,0.22971116
36611,0.04612126
36612,0.054682933
36613,0.015986059
36614,0.04075879
36615,0.012360756
36616,0.017345846
36617,0.03271159
36618,0.08699905
36619,0.09732717
36620,0.63947886
36621,0.39548755
36622,0.26141402
36623,1.0657566
36624,0.2774102
36625,0.30139837
36626,0.17462954
36627,0.03995131
36628,0.035974883
36629,0.036178637
36630,0.058428008
36631,0.07053194
36632,0.040416885
36633,0.054190904
36634,0.43879676
36635,0.11700347
36636,0.48694792
36637,0.035350103
36638,0.10430972
36639,0.13446869
36640,0.14721283
36641,0.25160444
36642,0.06453795
36643,0.025329733
36644,0.008670604
36645,0.04654054
36646,0.14513376
36647,1.0015913
36648,0.3782227
36649,0.71136516
36650,0.40020785
36651,0.3860948
36652,0.15415809
36653,0.12613761
36654,0.047700796
36655,0.021039674
36656,0.06892971
36657,0.03156627
36658,0.13108423
36659,0.1130422
36660,0.059472553
36661,0.30945536
36662,0.029272005
36663,0.07272238
36664,0.40265134
36665,0.06164994
36666,0.009525694
36667,0.010068096
36668,0.10888539
36669,0.24765894
36670,0.035739623
36671,0.22576472
36672,0.14860016
36673,0.0719823
36674,0.1450257
36675,0.031581372
36676,0.09865129
36677,0.06968067
36678,0.05000727
36679,0.13941155
36680,0.11359646
36681,0.0489009
36682,0.120672666
36683,0.0105668
36684,0.0139639415
36685,0.229052
36686,0.033217568
36687,0.12653832
36688,0.03838298
36689,0.06086826
36690,0.050877485
36691,0.17393139
36692,0.27168474
36693,0.57720846
36694,0.18067732
36695,0.010105237
36696,0.013649557
36697,0.020824393
36698,0.017393744
36699,0.028473768
36700,0.071548745
36701,0.06398425
36702,0.23671898
36703,0.014546854
36704,0.019840114
36705,0.016418679
36706,0.03048281
36707,0.016062884
36708,0.012683949
36709,0.0242944
36710,0.07620751
36711,0.09416367
36712,0.42017588
36713,0.01318059
36714,0.0141391335
36715,0.0538551
36716,0.06362425
36717,0.10052751
36718,0.4068879
36719,0.16209318
36720,0.015351618
36721,0.007593932
36722,0.24780905
36723,0.03480922
36724,0.075279325
36725,0.15331648
36726,0.01414279
36727,0.39311948
36728,0.013913093
36729,0.017716752
36730,0.025490824
36731,0.12786049
36732,0.057865873
36733,0.044416003
36734,0.016955687
36735,0.026981464
36736,0.059269648
36737,0.19232084
36738,0.03176957
36739,0.02115488
36740,0.030434892
36741,0.039139546
36742,0.06480857
36743,0.2552282
36744,0.06575293
36745,0.27212465
36746,0.095206425
36747,0.016928023
36748,0.04579397
36749,0.079033636
36750,0.062936366
36751,0.3041288
36752,0.29864353
36753,0.017483788
36754,0.08939075
36755,0.048928894
36756,0.3958647
36757,0.549429
36758,0.15271626
36759,0.107623704
36760,0.013486185
36761,0.08683534
36762,0.07800496
36763,0.077288836
36764,0.09480404
36765,0.09409203
36766,0.10576588
36767,0.98556596
36768,0.016712531
36769,0.079486474
36770,0.07594929
36771,0.065230034
36772,0.018103542
36773,0.17207286
36774,0.5101006
36775,0.07256822
36776,0.25415096
36777,0.024291331
36778,0.12865719
36779,0.019541528
36780,0.08052726
36781,0.028363757
36782,0.028118005
36783,0.059847265
36784,0.075953394
36785,0.030975202
36786,0.018107323
36787,0.07560379
36788,0.018614559
36789,0.19415534
36790,0.039785538
36791,0.017637629
36792,0.033460796
36793,0.080071576
36794,0.10936087
36795,0.023565043
36796,0.024032399
36797,0.052861914
36798,1.0164201
36799,0.05986066
36800,0.14037023
36801,0.06757268
36802,0.037432015
36803,0.03682115
36804,0.039358396
36805,0.015426175
36806,0.43978953
36807,0.02924077
36808,0.005659807
36809,0.003248837
36810,0.005263437
36811,0.060389433
36812,0.2333743
36813,0.12652369
36814,0.03997375
36815,0.047156397
36816,0.31070477
36817,0.03163619
36818,0.021932662
36819,0.022420201
36820,0.034548074
36821,0.034370154
36822,0.2702133
36823,0.06935117
36824,0.014438087
36825,0.019445626
36826,0.073653705
36827,0.17093568
36828,0.11832443
36829,0.099839926
36830,0.07945803
36831,0.027039617
36832,0.056655962
36833,0.089530505
36834,0.16795842
36835,0.24131653
36836,0.00954281
36837,0.031344403
36838,0.016132286
36839,0.011856758
36840,0.022334212
36841,0.019982899
36842,0.016183918
36843,0.03486321
36844,0.07918454
36845,0.08023419
36846,0.115365885
36847,0.014082761
36848,0.24662818
36849,0.009480338
36850,0.31660873
36851,0.025282286
36852,0.01628996
36853,0.019323114
36854,0.011316822
36855,0.015784077
36856,0.034402728
36857,0.012774678
36858,0.008256317
36859,0.078241944
36860,0.031783577
36861,0.077828266
36862,0.013621205
36863,0.06383912
36864,0.014730498
36865,0.13062982
36866,0.02523238
36867,0.04645819
36868,0.011403088
36869,0.04225318
36870,0.012619847
36871,0.021054212
36872,0.11134565
36873,0.3057842
36874,0.07587678
36875,0.07297991
36876,0.08730309
36877,0.055629075
36878,0.025274232
36879,0.09762261
36880,0.017846635
36881,0.1196963
36882,0.1640497
36883,0.021674506
36884,0.028543524
36885,0.03568601
36886,0.011512469
36887,0.00989784
36888,0.0063088997
36889,0.010556556
36890,0.03665193
36891,0.011266399
36892,0.1365046
36893,0.0710796
36894,0.0072097885
36895,0.19625984
36896,0.028460866
36897,0.01852884
36898,0.00026206425
36899,0.009061609
36900,0.046755586
36901,0.021943465
36902,0.033078108
36903,0.04000015
36904,0.03125816
36905,0.16130418
36906,0.4119198
36907,0.020911999
36908,0.24123557
36909,0.022540897
36910,0.035829257
36911,0.04026507
36912,0.02829438
36913,0.02728317
36914,0.044429947
36915,0.036156543
36916,0.037390314
36917,0.042769443
36918,0.06798568
36919,0.05629591
36920,0.034383275
36921,0.37701154
36922,0.045010313
36923,0.037187275
36924,0.04414222
36925,0.27656493
36926,0.25882012
36927,0.02415478
36928,0.024053084
36929,0.013088571
36930,0.35510322
36931,0.058426615
36932,0.38023254
36933,0.01431733
36934,0.11462786
36935,0.07032007
36936,0.10607708
36937,0.005661325
36938,0.00977787
36939,0.391103
36940,0.05277455
36941,0.80381113
36942,0.28793743
36943,0.028486732
36944,0.3057671
36945,0.054800514
36946,0.011738655
36947,0.030021539
36948,0.016327355
36949,0.06193821
36950,0.2784924
36951,0.60150534
36952,0.61952627
36953,0.040680293
36954,0.108526684
36955,0.15581256
36956,0.052887462
36957,0.043455552
36958,0.057437833
36959,0.13777283
36960,0.032937203
36961,0.38160643
36962,0.14794458
36963,0.27128795
36964,0.5409175
36965,0.12266226
36966,0.55376285
36967,0.07028866
36968,0.12284137
36969,0.060914848
36970,0.051030267
36971,0.03459449
36972,0.08811367
36973,0.028290713
36974,0.1102657
36975,0.11905576
36976,0.12034738
36977,0.030501533
36978,0.06524326
36979,0.12894621
36980,0.25255167
36981,0.055908065
36982,0.028831756
36983,0.062426522
36984,0.08028719
36985,0.040187765
36986,0.029915178
36987,0.062465224
36988,0.17679122
36989,0.060847882
36990,0.29527974
36991,0.06698083
36992,0.042518366
36993,0.026088618
36994,0.0134809455
36995,0.5323756
36996,0.22136533
36997,0.015313257
36998,0.09869268
36999,0.4473522
37000,0.43880332
37001,0.0045825127
37002,0.078675486
37003,0.07640041
37004,0.016768856
37005,0.026195703
37006,0.044067696
37007,0.06081366
37008,0.08191455
37009,0.10593496
37010,0.2566947
37011,0.39533606
37012,0.22411643
37013,0.064011596
37014,0.03074223
37015,0.032505374
37016,0.295943
37017,0.03835429
37018,0.0058401586
37019,0.12076548
37020,0.28337446
37021,0.5063495
37022,0.13213468
37023,0.017520674
37024,0.024618
37025,0.06420407
37026,0.06868099
37027,0.031583562
37028,0.012836515
37029,0.14302301
37030,0.17459534
37031,0.10114022
37032,0.10088322
37033,0.061886083
37034,0.011026202
37035,0.042640377
37036,0.03548012
37037,0.030611554
37038,0.036857985
37039,0.24638958
37040,0.060128275
37041,0.11523249
37042,0.014137789
37043,0.04614776
37044,0.027487556
37045,0.01631551
37046,0.025684306
37047,0.04825509
37048,0.02690639
37049,0.07673845
37050,0.5181067
37051,0.39860627
37052,0.041906282
37053,0.040920906
37054,0.03886156
37055,0.1284421
37056,0.067179754
37057,0.016465498
37058,0.07566013
37059,0.018375136
37060,0.012247003
37061,0.03210593
37062,0.011390325
37063,0.17452952
37064,0.026271189
37065,0.025523115
37066,0.034954187
37067,0.06469548
37068,0.07266417
37069,0.14117236
37070,0.23315486
37071,0.25816384
37072,0.06150296
37073,0.048885647
37074,0.019929338
37075,0.052254096
37076,0.043720484
37077,0.26347536
37078,0.051708434
37079,0.6152342
37080,0.115502894
37081,0.11077533
37082,0.05820127
37083,0.05139806
37084,0.021520866
37085,0.010611086
37086,0.07373887
37087,0.009780112
37088,0.019009057
37089,0.018405374
37090,0.07589249
37091,0.03575538
37092,0.08983526
37093,0.06554983
37094,0.11350251
37095,0.23857167
37096,0.40737998
37097,0.06351141
37098,0.02512365
37099,0.08631892
37100,0.04343163
37101,0.0908638
37102,0.066433184
37103,0.114628755
37104,0.068031184
37105,0.1108001
37106,0.0408097
37107,0.0315468
37108,0.021738604
37109,0.13700105
37110,0.065924704
37111,0.03184806
37112,0.025683971
37113,0.03968271
37114,0.06465117
37115,0.085120365
37116,0.12080172
37117,0.11798815
37118,0.24355549
37119,0.2646042
37120,0.1581696
37121,0.011613763
37122,0.095740564
37123,0.009346596
37124,0.049139626
37125,0.04645888
37126,0.08990255
37127,0.026296679
37128,0.06093082
37129,0.07436337
37130,0.051817317
37131,0.07173387
37132,0.02549063
37133,0.06598419
37134,0.01071265
37135,0.08531973
37136,0.013441725
37137,0.035944812
37138,0.1729698
37139,0.058285378
37140,0.13877098
37141,0.50126714
37142,0.104807705
37143,0.11403425
37144,0.06053146
37145,0.090605095
37146,0.069139674
37147,0.084202796
37148,0.05725518
37149,0.010077009
37150,0.010493695
37151,0.02088743
37152,0.22127001
37153,0.08200822
37154,0.07036327
37155,0.058427352
37156,0.06853209
37157,0.025691407
37158,0.019036995
37159,0.01953518
37160,0.04618836
37161,0.44208676
37162,0.06493493
37163,0.045369826
37164,0.12314617
37165,0.8345689
37166,0.08935089
37167,0.10657715
37168,0.060729697
37169,0.2650349
37170,0.37522078
37171,0.06359542
37172,0.0208343
37173,0.07006166
37174,0.08986038
37175,0.085507914
37176,0.19032973
37177,0.045613352
37178,0.23101172
37179,0.080462754
37180,0.069872566
37181,0.013110284
37182,0.02118118
37183,0.065654464
37184,0.05986274
37185,0.012546852
37186,0.11477088
37187,0.1359536
37188,0.27392042
37189,0.07785909
37190,0.030384691
37191,0.1231861
37192,0.1644961
37193,0.18876295
37194,0.065256655
37195,0.060603943
37196,0.023770241
37197,0.055140425
37198,0.56405365
37199,0.049834155
37200,0.12997702
37201,0.39144912
37202,0.15873502
37203,0.01834793
37204,0.012506239
37205,0.008348415
37206,0.043212567
37207,0.054852836
37208,0.26001224
37209,0.40520802
37210,0.1039731
37211,0.09828223
37212,0.13066997
37213,0.14163367
37214,0.11648536
37215,0.1858813
37216,0.40540978
37217,0.076872006
37218,0.021213183
37219,0.054905444
37220,0.112774
37221,0.05610538
37222,0.2933776
37223,0.9474297
37224,0.07630592
37225,0.3871715
37226,0.013482745
37227,0.046352886
37228,0.2213087
37229,0.010981121
37230,0.041975215
37231,0.07668904
37232,0.017481528
37233,0.06462097
37234,0.53133005
37235,0.073337644
37236,0.082111694
37237,0.26743704
37238,0.121259935
37239,0.20212941
37240,0.28025413
37241,0.30386418
37242,0.028288526
37243,0.27005267
37244,0.1156661
37245,0.11103992
37246,0.9766695
37247,0.40464118
37248,0.3135496
37249,0.024178572
37250,0.11516548
37251,0.07933837
37252,0.025887514
37253,0.023547245
37254,0.047707353
37255,0.0053179865
37256,0.009867682
37257,0.028923443
37258,0.069425
37259,0.11679809
37260,0.09286325
37261,0.101229265
37262,0.08233587
37263,0.13531204
37264,0.10837953
37265,0.030826926
37266,0.09790146
37267,0.28594974
37268,0.0720899
37269,0.972075
37270,0.9220193
37271,0.5498707
37272,0.00221019
37273,0.02416669
37274,0.018307352
37275,0.10396925
37276,0.44466624
37277,0.07167095
37278,0.05801183
37279,0.009821578
37280,0.007200165
37281,0.057935674
37282,0.05776941
37283,0.05327887
37284,0.011856329
37285,0.485766
37286,0.016300416
37287,0.03321462
37288,0.22781608
37289,0.08802531
37290,0.049691163
37291,0.042769726
37292,0.24969015
37293,0.08494319
37294,0.13888748
37295,0.10615008
37296,0.10584834
37297,0.9989155
37298,0.91408896
37299,0.46873423
37300,0.013685426
37301,0.065807275
37302,0.027994059
37303,0.0067686993
37304,0.47334096
37305,0.07981546
37306,0.27857605
37307,0.047201317
37308,0.10925281
37309,0.019418972
37310,0.0876123
37311,0.109766126
37312,0.1376064
37313,0.1503062
37314,0.49008134
37315,0.5203393
37316,0.13040715
37317,0.1282404
37318,0.084252656
37319,0.063145034
37320,0.105662026
37321,0.053375408
37322,0.031247431
37323,0.13893619
37324,0.15659548
37325,0.05976646
37326,0.112257555
37327,0.022641635
37328,0.9292054
37329,1.0454478
37330,0.97938484
37331,0.06198643
37332,0.3404876
37333,0.42145905
37334,0.029666431
37335,0.009303131
37336,0.013474598
37337,0.013736479
37338,0.053619307
37339,0.087327704
37340,0.051847756
37341,0.41490796
37342,0.989883
37343,0.061471365
37344,0.12641352
37345,0.10265875
37346,0.12340883
37347,0.07033383
37348,0.14492123
37349,0.119134024
37350,0.03827649
37351,0.09065921
37352,0.109168746
37353,0.13023959
37354,0.05789572
37355,0.45990008
37356,0.38109985
37357,0.14795545
37358,0.029355362
37359,0.101175964
37360,0.05752772
37361,0.17829546
37362,0.03331058
37363,0.041556593
37364,0.049703304
37365,0.015678674
37366,0.016772766
37367,0.047725137
37368,0.043856375
37369,0.2519465
37370,0.5450927
37371,0.14976522
37372,0.15924832
37373,0.11569835
37374,0.14904486
37375,0.13624467
37376,0.61711365
37377,0.073712535
37378,0.031317197
37379,0.16166572
37380,0.16079748
37381,0.26985887
37382,0.4496443
37383,0.2903732
37384,0.12692773
37385,0.9669214
37386,0.22854286
37387,0.12379504
37388,0.16709584
37389,0.022683794
37390,0.053362593
37391,0.42894715
37392,0.058175348
37393,0.03357299
37394,0.037358053
37395,0.042198755
37396,0.14830272
37397,0.40105003
37398,0.26131865
37399,0.29451552
37400,0.2571181
37401,0.12473783
37402,0.14493121
37403,0.25581202
37404,0.013950483
37405,0.021762684
37406,0.18057325
37407,0.074458435
37408,0.06518747
37409,0.4980978
37410,0.44843456
37411,0.06352919
37412,0.5520407
37413,0.2981127
37414,0.0054444578
37415,0.07572004
37416,0.13398044
37417,0.082509436
37418,0.006872592
37419,0.050208688
37420,0.0876303
37421,0.10979226
37422,0.11225798
37423,0.42488712
37424,0.7697696
37425,0.43660182
37426,0.29812047
37427,0.58383477
37428,0.09145323
37429,0.0207348
37430,0.07389437
37431,0.06438367
37432,0.12080469
37433,0.30225235
37434,0.062032197
37435,0.024132194
37436,0.06405241
37437,0.14845571
37438,0.050914623
37439,0.08120611
37440,0.021365086
37441,0.03669374
37442,0.018518962
37443,0.011938333
37444,0.033523295
37445,0.09153044
37446,0.054445133
37447,0.07477087
37448,0.38746825
37449,0.14618589
37450,0.38266143
37451,0.6222772
37452,0.6391334
37453,0.28511855
37454,0.14009345
37455,0.045105867
37456,0.055713683
37457,0.11567847
37458,0.013372659
37459,0.030508444
37460,0.9493483
37461,0.05753601
37462,0.067919105
37463,0.07640628
37464,0.23461626
37465,0.04794585
37466,0.052911066
37467,0.046260774
37468,0.012903911
37469,0.018895762
37470,0.031032652
37471,0.07985769
37472,0.10176356
37473,0.6010894
37474,0.38902172
37475,0.27716252
37476,1.0786011
37477,0.41921583
37478,0.32343468
37479,0.18055645
37480,0.04353558
37481,0.03239721
37482,0.03742306
37483,0.05696707
37484,0.06994433
37485,0.03440956
37486,0.058523543
37487,0.45135817
37488,0.22681913
37489,0.27507114
37490,0.032215405
37491,0.103784926
37492,0.1322241
37493,0.15436229
37494,0.2627322
37495,0.06873809
37496,0.031359404
37497,0.04164353
37498,0.121105544
37499,1.0100093
37500,0.395615
37501,0.67926294
37502,0.42802352
37503,0.2612676
37504,0.14945017
37505,0.1473586
37506,0.036941674
37507,0.013940045
37508,0.026158918
37509,0.013827317
37510,0.03170349
37511,0.12290666
37512,0.09780804
37513,0.05357096
37514,0.17615893
37515,0.022977335
37516,0.073908485
37517,0.42037064
37518,0.06026985
37519,0.008875008
37520,0.10875226
37521,0.24691938
37522,0.035841737
37523,0.12947728
37524,0.14313397
37525,0.07278267
37526,0.13139662
37527,0.093268804
37528,0.08037494
37529,0.039884426
37530,0.23926151
37531,0.13547584
37532,0.04572801
37533,0.011863396
37534,0.12041995
37535,0.12827998
37536,0.035378866
37537,0.10838883
37538,0.041588325
37539,0.06025531
37540,0.053394604
37541,0.15824263
37542,0.40142864
37543,0.6439625
37544,0.19051687
37545,0.011343559
37546,0.013090131
37547,0.019151943
37548,0.027602108
37549,0.06955045
37550,0.0132470755
37551,0.056705553
37552,0.1215588
37553,0.015960908
37554,0.029181683
37555,0.013483455
37556,0.0122671565
37557,0.022329764
37558,0.07434122
37559,0.09221672
37560,0.38510194
37561,0.012814823
37562,0.013406975
37563,0.05513257
37564,0.0728161
37565,0.09916269
37566,0.41186556
37567,0.18160133
37568,0.013775589
37569,0.011150867
37570,0.24887064
37571,0.016336497
37572,0.07695257
37573,0.25044426
37574,0.061936054
37575,0.012879206
37576,0.00951026
37577,0.29539654
37578,0.020134622
37579,0.025213107
37580,0.12622257
37581,0.057473455
37582,0.043607246
37583,0.028053759
37584,0.057678822
37585,0.13474226
37586,0.030873585
37587,0.02182396
37588,0.03176146
37589,0.043347776
37590,0.0645558
37591,0.253173
37592,0.06525256
37593,0.27939653
37594,0.10168199
37595,0.028518269
37596,0.015088702
37597,0.043757223
37598,0.08180016
37599,0.031084979
37600,0.47709185
37601,0.30179226
37602,0.016534789
37603,0.08892726
37604,0.047323164
37605,0.012050981
37606,0.39578405
37607,0.51037884
37608,0.126683
37609,0.10407827
37610,0.08308514
37611,0.07838324
37612,0.0737296
37613,0.09337665
37614,0.09248476
37615,0.11024472
37616,1.0100666
37617,0.07374891
37618,0.012840282
37619,0.07169293
37620,0.07468172
37621,0.032862954
37622,0.16230033
37623,0.42416838
37624,0.076568775
37625,0.28338087
37626,0.026651397
37627,0.016229384
37628,0.12286494
37629,0.024395056
37630,0.081437975
37631,0.030011255
37632,0.024038902
37633,0.057640776
37634,0.07120797
37635,0.027047988
37636,0.07910715
37637,0.1801229
37638,0.035507552
37639,0.046029303
37640,0.02857458
37641,0.07819665
37642,0.11366969
37643,0.022542112
37644,0.023660544
37645,0.05261581
37646,0.9195387
37647,0.06011295
37648,0.12728997
37649,0.06234919
37650,0.035405323
37651,0.040414657
37652,0.03512854
37653,0.010616504
37654,0.30577084
37655,0.02829645
37656,0.004259081
37657,0.0082802195
37658,0.0574611
37659,0.36554715
37660,0.009770367
37661,0.12768991
37662,0.029990066
37663,0.0040718247
37664,0.047540437
37665,0.28379592
37666,0.03250714
37667,0.021432968
37668,0.019743588
37669,0.031197887
37670,0.034342647
37671,0.14333352
37672,0.06986706
37673,0.016649758
37674,0.07443321
37675,0.25763106
37676,0.11980667
37677,0.09751161
37678,0.06734914
37679,0.028525794
37680,0.05794506
37681,0.093948886
37682,0.2849029
37683,0.15012972
37684,0.008368577
37685,0.02875203
37686,0.0151235005
37687,0.012236516
37688,0.019636404
37689,0.016641755
37690,0.030338744
37691,0.08182194
37692,0.08443785
37693,0.11645059
37694,0.15291815
37695,0.009829236
37696,0.38868526
37697,0.009780751
37698,0.025143879
37699,0.02381477
37700,0.011556615
37701,0.018130135
37702,0.02024487
37703,0.007168139
37704,0.016283814
37705,0.028531339
37706,0.015432839
37707,0.016638095
37708,0.00831325
37709,0.06452223
37710,0.028039169
37711,0.07676106
37712,0.06530561
37713,0.013635821
37714,0.008827825
37715,0.12517188
37716,0.02729949
37717,0.039616153
37718,0.037316997
37719,0.014602599
37720,0.016554123
37721,0.10243428
37722,0.3157163
37723,0.07172022
37724,0.06752162
37725,0.09410351
37726,0.055233743
37727,0.021590982
37728,0.10418117
37729,0.01782223
37730,0.133201
37731,0.15351056
37732,0.02246859
37733,0.013916063
37734,0.03394385
37735,0.02829004
37736,0.029002357
37737,0.012057693
37738,0.043423507
37739,0.13358885
37740,0.08541518
37741,0.004194107
37742,0.28264123
37743,0.021460056
37744,0.023867484
37745,0.014796181
37746,0.03062226
37747,0.050310608
37748,0.030528026
37749,0.039555617
37750,0.011188348
37751,0.009974969
37752,0.15338583
37753,0.2684711
37754,0.02107898
37755,0.119700216
37756,0.020774247
37757,0.036369033
37758,0.028157443
37759,0.018213259
37760,0.037743397
37761,0.04030252
37762,0.03748349
37763,0.039227467
37764,0.031666152
37765,0.024594756
37766,0.08642324
37767,0.029406646
37768,0.035018727
37769,0.026608255
37770,0.38964117
37771,0.036040574
37772,0.0059885895
37773,0.15741503
37774,0.14862633
37775,0.024762526
37776,0.02303924
37777,0.26291513
37778,0.017614018
37779,0.39358646
37780,0.039230857
37781,0.11356562
37782,0.07473857
37783,0.10363939
37784,0.1379182
37785,0.043081522
37786,0.7591351
37787,0.12160787
37788,0.05981537
37789,0.28796467
37790,0.061161615
37791,0.007835782
37792,0.02976871
37793,0.042158175
37794,0.0767266
37795,0.1157049
37796,0.62470734
37797,0.5597479
37798,0.045382787
37799,0.09799469
37800,0.14146554
37801,0.0054655573
37802,0.0450277
37803,0.050594937
37804,0.0677622
37805,0.01076752
37806,0.14191002
37807,0.033669733
37808,0.41167292
37809,0.13163213
37810,0.28549463
37811,0.5515629
37812,0.23402922
37813,0.027304705
37814,0.56632
37815,0.016323945
37816,0.066516675
37817,0.14130607
37818,0.050268285
37819,0.06676715
37820,0.036963377
37821,0.119246215
37822,0.028755108
37823,0.108981505
37824,0.12382198
37825,0.14311461
37826,0.10673188
37827,0.36885205
37828,0.054992046
37829,0.04011745
37830,0.07076274
37831,0.07123532
37832,0.08433998
37833,0.040465243
37834,0.029975973
37835,0.04976777
37836,0.1505185
37837,0.070601724
37838,0.28938508
37839,0.055009864
37840,0.0426845
37841,0.022967514
37842,0.50437045
37843,0.39260322
37844,0.101682924
37845,0.42205855
37846,0.4085257
37847,0.0053293267
37848,0.08657555
37849,0.07392826
37850,0.04454353
37851,0.072847895
37852,0.08064367
37853,0.096689165
37854,0.15206297
37855,0.43673506
37856,0.23132631
37857,0.06328229
37858,0.029407166
37859,0.035135653
37860,0.31714544
37861,0.025362484
37862,0.04370091
37863,0.011720211
37864,0.2596571
37865,0.03901857
37866,0.27778825
37867,0.59535366
37868,0.123837754
37869,0.024842015
37870,0.059793558
37871,0.06947516
37872,0.03331486
37873,0.1309072
37874,0.18637602
37875,0.10531579
37876,0.1128452
37877,0.06285748
37878,0.04608103
37879,0.03353256
37880,0.030327018
37881,0.038327396
37882,0.26092014
37883,0.060596216
37884,0.12129401
37885,0.014293711
37886,0.035738032
37887,0.02884322
37888,0.01529134
37889,0.019994183
37890,0.025520442
37891,0.04880175
37892,0.02598624
37893,0.06557767
37894,0.48817325
37895,0.40492162
37896,0.038573585
37897,0.040189575
37898,0.107296824
37899,0.073815994
37900,0.011905963
37901,0.06722827
37902,0.01708776
37903,0.18764728
37904,0.028631752
37905,0.022905765
37906,0.032587547
37907,0.06123662
37908,0.06800175
37909,0.13345742
37910,0.1563494
37911,0.25245196
37912,0.06282481
37913,0.045130976
37914,0.019259054
37915,0.056175493
37916,0.041750237
37917,0.01340089
37918,0.27639505
37919,0.05208364
37920,0.59274006
37921,0.13014609
37922,0.02121202
37923,0.11351844
37924,0.053092826
37925,0.05256945
37926,0.02000856
37927,0.01097171
37928,0.01106566
37929,0.07307113
37930,0.027659524
37931,0.014690144
37932,0.018555274
37933,0.08233122
37934,0.034050677
37935,0.08461748
37936,0.06005609
37937,0.113555625
37938,0.15628317
37939,0.40997574
37940,0.06296937
37941,0.02459554
37942,0.08924493
37943,0.017398613
37944,0.043930583
37945,0.0090464335
37946,0.103514545
37947,0.066184446
37948,0.11454739
37949,0.072821446
37950,0.116865374
37951,0.046343237
37952,0.058857072
37953,0.03019884
37954,0.12522359
37955,0.009527944
37956,0.06656887
37957,0.028826313
37958,0.024392337
37959,0.037483897
37960,0.06431181
37961,0.078549206
37962,0.12623464
37963,0.11215584
37964,0.24096847
37965,0.26268306
37966,0.15625331
37967,0.010583059
37968,0.09632065
37969,0.014166547
37970,0.051121764
37971,0.047185507
37972,0.09193701
37973,0.028515829
37974,0.021314194
37975,0.0637675
37976,0.06822457
37977,0.056418963
37978,0.075239204
37979,0.028167348
37980,0.06738788
37981,0.0026988497
37982,0.07830648
37983,0.011559066
37984,0.039763484
37985,0.25519046
37986,0.06505832
37987,0.12645014
37988,0.55320174
37989,0.1208743
37990,0.11360242
37991,0.06364304
37992,0.08189004
37993,0.078244895
37994,0.080789976
37995,0.05554783
37996,0.009910969
37997,0.02031986
37998,0.29416266
37999,0.0767122
38000,0.06946868
38001,0.061678726
38002,0.06460312
38003,0.021204213
38004,0.027696056
38005,0.017408429
38006,0.016485093
38007,0.049757864
38008,0.4859355
38009,0.066924416
38010,0.041907877
38011,0.105572045
38012,0.77752507
38013,0.10405636
38014,0.015084656
38015,0.11645084
38016,0.06608864
38017,0.25163558
38018,0.38362488
38019,0.06233759
38020,0.019177767
38021,0.06574355
38022,0.07922817
38023,0.08165018
38024,0.1624901
38025,0.047454625
38026,0.14211804
38027,0.087722525
38028,0.072801016
38029,0.015279184
38030,0.021712964
38031,0.06408196
38032,0.06271841
38033,0.01621349
38034,0.12128152
38035,0.1314621
38036,0.274734
38037,0.08212292
38038,0.033646446
38039,0.118796654
38040,0.16742687
38041,0.26299798
38042,0.059479184
38043,0.061389692
38044,0.020391004
38045,0.054480366
38046,0.5633714
38047,0.05156267
38048,0.13778609
38049,0.39199537
38050,0.15335025
38051,0.015137417
38052,0.014687007
38053,0.007637208
38054,0.046408165
38055,0.051386278
38056,0.26016116
38057,0.39390382
38058,0.09864874
38059,0.09338477
38060,0.14766383
38061,0.14540571
38062,0.121983685
38063,0.181944
38064,0.40684065
38065,0.07099923
38066,0.050646152
38067,0.11336604
38068,0.04978041
38069,0.19429548
38070,0.98897165
38071,0.07317423
38072,0.3773313
38073,0.03813715
38074,0.2136963
38075,0.010658224
38076,0.047062498
38077,0.07730149
38078,0.01546275
38079,0.07023867
38080,0.5102265
38081,0.067424975
38082,0.08363448
38083,0.26117823
38084,0.14531614
38085,0.19245744
38086,0.2698523
38087,0.30100596
38088,0.031238321
38089,0.16590734
38090,0.12844823
38091,0.12652624
38092,0.9028271
38093,0.41754764
38094,0.32443222
38095,0.025577415
38096,0.106407166
38097,0.07326265
38098,0.017153934
38099,0.049864303
38100,0.006643386
38101,0.012354271
38102,0.031306323
38103,0.06851045
38104,0.10469224
38105,0.08637489
38106,0.10384357
38107,0.07719997
38108,0.1402094
38109,0.11333626
38110,0.028936075
38111,0.100511454
38112,0.17289533
38113,0.016255295
38114,0.06964442
38115,0.99704427
38116,0.986781
38117,0.4846929
38118,0.0040065283
38119,0.019333513
38120,0.017527707
38121,0.10343456
38122,0.4704887
38123,0.075969934
38124,0.06427559
38125,0.0061593717
38126,0.009279742
38127,0.051588554
38128,0.06241782
38129,0.057918042
38130,0.011778234
38131,0.43530542
38132,0.01812262
38133,0.035448365
38134,0.10077676
38135,0.098398656
38136,0.047932453
38137,0.039640073
38138,0.23654418
38139,0.08720328
38140,0.15051304
38141,0.105892174
38142,0.11706508
38143,1.0031569
38144,0.9736066
38145,0.50908136
38146,0.09068976
38147,0.029146215
38148,0.4490171
38149,0.07051025
38150,0.27187693
38151,0.047866873
38152,0.11015721
38153,0.015405699
38154,0.103065014
38155,0.10489972
38156,0.12838086
38157,0.17263432
38158,0.49401
38159,0.5284734
38160,0.1464534
38161,0.1316066
38162,0.0859765
38163,0.058133084
38164,0.097087696
38165,0.060466003
38166,0.029638119
38167,0.025349963
38168,0.11619102
38169,0.14883688
38170,0.062005207
38171,0.112186916
38172,0.024535827
38173,0.97043043
38174,0.991487
38175,0.97829
38176,0.06855682
38177,0.24539132
38178,0.4605179
38179,0.027606228
38180,0.0077375798
38181,0.049049303
38182,0.09591415
38183,0.058404054
38184,0.46066463
38185,1.0318052
38186,0.07499729
38187,0.120953634
38188,0.10604211
38189,0.12368137
38190,0.07247808
38191,0.14344296
38192,0.11310412
38193,0.04077823
38194,0.08909452
38195,0.10833831
38196,0.12055723
38197,0.061446656
38198,0.025073543
38199,0.43279025
38200,0.26503637
38201,0.13659844
38202,0.074263535
38203,0.03007262
38204,0.11049514
38205,0.07703246
38206,0.17920335
38207,0.03408756
38208,0.043500192
38209,0.049678497
38210,0.013567847
38211,0.019503815
38212,0.04832344
38213,0.050461594
38214,0.23560266
38215,0.61614716
38216,0.14690642
38217,0.27174854
38218,0.13057478
38219,0.14091097
38220,0.15817046
38221,0.5867662
38222,0.07159308
38223,0.032093305
38224,0.16716667
38225,0.16098058
38226,0.38654384
38227,0.4519228
38228,0.2802484
38229,0.13432007
38230,1.0294174
38231,0.21777707
38232,0.13080548
38233,0.24666426
38234,0.02005981
38235,0.05249862
38236,0.45062253
38237,0.0607275
38238,0.038701523
38239,0.038909823
38240,0.04955424
38241,0.13502702
38242,0.4392032
38243,0.2718416
38244,0.5885996
38245,0.27544618
38246,0.12352291
38247,0.14476268
38248,0.2568091
38249,0.015421797
38250,0.17132457
38251,0.073057584
38252,0.05879438
38253,0.43156788
38254,0.2714023
38255,0.05870228
38256,0.5240566
38257,0.28305486
38258,0.08343934
38259,0.1297251
38260,0.06950693
38261,0.046670146
38262,0.029029785
38263,0.050541773
38264,0.08752377
38265,0.10745773
38266,0.11769316
38267,0.433096
38268,0.70295435
38269,0.44533002
38270,0.2886275
38271,0.5735445
38272,0.091676466
38273,0.019982891
38274,0.075124666
38275,0.058660828
38276,0.13115303
38277,0.29190233
38278,0.057278506
38279,0.031131046
38280,0.051581915
38281,0.14986703
38282,0.01630764
38283,0.05506188
38284,0.08557585
38285,0.020698382
38286,0.017141601
38287,0.035758454
38288,0.0105281705
38289,0.03423976
38290,0.08573997
38291,0.054640956
38292,0.08245706
38293,0.25670883
38294,0.25984097
38295,0.3875918
38296,0.6524637
38297,0.6429185
38298,0.29289088
38299,0.14290673
38300,0.044655304
38301,0.019331891
38302,0.054617316
38303,0.1268949
38304,0.034779444
38305,0.99692786
38306,0.06365363
38307,0.018329306
38308,0.06696376
38309,0.07813039
38310,0.32314703
38311,0.04504703
38312,0.05076952
38313,0.019542051
38314,0.04437189
38315,0.016460331
38316,0.030297749
38317,0.086799145
38318,0.09836104
38319,0.6596979
38320,0.3681827
38321,0.25422642
38322,1.0667566
38323,0.3989453
38324,0.33108884
38325,0.17744541
38326,0.037232228
38327,0.031163054
38328,0.03365179
38329,0.060645703
38330,0.071184255
38331,0.03374875
38332,0.055432945
38333,0.43284228
38334,0.23491478
38335,0.2730721
38336,0.036542643
38337,0.2425668
38338,0.14178045
38339,0.15847078
38340,0.18089849
38341,0.063605644
38342,0.03376762
38343,0.03937812
38344,0.12824313
38345,0.9991287
38346,0.38070774
38347,0.71249986
38348,0.395385
38349,0.28259063
38350,0.17031515
38351,0.14209065
38352,0.012007874
38353,0.022962717
38354,0.012667998
38355,0.013384036
38356,0.12386014
38357,0.093340315
38358,0.06510437
38359,0.3026603
38360,0.02893424
38361,0.08369034
38362,0.3005469
38363,0.05863531
38364,0.00892613
38365,0.009269682
38366,0.10311285
38367,0.24343447
38368,0.038198642
38369,0.118214846
38370,0.16216789
38371,0.0712701
38372,0.13201946
38373,0.029393043
38374,0.09595218
38375,0.07538489
38376,0.046179455
38377,0.25660452
38378,0.12380884
38379,0.045889873
38380,0.007861401
38381,0.1269538
38382,0.015954679
38383,0.1204181
38384,0.038830336
38385,0.03778318
38386,0.11645024
38387,0.0351548
38388,0.057034414
38389,0.05299742
38390,0.19099833
38391,0.2764628
38392,0.6415578
38393,0.18351275
38394,0.013141632
38395,0.019424776
38396,0.026114121
38397,0.06947249
38398,0.013908291
38399,0.061819118
38400,0.11866142
38401,0.013940994
38402,0.025634238
38403,0.01761039
38404,0.031813167
38405,0.07484843
38406,0.09010136
38407,0.404836
38408,0.010916517
38409,0.015184199
38410,0.058780238
38411,0.06389595
38412,0.10239612
38413,0.4150218
38414,0.182477
38415,0.011332049
38416,0.24830608
38417,0.080771565
38418,0.14513072
38419,0.060950607
38420,0.012976319
38421,0.29762977
38422,0.02578835
38423,0.13108361
38424,0.059976824
38425,0.03761874
38426,0.016268767
38427,0.02591064
38428,0.061438978
38429,0.26838917
38430,0.03400289
38431,0.017749373
38432,0.03492404
38433,0.039369334
38434,0.07724418
38435,0.2687109
38436,0.061445042
38437,0.18714103
38438,0.10270577
38439,0.029362913
38440,0.044769917
38441,0.031818364
38442,0.45454767
38443,0.41538438
38444,0.015451548
38445,0.096705936
38446,0.04636242
38447,0.011024002
38448,0.37869954
38449,0.5233312
38450,0.12885268
38451,0.11586535
38452,0.014231906
38453,0.086581014
38454,0.078640305
38455,0.074237786
38456,0.1059477
38457,0.09129153
38458,0.10181521
38459,1.0213654
38460,0.08300861
38461,0.0169579
38462,0.07550441
38463,0.080124
38464,0.014952327
38465,0.031839516
38466,0.16977549
38467,0.49777618
38468,0.06812528
38469,0.24384725
38470,0.027693817
38471,0.12851027
38472,0.011604371
38473,0.023259895
38474,0.07885868
38475,0.027128385
38476,0.028510971
38477,0.058824375
38478,0.07855658
38479,0.028752293
38480,0.07913645
38481,0.015315572
38482,0.016044974
38483,0.17936783
38484,0.040611647
38485,0.041707106
38486,0.08705121
38487,0.11128403
38488,0.022050964
38489,0.05164509
38490,0.9511921
38491,0.06051309
38492,0.13453822
38493,0.06434438
38494,0.042453405
38495,0.04151845
38496,0.044562932
38497,0.011378797
38498,0.28772476
38499,0.0238157
38500,0.009328865
38501,0.01795944
38502,0.059688687
38503,0.36220908
38504,0.01813696
38505,0.12736344
38506,0.042109955
38507,0.049652208
38508,0.35437244
38509,0.032095738
38510,0.02210488
38511,0.020551326
38512,0.03696678
38513,0.033401486
38514,0.14621687
38515,0.07491755
38516,0.017227143
38517,0.0763347
38518,0.26363343
38519,0.10723486
38520,0.10203514
38521,0.0725804
38522,0.025792602
38523,0.063240685
38524,0.016476603
38525,0.07867451
38526,0.1751503
38527,0.2402758
38528,0.010411759
38529,0.030356036
38530,0.013853565
38531,0.011347903
38532,0.022495173
38533,0.017600855
38534,0.017315766
38535,0.034872
38536,0.08403303
38537,0.07328893
38538,0.10155838
38539,0.16309918
38540,0.31228867
38541,0.026207525
38542,0.010740047
38543,0.019284327
38544,0.023897864
38545,0.010253677
38546,0.012575736
38547,0.07589844
38548,0.027846953
38549,0.093917005
38550,0.06732385
38551,0.021476265
38552,0.125689
38553,0.025867235
38554,0.04499606
38555,0.01343216
38556,0.039479982
38557,0.019341893
38558,0.10055348
38559,0.31046045
38560,0.07510181
38561,0.067820795
38562,0.09150805
38563,0.06088143
38564,0.023521852
38565,0.10483192
38566,0.01720678
38567,0.1266173
38568,0.15976061
38569,0.019350126
38570,0.040138748
38571,0.03865181
38572,0.027548738
38573,0.029596357
38574,0.010326348
38575,0.036118053
38576,0.13657305
38577,0.08543655
38578,0.043735664
38579,0.18168092
38580,0.027173117
38581,0.050222643
38582,0.027554842
38583,0.03898974
38584,0.03431108
38585,0.15042119
38586,0.196029
38587,0.020381244
38588,0.11449066
38589,0.01623364
38590,0.023406817
38591,0.033102617
38592,0.010918436
38593,0.023077147
38594,0.03652719
38595,0.032565188
38596,0.010963683
38597,0.020445367
38598,0.03776567
38599,0.019038511
38600,0.07485431
38601,0.029073425
38602,0.02131902
38603,0.39942127
38604,0.02075525
38605,0.02031849
38606,0.2536087
38607,0.2673352
38608,0.017441545
38609,0.014997345
38610,0.22602172
38611,0.054533742
38612,0.4001632
38613,0.03293037
38614,0.26224083
38615,0.055757508
38616,0.0053532748
38617,0.009457927
38618,0.0082565155
38619,0.098721966
38620,0.9260435
38621,0.27300903
38622,0.046344332
38623,0.43859538
38624,0.046043165
38625,0.018548395
38626,0.012132432
38627,0.057273127
38628,0.14393292
38629,0.5136614
38630,0.54816353
38631,0.013143784
38632,0.04660375
38633,0.23474921
38634,0.14029226
38635,0.04387965
38636,0.039883047
38637,0.056091476
38638,0.01310725
38639,0.15331449
38640,0.433223
38641,0.23125426
38642,0.28604642
38643,0.61424404
38644,0.12048861
38645,0.022649452
38646,0.47142553
38647,0.06284853
38648,0.14245005
38649,0.032286007
38650,0.038991407
38651,0.034302905
38652,0.09855051
38653,0.09602006
38654,0.14215791
38655,0.119418085
38656,0.024759607
38657,0.09350903
38658,0.3790488
38659,0.04785472
38660,0.064708285
38661,0.048618477
38662,0.07586251
38663,0.039280027
38664,0.06309886
38665,0.15348975
38666,0.28501493
38667,0.05120254
38668,0.06003791
38669,0.03673444
38670,0.022714099
38671,0.5156326
38672,0.155653
38673,0.08698346
38674,0.43270525
38675,0.42764023
38676,0.077111326
38677,0.07080015
38678,0.018004727
38679,0.014406501
38680,0.030420486
38681,0.08473194
38682,0.10464435
38683,0.23872079
38684,0.4477914
38685,0.21986647
38686,0.05309945
38687,0.0075844415
38688,0.03206648
38689,0.2864171
38690,0.019377612
38691,0.037371036
38692,0.113562174
38693,0.035585914
38694,0.025296751
38695,0.26979956
38696,0.5287048
38697,0.1417269
38698,0.02519876
38699,0.056546092
38700,0.055892773
38701,0.008401757
38702,0.0143340705
38703,0.03159921
38704,0.13281475
38705,0.17055841
38706,0.09851561
38707,0.09030063
38708,0.04595614
38709,0.034462143
38710,0.04351698
38711,0.27412558
38712,0.073088214
38713,0.11430667
38714,0.016255505
38715,0.046534494
38716,0.031755663
38717,0.019732283
38718,0.017686326
38719,0.021856686
38720,0.040664826
38721,0.02436143
38722,0.05678384
38723,0.5487994
38724,0.40754545
38725,0.035963345
38726,0.03658066
38727,0.026781801
38728,0.092478625
38729,0.06165897
38730,0.0610392
38731,0.014075433
38732,0.03044313
38733,0.1689391
38734,0.029619217
38735,0.026622524
38736,0.03619598
38737,0.06389549
38738,0.07099178
38739,0.14802659
38740,0.2668843
38741,0.24266395
38742,0.06955891
38743,0.048347965
38744,0.01814927
38745,0.051539175
38746,0.038626947
38747,0.010179466
38748,0.27771235
38749,0.042979408
38750,0.5697588
38751,0.09326415
38752,0.09901763
38753,0.04658923
38754,0.03788587
38755,0.056657813
38756,0.026334016
38757,0.01840285
38758,0.019903345
38759,0.020141756
38760,0.082326025
38761,0.041121855
38762,0.099816486
38763,0.0626329
38764,0.1205748
38765,0.16830406
38766,0.4292014
38767,0.069921516
38768,0.02603837
38769,0.08382959
38770,0.014534398
38771,0.03719249
38772,0.10364428
38773,0.06376945
38774,0.10254585
38775,0.04029027
38776,0.10373375
38777,0.049321815
38778,0.028698381
38779,0.017141834
38780,0.14405157
38781,0.008729701
38782,0.024034247
38783,0.062051862
38784,0.023530634
38785,0.024685647
38786,0.039280616
38787,0.065841675
38788,0.07752724
38789,0.12753421
38790,0.11247081
38791,0.186978
38792,0.26455742
38793,0.2778789
38794,0.014024429
38795,0.094948865
38796,0.050219577
38797,0.04021331
38798,0.07651873
38799,0.052614197
38800,0.052756883
38801,0.049072683
38802,0.06642493
38803,0.024649488
38804,0.060739998
38805,0.078461275
38806,0.017682506
38807,0.04146906
38808,0.2817841
38809,0.06321972
38810,0.15753469
38811,0.34131467
38812,0.12309373
38813,0.11147179
38814,0.06525548
38815,0.078956805
38816,0.06626495
38817,0.09073072
38818,0.045094643
38819,0.008195789
38820,0.018444855
38821,0.27531582
38822,0.075862914
38823,0.062237754
38824,0.06483087
38825,0.06444385
38826,0.021486733
38827,0.020835739
38828,0.043359794
38829,0.40585852
38830,0.07359332
38831,0.043263532
38832,0.11806919
38833,0.94597644
38834,0.10263309
38835,0.019600082
38836,0.11469747
38837,0.07149545
38838,0.17305095
38839,0.38877544
38840,0.05552847
38841,0.017660841
38842,0.055789202
38843,0.043151952
38844,0.10173933
38845,0.16915615
38846,0.04221419
38847,0.15271422
38848,0.07499427
38849,0.065495946
38850,0.012272912
38851,0.021120554
38852,0.072199605
38853,0.0725448
38854,0.01774706
38855,0.123831935
38856,0.1515795
38857,0.29558632
38858,0.08507697
38859,0.035993524
38860,0.098893076
38861,0.14355518
38862,0.16503271
38863,0.059384864
38864,0.053580616
38865,0.02256716
38866,0.009727767
38867,0.062815405
38868,0.5635313
38869,0.045889206
38870,0.14449441
38871,0.38711572
38872,0.12533505
38873,0.015145243
38874,0.010343914
38875,0.04293319
38876,0.056102827
38877,0.39847973
38878,0.2676261
38879,0.1240103
38880,0.10589754
38881,0.15101348
38882,0.15415071
38883,0.1293336
38884,0.18069123
38885,0.3953508
38886,0.07558717
38887,0.042608928
38888,0.10061955
38889,0.046107117
38890,0.26841748
38891,1.0050238
38892,0.2948684
38893,0.013442205
38894,0.21641353
38895,0.19584548
38896,0.015370493
38897,0.013897436
38898,0.044338107
38899,0.0828461
38900,0.02179349
38901,0.05173533
38902,0.55524755
38903,0.065233365
38904,0.086897574
38905,0.27569884
38906,0.14208207
38907,0.18898652
38908,0.40054116
38909,0.15628172
38910,0.02737283
38911,0.16831413
38912,0.11505003
38913,0.11363183
38914,0.9079894
38915,0.29236567
38916,0.29346022
38917,0.02028192
38918,0.13346162
38919,0.055717677
38920,0.018504903
38921,0.008484344
38922,0.062306285
38923,0.010463595
38924,0.012317876
38925,0.040692225
38926,0.07675698
38927,0.10637241
38928,0.10350461
38929,0.12101698
38930,0.077324405
38931,0.1304392
38932,0.101573825
38933,0.091595784
38934,0.27611524
38935,0.01430645
38936,0.05859747
38937,0.9469935
38938,1.013372
38939,0.53478867
38940,0.013944093
38941,0.10892914
38942,0.44309244
38943,0.07763845
38944,0.059731912
38945,0.053171705
38946,0.0713886
38947,0.053360946
38948,0.013416333
38949,0.4811022
38950,0.021285255
38951,0.042979427
38952,0.1142759
38953,0.11306293
38954,0.05204012
38955,0.033720452
38956,0.25612807
38957,0.075948656
38958,0.13989735
38959,0.09902357
38960,0.10156305
38961,0.9637019
38962,0.9126734
38963,0.5307966
38964,0.056046523
38965,0.023384204
38966,0.518778
38967,0.075903066
38968,0.27104717
38969,0.043684352
38970,0.11297541
38971,0.022971142
38972,0.11349478
38973,0.112064496
38974,0.15350172
38975,0.14415859
38976,0.49197346
38977,0.6198219
38978,0.13945217
38979,0.14976226
38980,0.09228444
38981,0.06591958
38982,0.0941782
38983,0.050022945
38984,0.027156364
38985,0.12156414
38986,0.154308
38987,0.051029146
38988,0.109149896
38989,0.022831364
38990,1.0300561
38991,1.0055841
38992,1.002662
38993,0.055237547
38994,0.06597
38995,0.24745665
38996,0.009024976
38997,0.4397436
38998,0.021805141
38999,0.018613772
39000,0.056433134
39001,0.106844544
39002,0.05227982
39003,0.4274792
39004,1.0115296
39005,0.06868013
39006,0.1349984
39007,0.11255932
39008,0.13205478
39009,0.062299024
39010,0.25754848
39011,0.098701954
39012,0.03451577
39013,0.08249771
39014,0.09973588
39015,0.11485541
39016,0.048497174
39017,0.020665605
39018,0.29913846
39019,0.2665301
39020,0.13463216
39021,0.10187193
39022,0.070199326
39023,0.16263875
39024,0.025237883
39025,0.034320313
39026,0.018508153
39027,0.052093234
39028,0.05022856
39029,0.3951537
39030,0.6632563
39031,0.14133583
39032,0.14869466
39033,0.24028844
39034,0.1397353
39035,0.13585667
39036,0.62137324
39037,0.069245584
39038,0.027975313
39039,0.02961478
39040,0.15108956
39041,0.13320744
39042,0.38626933
39043,0.30645335
39044,0.19376817
39045,0.1140061
39046,1.0005567
39047,0.119752176
39048,0.24225682
39049,0.17019741
39050,0.021685857
39051,0.048880283
39052,0.31353718
39053,0.07053694
39054,0.03989846
39055,0.04139915
39056,0.04918672
39057,0.15929902
39058,0.45119867
39059,0.27137673
39060,0.30368736
39061,0.28530052
39062,0.14190798
39063,0.15107743
39064,0.25014028
39065,0.020745797
39066,0.16016816
39067,0.07344986
39068,0.043268003
39069,0.47779173
39070,0.2760677
39071,0.04858418
39072,0.5181118
39073,0.2858762
39074,0.08438698
39075,0.13226096
39076,0.073891945
39077,0.036399815
39078,0.031025281
39079,0.054471694
39080,0.088844545
39081,0.12045103
39082,0.122630976
39083,0.4555623
39084,0.7881124
39085,0.47613093
39086,0.40157437
39087,0.54716986
39088,0.09057226
39089,0.016462829
39090,0.064807415
39091,0.064630434
39092,0.1309811
39093,0.2799761
39094,0.06371961
39095,0.022794781
39096,0.047202665
39097,0.15048704
39098,0.047233384
39099,0.09120558
39100,0.016711691
39101,0.034945663
39102,0.018226253
39103,0.012657418
39104,0.03289411
39105,0.09580104
39106,0.054421157
39107,0.079833195
39108,0.42016086
39109,0.26943567
39110,0.35671955
39111,0.7184271
39112,0.65717906
39113,0.28886867
39114,0.121234626
39115,0.03578469
39116,0.018865712
39117,0.04620646
39118,0.10645947
39119,0.028090745
39120,0.9652517
39121,0.051734768
39122,0.015051576
39123,0.052788083
39124,0.053525787
39125,0.35723087
39126,0.040441073
39127,0.049039517
39128,0.012547275
39129,0.039342184
39130,0.01571122
39131,0.015721802
39132,0.03176854
39133,0.09303461
39134,0.12036891
39135,0.58302516
39136,0.41507614
39137,0.4292493
39138,1.0065908
39139,0.42420763
39140,0.2877675
39141,0.164377
39142,0.027074188
39143,0.03501385
39144,0.04701542
39145,0.05267737
39146,0.033763457
39147,0.05559106
39148,0.4480591
39149,0.11094436
39150,0.26540077
39151,0.026918128
39152,0.10668042
39153,0.13203974
39154,0.14740683
39155,0.1408396
39156,0.054484162
39157,0.029576786
39158,0.009211579
39159,0.04487193
39160,0.1465614
39161,1.0051944
39162,0.38603306
39163,0.73241997
39164,0.4287835
39165,0.25277054
39166,0.15144174
39167,0.098225564
39168,0.01094213
39169,0.022397928
39170,0.011125997
39171,0.06056544
39172,0.13053839
39173,0.09398572
39174,0.048170097
39175,0.19163801
39176,0.021015693
39177,0.073726036
39178,0.29522496
39179,0.057699867
39180,0.100699134
39181,0.27105585
39182,0.13251562
39183,0.1492579
39184,0.06357014
39185,0.14400992
39186,0.10232155
39187,0.08342692
39188,0.037937533
39189,0.116054736
39190,0.115940996
39191,0.007625671
39192,0.11596238
39193,0.010432396
39194,0.10440301
39195,0.03828333
39196,0.03698977
39197,0.11882634
39198,0.0403369
39199,0.06547521
39200,0.057876542
39201,0.1786525
39202,0.27973548
39203,0.57770324
39204,0.16155303
39205,0.011812758
39206,0.017637676
39207,0.017812043
39208,0.03062926
39209,0.0594433
39210,0.05621392
39211,0.118241526
39212,0.017215943
39213,0.028872484
39214,0.01577698
39215,0.010953893
39216,0.024250096
39217,0.07123093
39218,0.09466391
39219,0.42808113
39220,0.01587985
39221,0.01705569
39222,0.055389505
39223,0.0745702
39224,0.095537946
39225,0.46999705
39226,0.17011824
39227,0.013866423
39228,0.2608469
39229,0.030015228
39230,0.013973443
39231,0.065909944
39232,0.15118961
39233,0.009863388
39234,0.28318456
39235,0.027534679
39236,0.15091923
39237,0.06316231
39238,0.048652947
39239,0.016316524
39240,0.028284451
39241,0.06402845
39242,0.4071483
39243,0.030137552
39244,0.0134759415
39245,0.023722429
39246,0.04010965
39247,0.06278414
39248,0.16373503
39249,0.054565765
39250,0.27520657
39251,0.091243275
39252,0.027520265
39253,0.048284665
39254,0.04911217
39255,0.026334722
39256,0.28216457
39257,0.39785498
39258,0.09529319
39259,0.05123179
39260,0.41562992
39261,0.6253738
39262,0.12848713
39263,0.11213357
39264,0.01370712
39265,0.07886818
39266,0.052037727
39267,0.053478353
39268,0.10262362
39269,0.0863343
39270,0.10632075
39271,0.9450628
39272,0.07379384
39273,0.07044629
39274,0.064451605
39275,0.032911163
39276,0.1426257
39277,0.49983063
39278,0.06725632
39279,0.1598943
39280,0.02025266
39281,0.113422126
39282,0.02476207
39283,0.088228256
39284,0.032179542
39285,0.0070285103
39286,0.029321162
39287,0.052286405
39288,0.067520134
39289,0.027777063
39290,0.07163184
39291,0.01054058
39292,0.01406316
39293,0.18151477
39294,0.04121001
39295,0.03982233
39296,0.027808283
39297,0.07377202
39298,0.096134715
39299,0.04323811
39300,0.93116325
39301,0.045563877
39302,0.1228297
39303,0.046053458
39304,0.029407723
39305,0.046015773
39306,0.04519535
39307,0.01608074
39308,0.017424356
39309,0.29151022
39310,0.023292955
39311,0.008224898
39312,0.011639801
39313,0.12574033
39314,0.016293567
39315,0.111989655
39316,0.036985453
39317,0.041088384
39318,0.37763175
39319,0.016510798
39320,0.016499726
39321,0.018460734
39322,0.036602106
39323,0.027804315
39324,0.11893778
39325,0.053449456
39326,0.009992713
39327,0.0052711978
39328,0.06496828
39329,0.25205272
39330,0.09537465
39331,0.07960644
39332,0.07550592
39333,0.025386842
39334,0.057320677
39335,0.06329016
39336,0.27027288
39337,0.13827787
39338,0.011839632
39339,0.013467942
39340,0.011511147
39341,0.009716387
39342,0.012999157
39343,0.01473517
39344,0.015260879
39345,0.022500172
39346,0.060712937
39347,0.052834246
39348,0.107282005
39349,0.16159353
39350,0.29446495
39351,0.022125034
39352,0.022542829
39353,0.013562933
39354,0.01691986
39355,0.017916616
39356,0.013118676
39357,0.026828935
39358,0.014018561
39359,0.011063206
39360,0.0062068547
39361,0.06352478
39362,0.053128414
39363,0.012372594
39364,0.057172228
39365,0.117448725
39366,0.040063098
39367,0.029838499
39368,0.015925921
39369,0.10544788
39370,0.011640574
39371,0.4273886
39372,0.05706161
39373,0.058026593
39374,0.0762838
39375,0.0150834685
39376,0.036449064
39377,0.020598542
39378,0.0074923756
39379,0.110911295
39380,0.015500744
39381,0.11793257
39382,0.15784667
39383,0.035180934
39384,0.03401812
39385,0.023484692
39386,0.012807699
39387,0.007956379
39388,0.03172387
39389,0.0065239705
39390,0.113431916
39391,0.06825796
39392,0.18206169
39393,0.021463702
39394,0.023012243
39395,0.04278111
39396,0.024339473
39397,0.014449479
39398,0.030094907
39399,0.029079475
39400,0.28221563
39401,0.26830962
39402,0.020943318
39403,0.11611708
39404,0.014696972
39405,0.020678971
39406,0.03357775
39407,0.019661274
39408,0.022567378
39409,0.015655104
39410,0.040893454
39411,0.03204642
39412,0.014762598
39413,0.034964595
39414,0.031080931
39415,0.06997119
39416,0.024141394
39417,0.032824717
39418,0.022840533
39419,0.2730635
39420,0.040349156
39421,0.012401421
39422,0.0239625
39423,0.11442693
39424,0.26337674
39425,0.01631997
39426,0.012701074
39427,0.2485933
39428,0.013408999
39429,0.2742254
39430,0.2668435
39431,0.061396547
39432,0.020411918
39433,-0.0011517666
39434,0.0073377327
39435,0.0064820414
39436,0.10172042
39437,0.04090584
39438,0.8782901
39439,0.11856546
39440,0.04823809
39441,0.2790603
39442,0.046981953
39443,0.0044246526
39444,0.019621562
39445,0.057150673
39446,0.111083545
39447,0.54317427
39448,0.49645185
39449,0.023501135
39450,0.06681542
39451,0.108159915
39452,0.2738672
39453,0.004541378
39454,0.045438442
39455,0.040137574
39456,0.044499435
39457,0.14133444
39458,0.45860928
39459,0.16636895
39460,0.271967
39461,0.6111862
39462,0.24982959
39463,0.021556878
39464,0.5034159
39465,0.07076792
39466,0.12739319
39467,0.045339793
39468,0.038357593
39469,0.034110352
39470,0.08596038
39471,0.10155545
39472,0.1421222
39473,0.15636696
39474,0.100292295
39475,0.37625605
39476,0.048019763
39477,0.02456458
39478,0.052615147
39479,0.05435991
39480,0.07603673
39481,0.032765396
39482,0.028182914
39483,0.02977586
39484,0.057813246
39485,0.11222649
39486,0.17035535
39487,0.03684271
39488,0.011168702
39489,0.49933028
39490,0.15669225
39491,0.2183535
39492,0.4725516
39493,0.39525545
39494,0.004077267
39495,0.074469365
39496,0.07180942
39497,0.016590977
39498,0.03864532
39499,0.07401354
39500,0.089368306
39501,0.09704941
39502,0.14383593
39503,0.40543684
39504,0.016021969
39505,0.21942796
39506,0.05214982
39507,0.033790994
39508,0.29964986
39509,0.033709086
39510,0.11401679
39511,0.034546528
39512,0.13772899
39513,0.49088407
39514,0.13103282
39515,0.016707152
39516,0.019779593
39517,0.058566947
39518,0.055752132
39519,0.0158503
39520,0.029289128
39521,0.12545508
39522,0.15728265
39523,0.1015268
39524,0.09460825
39525,0.048528317
39526,0.040330753
39527,0.03507509
39528,0.035669126
39529,0.043055695
39530,0.16175547
39531,0.07069662
39532,0.11690618
39533,0.016422171
39534,0.0464853
39535,0.029051626
39536,0.014005949
39537,0.023430457
39538,0.044150136
39539,0.021171534
39540,0.067280754
39541,0.49270758
39542,0.40553
39543,0.035123345
39544,0.035052
39545,0.094256766
39546,0.05766974
39547,0.01678495
39548,0.05823746
39549,0.028278219
39550,0.15984328
39551,0.031947628
39552,0.026302326
39553,0.035528544
39554,0.0038269404
39555,0.06599589
39556,0.07052097
39557,0.24584319
39558,0.37321615
39559,0.2455932
39560,0.06625004
39561,0.044594903
39562,0.018116297
39563,0.048514146
39564,0.040012937
39565,0.0071032173
39566,0.36458176
39567,0.04203956
39568,0.59810495
39569,0.09850411
39570,0.009871146
39571,0.10751606
39572,0.049863532
39573,0.048952878
39574,0.007563281
39575,0.055224307
39576,0.028928198
39577,0.017166628
39578,0.021806069
39579,0.01969631
39580,0.08491348
39581,0.035946388
39582,0.0927572
39583,0.065886796
39584,0.117316395
39585,0.2598645
39586,0.41962528
39587,0.070460685
39588,0.0784431
39589,0.015098788
39590,0.039595414
39591,0.09546783
39592,0.05456127
39593,0.10978806
39594,0.04768055
39595,0.10757679
39596,0.04122546
39597,0.012974572
39598,0.018370302
39599,0.1386551
39600,0.008805902
39601,0.051508393
39602,0.026118157
39603,0.026732828
39604,0.046216283
39605,0.06596271
39606,0.07956218
39607,0.12519076
39608,0.11127741
39609,0.26914126
39610,0.257998
39611,0.17138618
39612,0.01410912
39613,0.08913027
39614,0.010961925
39615,0.049905546
39616,0.03967121
39617,0.07804838
39618,0.026433183
39619,0.017553335
39620,0.055113815
39621,0.046119943
39622,0.011966394
39623,0.06597499
39624,0.060097024
39625,0.08343002
39626,0.043910164
39627,0.29655796
39628,0.066697
39629,0.15704016
39630,0.34177247
39631,0.10993279
39632,0.11372231
39633,0.06905537
39634,0.08682957
39635,0.067410015
39636,0.078919694
39637,0.04809765
39638,0.017409852
39639,0.25663137
39640,0.062533006
39641,0.07156744
39642,0.048339095
39643,0.062925905
39644,0.02426236
39645,0.018570924
39646,0.04994335
39647,0.49573743
39648,0.06830497
39649,0.045861527
39650,0.11384322
39651,0.961215
39652,0.101325214
39653,0.01843104
39654,0.11475412
39655,0.06748342
39656,0.26090676
39657,0.41246817
39658,0.066008165
39659,0.019226337
39660,0.053866837
39661,0.043019164
39662,0.08996366
39663,0.23451146
39664,0.042278603
39665,0.15248366
39666,0.07298051
39667,0.049712386
39668,0.01944829
39669,0.067043506
39670,0.07298491
39671,0.015354578
39672,0.13046534
39673,0.14246699
39674,0.2768042
39675,0.08799049
39676,0.032267682
39677,0.103021584
39678,0.16872856
39679,0.2584985
39680,0.060431916
39681,0.023757001
39682,0.0070712664
39683,0.053580258
39684,0.5300304
39685,0.04052568
39686,0.16028513
39687,0.4158383
39688,0.13230316
39689,0.013216964
39690,0.011285168
39691,0.04573948
39692,0.060140617
39693,0.4135064
39694,0.27590454
39695,0.12057278
39696,0.1042638
39697,0.14367026
39698,0.15349898
39699,0.121013604
39700,0.17848366
39701,0.25834456
39702,0.07323497
39703,0.03592991
39704,0.103709474
39705,0.046723213
39706,0.17129198
39707,0.88970685
39708,0.058431838
39709,0.26093522
39710,0.038800456
39711,0.19798112
39712,0.015971005
39713,0.044553816
39714,0.08965219
39715,0.018307103
39716,0.053809483
39717,0.56639814
39718,0.06965504
39719,0.08478521
39720,0.26934013
39721,0.14131434
39722,0.17998113
39723,0.26310387
39724,0.15093774
39725,0.026208624
39726,0.17168172
39727,0.12133317
39728,0.121654525
39729,0.991514
39730,0.43273014
39731,0.28406674
39732,0.021478726
39733,0.13299426
39734,0.05251285
39735,0.019747386
39736,0.014127854
39737,0.013057744
39738,0.05720303
39739,0.0094315205
39740,0.012039523
39741,0.03854339
39742,0.072621696
39743,0.11384879
39744,0.1031056
39745,0.1207467
39746,0.07806371
39747,0.13379185
39748,0.09996269
39749,0.082765095
39750,0.14858478
39751,0.01552494
39752,0.062221993
39753,0.9560015
39754,0.9966707
39755,0.60888565
39756,0.02136774
39757,0.01469451
39758,0.097844124
39759,0.49507293
39760,0.07817189
39761,0.0047850832
39762,0.055377558
39763,0.055975184
39764,0.057589877
39765,0.4892419
39766,0.018844757
39767,0.041529253
39768,0.116774395
39769,0.093731664
39770,0.052199826
39771,0.03929946
39772,0.35784903
39773,0.085982956
39774,0.12733966
39775,0.103551246
39776,0.10810288
39777,0.98519784
39778,0.905448
39779,0.38820642
39780,0.062035188
39781,0.01787752
39782,0.0084358165
39783,0.5228581
39784,0.08266851
39785,0.17827351
39786,0.038906284
39787,0.11441505
39788,0.020331454
39789,0.11506997
39790,0.116472624
39791,0.1473817
39792,0.15973176
39793,0.45328227
39794,0.6140341
39795,0.15456606
39796,0.15699786
39797,0.09294068
39798,0.07328429
39799,0.09543197
39800,0.04767748
39801,0.027326576
39802,0.022394009
39803,0.11852582
39804,0.14694329
39805,0.1148928
39806,0.023040066
39807,0.9159568
39808,1.0220704
39809,1.0151757
39810,0.059881732
39811,0.1454189
39812,0.011307407
39813,0.44653353
39814,0.021006158
39815,0.018358888
39816,0.016928406
39817,0.0543141
39818,0.11012195
39819,0.051389847
39820,0.42111897
39821,1.0024168
39822,0.08317633
39823,0.13197315
39824,0.10057644
39825,0.12700336
39826,0.0742219
39827,0.14519861
39828,0.12765975
39829,0.033907197
39830,0.08065584
39831,0.10168897
39832,0.111783616
39833,0.3074875
39834,0.27234071
39835,0.1330448
39836,0.07289212
39837,0.10382052
39838,0.06251085
39839,0.16737184
39840,0.026438653
39841,0.040503576
39842,0.061192974
39843,0.016833624
39844,0.019631162
39845,0.052022353
39846,0.046352476
39847,0.26041523
39848,0.623721
39849,0.1436558
39850,0.1453605
39851,0.115347914
39852,0.13789932
39853,0.15512015
39854,0.6166409
39855,0.06580005
39856,0.039661016
39857,0.15558317
39858,0.15423653
39859,0.27727345
39860,0.44595498
39861,0.19315597
39862,0.10290738
39863,0.9878317
39864,0.14383368
39865,0.0135093015
39866,0.23742492
39867,0.16620182
39868,0.019547222
39869,0.61488545
39870,0.067347646
39871,0.03952615
39872,0.043455724
39873,0.04941495
39874,0.16059554
39875,0.4496715
39876,0.28919268
39877,0.29527023
39878,0.29590127
39879,0.14490601
39880,0.15169464
39881,0.2518537
39882,0.022865985
39883,0.1515999
39884,0.08069506
39885,0.04682323
39886,0.53644216
39887,0.26932448
39888,0.5066737
39889,0.2674214
39890,0.077834785
39891,0.12171428
39892,0.08003617
39893,0.038939793
39894,0.018039096
39895,0.030501971
39896,0.053297155
39897,0.09123607
39898,0.11765861
39899,0.23005253
39900,0.45313048
39901,0.8168953
39902,0.44351813
39903,0.2993668
39904,0.5941643
39905,0.0828508
39906,0.06422841
39907,0.06529789
39908,0.13036841
39909,0.2733856
39910,0.06483565
39911,0.027063392
39912,0.050943285
39913,0.14974664
39914,0.04817331
39915,0.09243553
39916,0.01813516
39917,0.012788797
39918,0.03839641
39919,0.10565134
39920,0.052271735
39921,0.07182422
39922,0.27250805
39923,0.27421948
39924,0.340423
39925,0.6433618
39926,0.61541295
39927,0.28091377
39928,0.12296992
39929,0.037310824
39930,0.017911144
39931,0.043060906
39932,0.102667324
39933,0.025140883
39934,1.0276312
39935,0.04927619
39936,0.015948802
39937,0.06040145
39938,0.058225244
39939,0.33355883
39940,0.04382762
39941,0.0507358
39942,0.016585091
39943,0.039622918
39944,0.020818198
39945,0.014928584
39946,0.02989463
39947,0.092474736
39948,0.12181018
39949,0.6020931
39950,0.42258832
39951,0.40523744
39952,1.0462712
39953,0.4413553
39954,0.31507275
39955,0.14634013
39956,0.03017761
39957,0.03584477
39958,0.05021475
39959,0.055511963
39960,0.03529056
39961,0.05130512
39962,0.4458652
39963,0.099451356
39964,0.2616477
39965,0.030543396
39966,0.11404126
39967,0.13203974
39968,0.1390188
39969,0.16576895
39970,0.05778189
39971,0.0319335
39972,0.04379607
39973,0.13271473
39974,0.9901168
39975,0.38506925
39976,0.70063823
39977,0.3962038
39978,0.27067414
39979,0.15612133
39980,0.11213212
39981,0.02412504
39982,0.05564283
39983,0.03157548
39984,0.12025979
39985,0.10584643
39986,0.1764216
39987,0.02262222
39988,0.07066373
39989,0.29298535
39990,0.061224654
39991,0.10923345
39992,0.18011598
39993,0.040006198
39994,0.14289463
39995,0.14053907
39996,0.07274223
39997,0.13560289
39998,0.027669534
39999,0.105806954
40000,0.077880725
40001,0.04049773
40002,0.11387629
40003,0.11503323
40004,0.10490264
40005,0.009599084
40006,0.09939057
40007,0.03640995
40008,0.03910452
40009,0.124386854
40010,0.04101553
40011,0.056434583
40012,0.05403823
40013,0.18456085
40014,0.27734882
40015,0.6021516
40016,0.1608363
40017,0.014073327
40018,0.017199924
40019,0.023862218
40020,0.05254486
40021,0.05309204
40022,0.123943746
40023,0.012658831
40024,0.028360264
40025,0.027675427
40026,0.08423817
40027,0.099295504
40028,0.41569898
40029,0.017812407
40030,0.017625427
40031,0.06335454
40032,0.079073705
40033,0.10512684
40034,0.48378688
40035,0.15225127
40036,0.14921397
40037,0.034168094
40038,0.01600411
40039,0.066784844
40040,0.2515974
40041,0.048308924
40042,0.27925697
40043,0.036872424
40044,0.027831176
40045,0.14419447
40046,0.062294077
40047,0.047331385
40048,0.030045873
40049,0.06728746
40050,0.29223847
40051,0.02861253
40052,0.015548041
40053,0.025061065
40054,0.0383052
40055,0.059356645
40056,0.26435965
40057,0.058828507
40058,0.1735604
40059,0.095308654
40060,0.025039494
40061,0.012532531
40062,0.037570667
40063,0.050804254
40064,0.028833097
40065,0.29537755
40066,0.28332707
40067,0.020121934
40068,0.10233394
40069,0.048477132
40070,0.01153544
40071,0.41804856
40072,0.6701456
40073,0.1336584
40074,0.11693375
40075,0.014364719
40076,0.07523535
40077,0.05989122
40078,0.05772756
40079,0.09342174
40080,0.080289036
40081,0.112291284
40082,1.0272727
40083,0.072194815
40084,0.07261605
40085,0.07658481
40086,0.014002282
40087,0.029815754
40088,0.13829708
40089,0.46430755
40090,0.065147325
40091,0.16932769
40092,0.021830035
40093,0.12652978
40094,0.022703925
40095,0.08973458
40096,0.02903344
40097,0.007554864
40098,0.034330178
40099,0.052801285
40100,0.06913063
40101,0.028674876
40102,0.018943135
40103,0.076760925
40104,0.010270763
40105,0.17254956
40106,0.037239566
40107,0.030084984
40108,0.012503005
40109,0.030099312
40110,0.080206886
40111,0.10072693
40112,0.01580932
40113,0.04703858
40114,0.9981613
40115,0.047035597
40116,0.12638202
40117,0.03134844
40118,0.04485002
40119,0.016646918
40120,0.28071475
40121,0.022259912
40122,0.004174707
40123,0.0040290784
40124,0.0061899275
40125,0.13005865
40126,0.111648776
40127,0.3811425
40128,0.017153474
40129,0.015385433
40130,0.012032209
40131,0.034089807
40132,0.028304795
40133,0.1212129
40134,0.06323344
40135,-0.00022157459
40136,0.012792256
40137,0.0674976
40138,0.15827125
40139,0.11018991
40140,0.074366145
40141,0.07041635
40142,0.026581021
40143,0.056264613
40144,0.06706835
40145,0.1590626
40146,0.13924678
40147,0.015050316
40148,0.0102137765
40149,0.010810535
40150,0.01862335
40151,0.015743962
40152,0.010140775
40153,0.014200656
40154,0.012870005
40155,0.028625453
40156,0.07027453
40157,0.057935186
40158,0.101515375
40159,0.013699092
40160,0.15957625
40161,0.2966561
40162,0.007967472
40163,0.020267822
40164,0.012760584
40165,0.0035870152
40166,0.015433341
40167,0.026290698
40168,0.01735363
40169,0.04943937
40170,0.012780356
40171,0.05494839
40172,0.10674064
40173,0.023226174
40174,0.03886615
40175,0.012613115
40176,0.03168001
40177,0.016878085
40178,0.10206187
40179,0.44767308
40180,0.064197466
40181,0.0552911
40182,0.06949634
40183,0.0493346
40184,0.022703884
40185,0.009485897
40186,0.10296838
40187,0.017063979
40188,0.11610674
40189,0.1790637
40190,0.017997852
40191,0.023346893
40192,0.025795396
40193,0.03452814
40194,0.024164224
40195,0.012566875
40196,0.029513998
40197,0.00893761
40198,0.12018668
40199,0.084574044
40200,0.17006606
40201,0.012936545
40202,0.024284126
40203,0.024215566
40204,0.01563945
40205,0.043507565
40206,0.023428846
40207,0.034668874
40208,0.16303046
40209,0.24101695
40210,0.1102511
40211,0.018539734
40212,0.028772384
40213,0.001154187
40214,0.035827868
40215,-0.0039728303
40216,0.017572474
40217,-0.007905333
40218,0.008714153
40219,0.029569145
40220,0.015987054
40221,0.018451955
40222,0.034503892
40223,0.026382688
40224,0.070601754
40225,0.030059537
40226,0.030153392
40227,0.023880439
40228,0.30162966
40229,0.022887185
40230,0.20305383
40231,0.13991472
40232,0.14701097
40233,0.012291846
40234,0.15119618
40235,0.3759751
40236,0.019357132
40237,0.1010304
40238,0.053556133
40239,0.020226367
40240,0.010217175
40241,0.0074882116
40242,0.09196355
40243,0.81038177
40244,0.11266647
40245,0.04868014
40246,0.03686749
40247,0.14030336
40248,0.042219
40249,0.023252402
40250,0.03132538
40251,0.07348331
40252,0.11386426
40253,0.5598719
40254,0.47930223
40255,0.023449276
40256,0.06248097
40257,0.10646899
40258,0.2657233
40259,0.041996162
40260,0.04691538
40261,0.11423793
40262,0.03570381
40263,0.43120283
40264,0.15722722
40265,0.1447718
40266,0.57565415
40267,0.25910822
40268,0.022782791
40269,0.50876874
40270,0.067977875
40271,0.092734754
40272,0.04195293
40273,0.032777987
40274,0.11110818
40275,0.093124345
40276,0.1467142
40277,0.14783873
40278,0.026508229
40279,0.076707155
40280,0.3877415
40281,0.043298587
40282,0.052546978
40283,0.07428329
40284,0.02775009
40285,0.02999288
40286,0.07116982
40287,0.16389175
40288,0.1747832
40289,0.041626234
40290,0.29877374
40291,0.25341168
40292,0.09671929
40293,0.4913229
40294,0.42298913
40295,0.004324778
40296,0.07429731
40297,0.066466056
40298,0.021507425
40299,0.015952239
40300,0.004895517
40301,0.03521118
40302,0.07672518
40303,0.07495343
40304,0.09306965
40305,0.12679812
40306,0.42955956
40307,0.037886575
40308,0.05226475
40309,0.03219256
40310,0.39182827
40311,0.033709086
40312,0.08682506
40313,0.04159499
40314,0.030886125
40315,0.14657666
40316,0.55029905
40317,0.12578386
40318,0.013372478
40319,0.023959847
40320,0.053964116
40321,0.05500822
40322,0.014440392
40323,0.13404101
40324,0.16412276
40325,0.09708057
40326,0.09654225
40327,0.04101203
40328,0.034691285
40329,0.033893377
40330,0.037072007
40331,0.16563575
40332,0.06802165
40333,0.11801904
40334,0.02007421
40335,0.05098621
40336,0.03148731
40337,0.017651502
40338,0.013434175
40339,0.020490732
40340,0.041894816
40341,0.06303949
40342,0.4520716
40343,0.39113325
40344,0.03635299
40345,0.03894922
40346,0.03703361
40347,0.094800144
40348,0.0646093
40349,0.013795526
40350,0.057152882
40351,0.026668651
40352,0.2489313
40353,0.027543455
40354,0.025244048
40355,0.031588685
40356,0.06532541
40357,0.06693357
40358,0.15314429
40359,0.25407302
40360,0.24771522
40361,0.061302222
40362,0.049028233
40363,0.01951451
40364,0.051542494
40365,0.039418176
40366,0.27505958
40367,0.04615723
40368,0.624562
40369,0.09465112
40370,0.092917256
40371,0.049360044
40372,0.057735763
40373,0.021015935
40374,0.08615137
40375,0.09832585
40376,0.07853435
40377,0.12846434
40378,0.25644758
40379,0.43703958
40380,0.07149965
40381,0.02885868
40382,0.08938852
40383,0.014853186
40384,0.09610224
40385,0.049100824
40386,0.106367104
40387,0.047163643
40388,0.09612537
40389,0.031809874
40390,0.04968142
40391,0.028658008
40392,0.017291624
40393,0.13427116
40394,0.0092998305
40395,0.047993634
40396,0.02544987
40397,0.025429964
40398,0.03642888
40399,0.06315084
40400,0.074874684
40401,0.12230997
40402,0.122147694
40403,0.26657197
40404,0.15050602
40405,0.1586189
40406,0.014298925
40407,0.08883182
40408,0.045792226
40409,0.04056286
40410,0.07781985
40411,0.024563432
40412,0.050053254
40413,0.04865607
40414,0.045369938
40415,0.068589285
40416,0.027297694
40417,0.06442104
40418,0.08401189
40419,0.044165045
40420,0.18037762
40421,0.061401848
40422,0.16255333
40423,0.544168
40424,0.12188038
40425,0.11001381
40426,0.06754696
40427,0.08772599
40428,0.06616507
40429,0.08119705
40430,0.051096197
40431,0.018976273
40432,0.2761526
40433,0.072622515
40434,0.07093521
40435,0.05252684
40436,0.063553184
40437,0.021848416
40438,0.052241415
40439,0.2988166
40440,0.06935184
40441,0.043630105
40442,0.12079212
40443,0.9275549
40444,0.10080045
40445,0.018685222
40446,0.11914873
40447,0.06539523
40448,0.16614747
40449,0.2968441
40450,0.06143554
40451,0.016580557
40452,0.057385888
40453,0.04320334
40454,0.08899444
40455,0.2393854
40456,0.034899198
40457,0.15756173
40458,0.0795323
40459,0.056528702
40460,0.014117663
40461,0.017150182
40462,0.020825569
40463,0.065874636
40464,0.06965683
40465,0.01504069
40466,0.12828651
40467,0.15527123
40468,0.2911919
40469,0.08433509
40470,0.037560202
40471,0.086762495
40472,0.17135744
40473,0.2646034
40474,0.06264513
40475,0.047634315
40476,0.007238798
40477,0.042251285
40478,0.5341224
40479,0.03339045
40480,0.16015086
40481,0.40518135
40482,0.12606013
40483,0.046353985
40484,0.057785522
40485,0.27052245
40486,0.2703961
40487,0.122336194
40488,0.113582835
40489,0.14246449
40490,0.1468961
40491,0.12180342
40492,0.15806906
40493,0.26828465
40494,0.077793516
40495,0.041666158
40496,0.09656293
40497,0.052980803
40498,0.18650652
40499,0.99312294
40500,0.05361116
40501,0.26707995
40502,0.012721664
40503,0.041363493
40504,0.20091835
40505,0.04532805
40506,0.084393404
40507,0.019316804
40508,0.052810714
40509,0.5414312
40510,0.0637515
40511,0.08776977
40512,0.16068353
40513,0.14149079
40514,0.18775763
40515,0.264911
40516,0.1564494
40517,0.02352769
40518,0.16935906
40519,0.1141783
40520,0.118431546
40521,0.9721809
40522,0.44264027
40523,0.3024737
40524,0.021283273
40525,0.12329622
40526,0.008183824
40527,0.0526995
40528,0.016630903
40529,0.051791985
40530,0.009916035
40531,0.012234603
40532,0.04043273
40533,0.072222784
40534,0.12275425
40535,0.10055498
40536,0.11956454
40537,0.07631519
40538,0.12715085
40539,0.11166925
40540,0.022300232
40541,0.08862238
40542,0.2579788
40543,0.0634827
40544,1.025561
40545,0.95758945
40546,0.5849922
40547,0.021215554
40548,0.09715174
40549,0.47907707
40550,0.07951537
40551,0.0561884
40552,0.0074153426
40553,0.052240364
40554,0.06904608
40555,0.05385873
40556,0.015199166
40557,0.46088555
40558,0.019661421
40559,0.03995506
40560,0.11492088
40561,0.103572644
40562,0.052167624
40563,0.03796786
40564,0.17033717
40565,0.07940305
40566,0.12969051
40567,0.09542805
40568,0.09932617
40569,0.9637019
40570,1.0295916
40571,0.47393954
40572,0.06108091
40573,0.023208799
40574,0.007160602
40575,0.52104634
40576,0.07611207
40577,0.2735764
40578,0.042392362
40579,0.11258725
40580,0.11869496
40581,0.107749365
40582,0.13328493
40583,0.15690227
40584,0.4460944
40585,0.6188623
40586,0.15717302
40587,0.14509408
40588,0.097923726
40589,0.064978585
40590,0.094843775
40591,0.052561972
40592,0.023977188
40593,0.018780548
40594,0.12397848
40595,0.14136232
40596,0.05823735
40597,0.1117897
40598,0.022293553
40599,0.9066032
40600,1.0023938
40601,0.9805312
40602,0.05249046
40603,0.14069857
40604,0.009727757
40605,0.43583134
40606,0.023349483
40607,0.0174777
40608,0.05613797
40609,0.111874275
40610,0.052811828
40611,0.40104896
40612,1.0040289
40613,0.07306693
40614,0.13363531
40615,0.113080114
40616,0.13837425
40617,0.06298192
40618,0.15364705
40619,0.11876372
40620,0.029751362
40621,0.084150836
40622,0.110699736
40623,0.11443824
40624,0.05144514
40625,0.28111604
40626,0.17196442
40627,0.1221047
40628,0.07839597
40629,0.021385513
40630,0.09637156
40631,0.05968835
40632,0.17312782
40633,0.028858168
40634,0.036914527
40635,0.051660147
40636,0.01637459
40637,0.021248473
40638,0.046716347
40639,0.04372173
40640,0.25895944
40641,0.64416885
40642,0.15162402
40643,0.26580033
40644,0.10795937
40645,0.14353547
40646,0.13040367
40647,0.6578829
40648,0.061050408
40649,0.03704065
40650,0.02766089
40651,0.15787348
40652,0.14403754
40653,0.26727054
40654,0.44902846
40655,0.20062265
40656,0.10927117
40657,0.9814305
40658,0.1183929
40659,0.014255773
40660,0.12776704
40661,0.23446016
40662,0.018025054
40663,0.055197902
40664,0.5716548
40665,0.05822986
40666,0.038219184
40667,0.043265224
40668,0.050254166
40669,0.15646403
40670,0.45226935
40671,0.42257786
40672,0.30724835
40673,0.28341153
40674,0.13789524
40675,0.14880104
40676,0.24471909
40677,0.14731464
40678,0.0764733
40679,0.047722116
40680,0.4986407
40681,0.25369793
40682,0.052918013
40683,0.51561326
40684,0.2691716
40685,0.06987893
40686,0.12635632
40687,0.07966594
40688,0.038426198
40689,0.017980808
40690,0.029974606
40691,0.05360714
40692,0.096691206
40693,0.12125591
40694,0.12147058
40695,0.45347667
40696,0.70276356
40697,0.27877423
40698,0.29268909
40699,0.6102111
40700,0.093751155
40701,0.0162575
40702,0.0674608
40703,0.064630434
40704,0.1375684
40705,0.27443293
40706,0.055786442
40707,0.021179238
40708,0.054096386
40709,0.14467722
40710,0.046714045
40711,0.074047096
40712,0.01769028
40713,0.032081023
40714,0.018442035
40715,0.01893942
40716,0.014596613
40717,0.03368874
40718,0.10438532
40719,0.05860245
40720,0.082413524
40721,0.265241
40722,0.14206369
40723,0.40849093
40724,0.64817786
40725,0.6532339
40726,0.27576202
40727,0.1234867
40728,0.035567615
40729,0.016772294
40730,0.047446266
40731,0.10685816
40732,0.9982179
40733,0.04873597
40734,0.016055068
40735,0.055398107
40736,0.051942546
40737,0.2299824
40738,0.0400224
40739,0.05396766
40740,0.012250859
40741,0.040355
40742,0.029762266
40743,0.09183023
40744,0.114366755
40745,0.5957461
40746,0.40408206
40747,0.40461498
40748,1.0499692
40749,0.2735997
40750,0.32137802
40751,0.15261552
40752,0.026832161
40753,0.04959753
40754,0.054760978
40755,0.035596747
40756,0.050911132
40757,0.4484573
40758,0.10762059
40759,0.26194352
40760,0.031430814
40761,0.10985238
40762,0.12530114
40763,0.1457944
40764,0.15935417
40765,0.054581217
40766,0.029612737
40767,0.041078813
40768,0.1355623
40769,0.9932213
40770,0.40812686
40771,0.7815329
40772,0.35982072
40773,0.16276415
40774,0.14377537
40775,0.10506146
40776,0.020434488
40777,0.013794152
40778,0.023801684
40779,0.01025302
40780,0.05547585
40781,0.117276795
40782,0.088058814
40783,0.059977826
40784,0.17998122
40785,0.020820592
40786,0.07140713
40787,0.27891058
40788,0.055468686
40789,0.11099675
40790,0.18610518
40791,0.03731522
40792,0.008785098
40793,0.13806899
40794,0.15173014
40795,0.07344809
40796,0.13547556
40797,0.10429746
40798,0.075289965
40799,0.04914152
40800,0.11988571
40801,0.10499616
40802,0.046365894
40803,0.011439958
40804,0.10354167
40805,0.0107065225
40806,0.11042823
40807,0.0407488
40808,0.120457776
40809,0.042195328
40810,0.05718458
40811,0.055432696
40812,0.1819192
40813,0.28385472
40814,0.6977019
40815,0.15946077
40816,0.028129047
40817,0.06065272
40818,0.013075954
40819,0.05626479
40820,0.12634438
40821,0.011940772
40822,0.022047892
40823,0.015085487
40824,0.010282897
40825,0.026571104
40826,0.07955163
40827,0.098501906
40828,0.40781724
40829,0.015806463
40830,0.01944094
40831,0.057581704
40832,0.07310887
40833,0.086622685
40834,0.29329625
40835,0.29139453
40836,0.012351606
40837,0.2521686
40838,0.033310797
40839,0.014734578
40840,0.06258218
40841,0.24688257
40842,0.047280934
40843,0.1940553
40844,0.027540786
40845,0.14425236
40846,0.066039786
40847,0.044096064
40848,0.019645913
40849,0.027920322
40850,0.059129253
40851,0.16396837
40852,0.02762186
40853,0.020650124
40854,0.02355668
40855,0.039070673
40856,0.061717413
40857,0.26148024
40858,0.059126478
40859,0.26036415
40860,0.09725698
40861,0.028766647
40862,0.051525816
40863,0.024056625
40864,0.28092435
40865,0.017692745
40866,0.2876662
40867,0.017620204
40868,0.10048806
40869,0.05043849
40870,0.01153544
40871,0.4106581
40872,0.6674236
40873,0.12240328
40874,0.12355794
40875,0.014165615
40876,0.07669808
40877,0.053884964
40878,0.05593174
40879,0.09454712
40880,0.08211639
40881,0.11133052
40882,0.9669461
40883,0.088292964
40884,0.0110631455
40885,0.071268536
40886,0.07370723
40887,0.014997365
40888,0.035488844
40889,0.14208062
40890,0.33549035
40891,0.061644737
40892,0.1670707
40893,0.10942465
40894,0.02237516
40895,0.09132336
40896,0.028769368
40897,0.027906634
40898,0.052969314
40899,0.061928254
40900,0.02157768
40901,0.0697364
40902,0.013189032
40903,0.28041744
40904,0.03534602
40905,0.03190512
40906,0.012660821
40907,0.029445887
40908,0.07723715
40909,0.09385795
40910,0.01879968
40911,0.051597744
40912,1.0301197
40913,0.04974066
40914,0.12996016
40915,0.05021789
40916,0.033291347
40917,0.046059433
40918,0.042826075
40919,0.015148649
40920,0.0185962
40921,0.28967926
40922,0.025530525
40923,0.0050217975
40924,0.004366385
40925,0.13158661
40926,0.017787868
40927,0.11580999
40928,0.038549054
40929,0.043024994
40930,0.2802168
40931,0.022112196
40932,0.017096099
40933,0.017472511
40934,0.035487104
40935,0.029575104
40936,0.13296075
40937,0.06382591
40938,0.013294485
40939,0.012145175
40940,0.054404844
40941,0.15735444
40942,0.100145
40943,0.074611165
40944,0.054847296
40945,0.026624657
40946,0.044744227
40947,0.017161906
40948,0.06675498
40949,0.15762852
40950,0.1582706
40951,0.008776757
40952,0.028166415
40953,0.060702283
40954,0.055401634
40955,0.09230563
40956,0.012724197
40957,0.1604821
40958,0.29379517
40959,0.018442286
40960,0.020562913
40961,0.019270796
40962,0.023332117
40963,0.049291924
40964,0.024744408
40965,0.052782867
40966,0.012051671
40967,0.052356552
40968,0.104779504
40969,0.023047525
40970,0.037540354
40971,0.008081081
40972,0.034026287
40973,0.10599132
40974,0.28432462
40975,0.060426425
40976,0.05430725
40977,0.07298618
40978,0.042964682
40979,0.02361267
40980,0.008111101
40981,0.08940384
40982,0.014935881
40983,0.11134032
40984,0.0051644477
40985,0.17972718
40986,0.01600457
40987,0.03228231
40988,0.01176147
40989,0.010074031
40990,0.03305933
40991,0.11333653
40992,0.09322911
40993,0.16607173
40994,0.02611696
40995,0.04147693
40996,0.02653161
40997,0.034612913
40998,0.2963523
40999,0.25717396
41000,0.10166976
41001,0.034486394
41002,0.020519976
41003,-0.004073254
41004,0.041709743
41005,0.033529583
41006,0.01630767
41007,0.019235674
41008,0.14679314
41009,0.030540816
41010,0.017487569
41011,0.12277238
41012,0.13959906
41013,0.020005908
41014,0.013255279
41015,0.11752336
41016,0.20032525
41017,0.05381524
41018,0.10714687
41019,0.057904437
41020,0.009475496
41021,0.12687813
41022,0.05300333
41023,0.84146076
41024,0.11076355
41025,0.2770429
41026,0.059706707
41027,0.027729874
41028,0.025035938
41029,0.012350834
41030,0.11656797
41031,0.51886463
41032,0.46103993
41033,0.029587584
41034,0.05597591
41035,0.019713033
41036,0.12366375
41037,0.14192116
41038,0.040080607
41039,0.038909156
41040,0.06203962
41041,0.13603361
41042,0.28028283
41043,0.15427288
41044,0.13493751
41045,0.63428855
41046,0.25240114
41047,0.44340748
41048,0.061874427
41049,0.11899729
41050,0.051228303
41051,0.03337995
41052,0.09335953
41053,0.100870766
41054,0.13881165
41055,0.1497318
41056,0.028279524
41057,0.038385265
41058,0.08995702
41059,0.27025926
41060,0.046544965
41061,0.027439527
41062,0.06061699
41063,0.086432874
41064,0.03469168
41065,0.071618535
41066,0.13125141
41067,0.17884102
41068,0.035941087
41069,0.013416163
41070,0.16520686
41071,0.16032465
41072,0.08869232
41073,0.44454566
41074,0.43426657
41075,0.082095996
41076,0.06698435
41077,0.013899099
41078,0.036675226
41079,0.08038991
41080,0.10419961
41081,0.131592
41082,0.5050236
41083,0.04161068
41084,0.052777015
41085,0.026796188
41086,0.024196057
41087,0.03016049
41088,0.16758056
41089,0.037677523
41090,0.11486124
41091,0.041919384
41092,0.14462277
41093,0.5353531
41094,0.13479324
41095,0.017464131
41096,0.022315508
41097,0.060266793
41098,0.05442257
41099,0.13571559
41100,0.16772662
41101,0.105765015
41102,0.089718536
41103,0.0544118
41104,0.041863617
41105,0.033614628
41106,0.032745834
41107,0.037683126
41108,0.16893372
41109,0.07584111
41110,0.1154511
41111,0.015199257
41112,0.044599596
41113,0.033711012
41114,0.018613584
41115,0.016653676
41116,0.024666967
41117,0.045371316
41118,0.021882609
41119,0.05795633
41120,0.50954264
41121,0.39045048
41122,0.035340227
41123,0.033616904
41124,0.09370825
41125,0.0600104
41126,0.01577764
41127,0.0552456
41128,0.012761527
41129,0.025237951
41130,0.24898672
41131,0.031195434
41132,0.025337553
41133,0.036091395
41134,0.057753257
41135,0.07385113
41136,0.15445879
41137,0.26730952
41138,0.2367121
41139,0.0700112
41140,0.04527649
41141,0.018302275
41142,0.052938327
41143,0.03875996
41144,0.40566686
41145,0.04449449
41146,0.5658093
41147,0.109524876
41148,0.09923465
41149,0.04594576
41150,0.044463027
41151,0.058369525
41152,0.01736729
41153,0.02262382
41154,0.07239709
41155,0.037575066
41156,0.1013021
41157,0.064174354
41158,0.12139116
41159,0.1694192
41160,0.40734825
41161,0.072637305
41162,0.025470445
41163,0.08072177
41164,0.014568116
41165,0.03679917
41166,0.0988605
41167,0.05823155
41168,0.10701959
41169,0.052541338
41170,0.09850547
41171,0.03539772
41172,0.055679217
41173,0.0200755
41174,0.14222075
41175,0.055732176
41176,0.02390393
41177,0.026198467
41178,0.039602343
41179,0.06744794
41180,0.08482215
41181,0.12811199
41182,0.12455315
41183,0.25953
41184,0.15324272
41185,0.26302895
41186,0.013558551
41187,0.08893647
41188,0.05052407
41189,0.040787827
41190,0.08093438
41191,0.025440678
41192,0.019547602
41193,0.050598197
41194,0.04492342
41195,0.023960788
41196,0.06706424
41197,0.0076716985
41198,0.08262826
41199,0.04073076
41200,0.18621853
41201,0.072053716
41202,0.14715476
41203,0.5138698
41204,0.10975971
41205,0.11412773
41206,0.06875248
41207,0.08967281
41208,0.059213165
41209,0.07981525
41210,0.04636527
41211,0.009472158
41212,0.27563104
41213,0.06688022
41214,0.07310073
41215,0.050114803
41216,0.06303032
41217,0.021083301
41218,0.04638913
41219,0.18819179
41220,0.07271755
41221,0.045330875
41222,0.10781023
41223,0.9007825
41224,0.104774274
41225,0.014897787
41226,0.11634208
41227,0.066425085
41228,0.17255947
41229,0.28096175
41230,0.060747493
41231,0.018444741
41232,0.059611943
41233,0.057624575
41234,0.0946512
41235,0.1600156
41236,0.04169231
41237,0.23234265
41238,0.06602259
41239,0.063897826
41240,0.018028272
41241,0.01935563
41242,0.067197524
41243,0.07446417
41244,0.015295186
41245,0.12129176
41246,0.15094358
41247,0.18896954
41248,0.08245581
41249,0.038353324
41250,0.10881617
41251,0.14752948
41252,0.26849154
41253,0.063233376
41254,0.048203778
41255,0.007860664
41256,0.057470445
41257,0.49578798
41258,0.28427705
41259,0.40108916
41260,0.12961024
41261,0.01308399
41262,0.010587308
41263,0.046399184
41264,0.051715113
41265,0.42861688
41266,0.26865458
41267,0.11423041
41268,0.11161795
41269,0.13630107
41270,0.15759388
41271,0.13737203
41272,0.1709996
41273,0.27591336
41274,0.06469975
41275,0.03592991
41276,0.103976026
41277,0.050540224
41278,0.17425403
41279,0.9615803
41280,0.05432578
41281,0.4092347
41282,0.038420618
41283,0.19225721
41284,0.013241877
41285,0.05209706
41286,0.08611553
41287,0.0218659
41288,0.055772502
41289,0.5583105
41290,0.06804714
41291,0.08677121
41292,0.17158122
41293,0.16297044
41294,0.18533936
41295,0.27613717
41296,0.14886738
41297,0.023328904
41298,0.25232387
41299,0.12149209
41300,0.11087379
41301,0.9232234
41302,0.46010455
41303,0.30132192
41304,0.021035155
41305,0.23764795
41306,0.049455713
41307,0.023467619
41308,0.05890453
41309,0.040290833
41310,0.07343539
41311,0.11362194
41312,0.10407767
41313,0.11667947
41314,0.075965084
41315,0.12559962
41316,0.09597191
41317,0.02521248
41318,0.091166355
41319,0.3841184
41320,0.016192632
41321,0.06425015
41322,0.97873056
41323,1.0320421
41324,0.5386898
41325,0.09027241
41326,0.524606
41327,0.07151677
41328,0.052114703
41329,0.053684253
41330,0.061327238
41331,0.061843403
41332,0.012936219
41333,0.4550509
41334,0.02001786
41335,0.039794855
41336,0.114757575
41337,0.10528053
41338,0.04923366
41339,0.040842038
41340,0.16749632
41341,0.08160798
41342,0.022335926
41343,0.13608204
41344,0.10271737
41345,0.09454087
41346,0.9892318
41347,0.8888478
41348,0.54130626
41349,0.06317907
41350,0.01695114
41351,0.0076154144
41352,0.49523422
41353,0.06757609
41354,0.27629346
41355,0.043489162
41356,0.10526774
41357,0.0228488
41358,0.10236284
41359,0.11570265
41360,0.14318271
41361,0.16005006
41362,0.52869284
41363,0.62409693
41364,0.15373497
41365,0.15067042
41366,0.08888523
41367,0.06427556
41368,0.09489981
41369,0.048053928
41370,0.024748495
41371,0.019564671
41372,0.12664798
41373,0.14157303
41374,0.05609435
41375,0.10199842
41376,0.020744232
41377,0.96772796
41378,0.9958444
41379,0.93780214
41380,0.052663427
41381,0.14206296
41382,0.46667552
41383,0.018566854
41384,0.016281823
41385,0.057998303
41386,0.1098634
41387,0.051166624
41388,0.40395343
41389,0.996635
41390,0.07352681
41391,0.122317865
41392,0.123470284
41393,0.12517285
41394,0.06446368
41395,0.14583749
41396,0.10774994
41397,0.03690318
41398,0.0849131
41399,0.11012638
41400,0.11045985
41401,0.050966434
41402,0.26986697
41403,0.27841347
41404,0.13272075
41405,0.07512199
41406,0.10084955
41407,0.06374759
41408,0.27380118
41409,0.026565034
41410,0.036056753
41411,0.05395224
41412,0.013342965
41413,0.021095729
41414,0.052595604
41415,0.049844094
41416,0.26724702
41417,0.66355044
41418,0.13523898
41419,0.15146522
41420,0.12065574
41421,0.14568135
41422,0.13764977
41423,0.6863083
41424,0.066016525
41425,0.028777054
41426,0.15909018
41427,0.1469473
41428,0.28610015
41429,0.44902846
41430,0.26498583
41431,0.12459092
41432,1.0160828
41433,0.119135246
41434,0.014719563
41435,0.12182151
41436,0.15728447
41437,0.016082985
41438,0.049988728
41439,0.57411605
41440,0.055245765
41441,0.043952495
41442,0.043104395
41443,0.05269204
41444,0.15749545
41445,0.4502095
41446,0.27484268
41447,0.311667
41448,0.2847451
41449,0.14579804
41450,0.15078272
41451,0.24529102
41452,0.018771796
41453,0.15232623
41454,0.07939238
41455,0.04380821
41456,0.45031503
41457,0.2591525
41458,0.04750527
41459,0.2975689
41460,0.3997959
41461,0.06436775
41462,0.1328795
41463,0.08426314
41464,0.01871812
41465,0.034238663
41466,0.052615494
41467,0.09248102
41468,0.11609195
41469,0.12839335
41470,0.4538846
41471,0.77583176
41472,0.45676363
41473,0.17950335
41474,0.5665497
41475,0.08906029
41476,0.018449321
41477,0.06180904
41478,0.06547222
41479,0.13281627
41480,0.2733856
41481,0.058306646
41482,0.026951317
41483,0.059901647
41484,0.14315146
41485,0.044455193
41486,0.096983105
41487,0.01837584
41488,0.013093671
41489,0.03526641
41490,0.017656185
41491,0.017869923
41492,0.013823016
41493,0.03231647
41494,0.09524494
41495,0.06257498
41496,0.08048769
41497,0.27433163
41498,0.15098976
41499,0.36456805
41500,0.666859
41501,0.6265634
41502,0.17457773
41503,0.11403782
41504,0.05155566
41505,0.10116738
41506,0.013606414
41507,0.026989937
41508,1.0006382
41509,0.05042113
41510,0.06136946
41511,0.059227496
41512,0.2328749
41513,0.045554183
41514,0.01246718
41515,0.038710862
41516,0.014617129
41517,0.03119292
41518,0.095209815
41519,0.11709356
41520,0.5621338
41521,0.3970505
41522,0.29431102
41523,1.060787
41524,0.2766127
41525,0.30880418
41526,0.18737882
41527,0.032646693
41528,0.024440762
41529,0.031610295
41530,0.05353611
41531,0.049293805
41532,0.055296753
41533,0.43535087
41534,0.11800633
41535,0.3808848
41536,0.0285091
41537,0.11214081
41538,0.12826554
41539,0.14839515
41540,0.1539459
41541,0.052040543
41542,0.04405585
41543,0.13536514
41544,0.97427773
41545,0.4181766
41546,0.7612631
41547,0.39631373
41548,0.1562089
41549,0.14538068
41550,0.10194811
41551,0.026841892
41552,0.023217816
41553,0.010546716
41554,0.052465312
41555,0.13689762
41556,0.095142476
41557,0.053862106
41558,0.178533
41559,0.07821661
41560,0.29178315
41561,0.05321093
41562,0.01263853
41563,0.110293664
41564,0.17953849
41565,0.03746629
41566,0.0071148197
41567,0.23809147
41568,0.1525666
41569,0.06897477
41570,0.1455561
41571,0.09958561
41572,0.07675742
41573,0.047296964
41574,0.11241419
41575,0.105910175
41576,0.049232345
41577,0.00692351
41578,0.11655074
41579,0.009950323
41580,0.10478857
41581,0.041463684
41582,0.12569432
41583,0.04066717
41584,0.06505689
41585,0.009328557
41586,0.05776329
41587,0.181265
41588,0.2746786
41589,0.654441
41590,0.15766402
41591,0.015370768
41592,0.025779607
41593,0.06203397
41594,0.0116054285
41595,0.058403943
41596,0.13273378
41597,0.015369584
41598,0.011925017
41599,0.0189528
41600,0.011203831
41601,0.027055923
41602,0.07923005
41603,0.096611306
41604,0.41311473
41605,0.016046688
41606,0.017674416
41607,0.056256615
41608,0.07380491
41609,0.09441847
41610,0.42559454
41611,0.29832566
41612,0.010835717
41613,0.25453007
41614,0.035213932
41615,0.015410813
41616,0.07167195
41617,0.1511173
41618,0.046934158
41619,0.18841474
41620,0.012908407
41621,0.018079078
41622,0.027831176
41623,0.15375
41624,0.065286875
41625,0.044972744
41626,0.01930115
41627,0.029011518
41628,0.0665429
41629,0.27950767
41630,0.027796479
41631,0.009721805
41632,0.017213246
41633,0.023949873
41634,0.0604151
41635,0.28441373
41636,0.059897356
41637,0.2606111
41638,0.09548414
41639,0.011565662
41640,0.044080157
41641,0.04969666
41642,0.023291524
41643,0.47349665
41644,0.27703577
41645,0.018683625
41646,0.100994036
41647,0.052187797
41648,0.011621992
41649,0.31578004
41650,0.655732
41651,0.13086915
41652,0.10388639
41653,0.014163121
41654,0.07768291
41655,0.051402103
41656,0.05810374
41657,0.094564945
41658,0.082387745
41659,0.11193671
41660,0.9918797
41661,0.07639985
41662,0.07376805
41663,0.07175777
41664,0.14194034
41665,0.34097385
41666,0.064336166
41667,0.19474135
41668,0.11782808
41669,0.026136594
41670,0.08990475
41671,0.028921692
41672,0.032810096
41673,0.05510583
41674,0.070996694
41675,0.032196537
41676,0.07061086
41677,0.011596105
41678,0.29735386
41679,0.032774296
41680,0.034540743
41681,0.012736438
41682,0.031020854
41683,0.08209939
41684,0.093479276
41685,0.047537815
41686,0.9792226
41687,0.046436656
41688,0.12300291
41689,0.04736008
41690,0.037755758
41691,0.041988473
41692,0.040093586
41693,0.015606603
41694,0.016918944
41695,0.29800478
41696,0.020267254
41697,0.011449899
41698,0.14684436
41699,0.114091285
41700,0.03709016
41701,0.041109707
41702,0.27241236
41703,0.037568115
41704,0.029765356
41705,0.29152134
41706,0.06820908
41707,0.015389913
41708,0.015636295
41709,0.06388691
41710,0.16306281
41711,0.091878556
41712,0.07136731
41713,0.05915103
41714,0.03806981
41715,0.15358545
41716,0.24549419
41717,0.015963133
41718,0.009824149
41719,0.009380927
41720,0.01868521
41721,0.009304476
41722,0.010733591
41723,0.01364429
41724,0.029485617
41725,0.06620701
41726,0.053641975
41727,0.10640647
41728,0.1624113
41729,0.28982913
41730,0.022496184
41731,0.012069766
41732,0.017699385
41733,0.02012254
41734,0.0148787005
41735,0.028802995
41736,0.0032916747
41737,0.012116529
41738,0.009153647
41739,0.06642621
41740,0.026143666
41741,0.055350874
41742,0.013290436
41743,0.1018354
41744,0.035694234
41745,0.02915857
41746,0.10132583
41747,0.011015576
41748,0.29650754
41749,0.0652741
41750,0.05098006
41751,0.079080634
41752,0.04655251
41753,0.021452377
41754,0.08500276
41755,0.017300475
41756,0.12372337
41757,0.17136478
41758,0.018289778
41759,0.009640461
41760,0.032843724
41761,0.031190453
41762,0.012869406
41763,0.02554325
41764,0.021968028
41765,0.12559095
41766,0.079539075
41767,0.031893563
41768,0.17671111
41769,0.02203134
41770,0.01970978
41771,0.0409738
41772,0.03064701
41773,0.29555306
41774,0.15743643
41775,0.017016867
41776,0.11006433
41777,0.020632556
